Timestamp_ms;M3_PosTremie_DI;M3_PosPVP2_DI;M3_PosPV_DI;M3_PosP1_DI;M3_PosMaintenance_DI;M3_BrakeIsOpen_DI;M3_ActualFrequencyHz;M3_StatusWord;M3_SetpointFrequencyHz;M3_CommandWord;M3_ThermalOK_DI;TranslationM3.Safety.Error;TranslationM3.Safety.ErrorId;TranslationM3.State.Error;TranslationM3.State.ErrorId
37;0;1;1;1;1;0;0;129;0;0;1;0;0;1;1
137;0;1;1;1;1;0;0;129;0;0;1;0;0;1;1
237;0;1;1;1;1;0;0;129;0;0;1;0;0;1;1
337;0;1;1;1;1;0;0;129;0;0;1;0;0;1;1
437;0;1;1;1;1;0;0;129;0;0;1;0;0;1;1
537;0;1;1;1;1;0;0;129;0;0;1;0;0;1;1
637;0;1;1;1;1;0;0;129;0;0;1;0;0;1;1
737;0;1;1;1;1;0;0;129;0;0;1;0;0;1;1
837;0;1;1;1;1;0;0;129;0;0;1;0;0;1;1
937;0;1;1;1;1;0;0;129;0;0;1;0;0;1;1
1037;0;1;1;1;1;0;0;129;0;0;1;0;0;1;1
1137;0;1;1;1;1;0;0;129;0;0;1;0;0;1;1
1237;0;1;1;1;1;0;0;129;0;0;1;0;0;1;1
1337;0;1;1;1;1;0;0;129;0;0;1;0;0;1;1
1437;0;1;1;1;1;0;0;129;0;0;1;0;0;1;1
1537;0;1;1;1;1;0;0;129;0;0;1;0;0;1;1
1637;0;1;1;1;1;0;0;129;0;0;1;0;0;1;1
1737;0;1;1;1;1;0;0;129;0;0;1;0;0;1;1
1837;0;1;1;1;1;0;0;129;0;0;1;0;0;1;1
1937;0;1;1;1;1;0;0;129;0;0;1;0;0;1;1
2037;0;1;1;1;1;0;0;129;0;0;1;0;0;1;1
2137;0;1;1;1;1;0;0;129;0;0;1;0;0;1;1
2237;0;1;1;1;1;0;0;129;0;0;1;0;0;1;1
2337;0;1;1;1;1;0;0;129;0;0;1;0;0;1;1
2437;0;1;1;1;1;0;0;129;0;0;1;0;0;1;1
2537;0;1;1;1;1;0;0;129;0;0;1;0;0;1;1
2637;0;1;1;1;1;0;0;129;0;0;1;0;0;1;1
2737;0;1;1;1;1;0;0;129;0;0;1;0;0;1;1
2837;0;1;1;1;1;0;0;129;0;0;1;0;0;1;1
2937;0;1;1;1;1;0;0;129;0;0;1;0;0;1;1
3037;0;1;1;1;1;0;0;129;0;0;1;0;0;1;1
3137;0;1;1;1;1;0;0;129;0;0;1;0;0;1;1
3237;0;1;1;1;1;0;0;129;0;0;1;0;0;1;1
3338;0;1;1;1;1;0;0;129;0;0;1;0;0;1;1
3437;0;1;1;1;1;0;0;129;0;0;1;0;0;1;1
3537;0;1;1;1;1;0;0;129;0;0;1;0;0;1;1
3637;0;1;1;1;1;0;0;129;0;0;1;0;0;1;1
3737;0;1;1;1;1;0;0;129;0;0;1;0;0;1;1
3837;0;1;1;1;1;0;0;129;0;0;1;0;0;1;1
3937;0;1;1;1;1;0;0;129;0;0;1;0;0;1;1
4037;0;1;1;1;1;0;0;129;0;0;1;0;0;1;1
4137;0;1;1;1;1;0;0;129;0;0;1;0;0;1;1
4237;0;1;1;1;1;0;0;129;0;0;1;0;0;1;1
4337;0;1;1;1;1;0;0;129;0;0;1;0;0;1;1
4437;0;1;1;1;1;0;0;129;0;0;1;0;0;1;1
4537;0;1;1;1;1;0;0;129;0;0;1;0;0;1;1
4637;0;1;1;1;1;0;0;129;0;0;1;0;0;1;1
4737;0;1;1;1;1;0;0;129;0;0;1;0;0;1;1
4837;0;1;1;1;1;0;0;129;0;0;1;0;0;1;1
4937;0;1;1;1;1;0;0;129;0;0;1;0;0;1;1
5037;0;1;1;1;1;0;0;129;0;0;1;0;0;1;1
5137;0;1;1;1;1;0;0;129;0;0;1;0;0;1;1
5237;0;1;1;1;1;0;0;129;0;0;1;0;0;1;1
5337;0;1;1;1;1;0;0;129;0;0;1;0;0;1;1
5437;0;1;1;1;1;0;0;129;0;0;1;0;0;1;1
5537;0;1;1;1;1;0;0;129;0;0;1;0;0;1;1
5638;0;1;1;1;1;0;0;129;0;0;1;0;0;1;1
5737;0;1;1;1;1;0;0;129;0;0;1;0;0;1;1
5837;0;1;1;1;1;0;0;129;0;0;1;0;0;1;1
5937;0;1;1;1;1;0;0;129;0;0;1;0;0;1;1
6037;0;1;1;1;1;0;0;129;0;0;1;0;0;1;1
6137;0;1;1;1;1;0;0;129;0;0;1;0;0;1;1
6237;0;1;1;1;1;0;0;129;0;0;1;0;0;1;1
6337;0;1;1;1;1;0;0;129;0;0;1;0;0;1;1
6437;0;1;1;1;1;0;0;129;0;0;1;0;0;1;1
6537;0;1;1;1;1;0;0;129;0;0;1;0;0;1;1
6637;0;1;1;1;1;0;0;129;0;0;1;0;0;1;1
6737;0;1;1;1;1;0;0;129;0;0;1;0;0;1;1
6837;0;1;1;1;1;0;0;129;0;0;1;0;0;1;1
6937;0;1;1;1;1;0;0;129;0;0;1;0;0;1;1
7037;0;1;1;1;1;0;0;129;0;0;1;0;0;1;1
7137;0;1;1;1;1;0;0;129;0;0;1;0;0;1;1
7237;0;1;1;1;1;0;0;129;0;0;1;0;0;1;1
7337;0;1;1;1;1;0;0;129;0;0;1;0;0;1;1
7437;0;1;1;1;1;0;0;129;0;0;1;0;0;1;1
7537;0;1;1;1;1;0;0;129;0;0;1;0;0;1;1
7637;0;1;1;1;1;0;0;129;0;0;1;0;0;1;1
7737;0;1;1;1;1;0;0;129;0;0;1;0;0;1;1
7838;0;1;1;1;1;0;0;129;0;0;1;0;0;1;1
7937;0;1;1;1;1;0;0;129;0;0;1;0;0;1;1
8037;0;1;1;1;1;0;0;129;0;0;1;0;0;1;1
8137;0;1;1;1;1;0;0;129;0;0;1;0;0;1;1
8290;0;1;1;1;1;0;0;129;0;0;1;0;0;1;1
8337;0;1;1;1;1;0;0;129;0;0;1;0;0;1;1
8462;0;1;1;1;1;0;0;129;0;0;1;0;0;1;1
8564;0;1;1;1;1;0;0;129;0;0;1;0;0;1;1
8652;0;1;1;1;1;0;0;129;0;0;1;0;0;1;1
8752;0;1;1;1;1;0;0;129;0;0;1;0;0;1;1
8853;0;1;1;1;1;0;0;129;0;0;1;0;0;1;1
8962;0;1;1;1;1;0;0;129;0;0;1;0;0;1;1
9062;0;1;1;1;1;0;0;129;0;0;1;0;0;1;1
9155;0;1;1;1;1;0;0;129;0;0;1;0;0;1;1
9253;0;1;1;1;1;0;0;129;0;0;1;0;0;1;1
9363;0;1;1;1;1;0;0;129;0;0;1;0;0;1;1
9458;0;1;1;1;1;0;0;129;0;0;1;0;0;1;1
9564;0;1;1;1;1;0;0;129;0;0;1;0;0;1;1
9654;0;1;1;1;1;0;0;129;0;0;1;0;0;1;1
9764;0;1;1;1;1;0;0;129;0;0;1;0;0;1;1
9866;0;1;1;1;1;0;0;129;0;0;1;0;0;1;1
9965;0;1;1;1;1;0;0;129;0;0;1;0;0;1;1
10052;0;1;1;1;1;0;0;129;0;0;1;0;0;1;1
10153;0;1;1;1;1;0;0;129;0;0;1;0;0;1;1
10261;0;1;1;1;1;0;0;129;0;0;1;0;0;1;1
10363;0;1;1;1;1;0;0;129;0;0;1;0;0;1;1
10463;0;1;1;1;1;0;0;129;0;0;1;0;0;1;1
10565;0;1;1;1;1;0;0;129;0;0;1;0;0;1;1
10654;0;1;1;1;1;0;0;129;0;0;1;0;0;1;1
10754;0;1;1;1;1;0;0;129;0;0;1;0;0;1;1
10854;0;1;1;1;1;0;0;129;0;0;1;0;0;1;1
10956;0;1;1;1;1;0;0;129;0;0;1;0;0;0;0
11052;0;1;1;1;1;0;0;129;0;0;1;0;0;0;0
11154;0;1;1;1;1;0;0;129;0;0;1;0;0;0;0
11256;0;1;1;1;1;0;0;129;0;0;1;0;0;0;0
11357;0;1;1;1;1;0;0;129;0;0;1;0;0;0;0
11458;0;1;1;1;1;0;0;129;0;0;1;0;0;0;0
11558;0;1;1;1;1;1;0;139;618;2;1;0;0;0;0
11652;0;1;1;1;1;1;45;139;800;2;1;0;0;0;0
11753;0;1;1;1;1;1;266;139;1000;2;1;0;0;0;0
11853;0;1;1;1;1;1;542;139;1200;2;1;0;0;0;0
11952;0;1;1;1;1;1;878;137;1400;2;1;0;0;0;0
12037;0;1;1;1;1;1;1123;139;1578;2;1;0;0;0;0
12152;0;1;1;1;1;1;1421;139;1800;2;1;0;0;0;0
12237;1;1;1;1;1;1;1629;139;1978;2;1;0;0;0;0
12354;1;1;1;1;1;1;1863;139;2200;2;1;0;0;0;0
12437;0;1;1;1;1;1;2085;139;2378;2;1;0;0;0;0
12553;0;1;1;1;1;1;2298;139;2600;2;1;0;0;0;0
12665;0;1;1;1;1;1;2510;139;2820;2;1;0;0;0;0
12763;0;1;1;1;1;1;2721;139;3018;2;1;0;0;0;0
12868;0;1;1;1;1;1;2933;139;3238;2;1;0;0;0;0
12954;0;1;1;1;1;1;3103;139;3398;2;1;0;0;0;0
13068;0;1;1;1;1;1;3354;139;3640;2;1;0;0;0;0
13169;0;1;1;1;1;1;3521;139;3840;2;1;0;0;0;0
13254;0;1;1;1;1;1;3689;139;3998;2;1;0;0;0;0
13352;0;1;1;1;1;1;3896;139;4000;2;1;0;0;0;0
13454;0;1;1;1;1;1;3999;137;4000;2;1;0;0;0;0
13553;0;1;1;1;1;1;4000;137;4000;2;1;0;0;0;0
13653;0;1;1;1;1;1;4000;137;4000;2;1;0;0;0;0
13753;0;1;1;1;1;1;4000;137;4000;2;1;0;0;0;0
13854;0;1;1;1;1;1;4000;137;4000;2;1;0;0;0;0
13954;0;1;1;1;1;1;4000;137;4000;2;1;0;0;0;0
14054;0;1;1;1;1;1;3999;137;4000;2;1;0;0;0;0
14155;0;1;1;1;1;1;3999;139;3896;2;1;0;0;0;0
14253;0;1;1;1;1;1;3975;141;3782;2;1;0;0;0;0
14354;0;1;1;1;1;1;3840;141;3774;2;1;0;0;0;0
14458;0;1;1;1;1;1;3768;141;3499;2;1;0;0;0;0
14566;0;1;1;1;1;1;3626;141;3249;2;1;0;0;0;0
14669;0;1;1;1;1;1;3398;141;0;0;1;0;0;0;0
14764;0;1;1;1;1;1;3197;141;0;0;1;0;0;0;0
14864;0;1;0;1;1;1;2932;141;0;0;1;0;0;0;0
14965;0;1;1;1;1;1;2706;141;0;0;1;0;0;0;0
15064;0;1;0;1;1;1;2466;141;0;0;1;0;0;0;0
15152;0;1;0;1;1;1;2200;141;0;0;1;0;0;0;0
15266;0;1;0;1;1;1;1937;141;0;0;1;0;0;0;0
15362;0;1;0;1;1;1;1675;141;0;0;1;0;0;0;0
15453;0;1;0;1;1;1;1465;141;0;0;1;0;0;0;0
15562;0;1;0;1;1;1;1202;141;0;0;1;0;0;0;0
15654;0;1;0;1;1;1;992;141;0;0;1;0;0;0;0
15751;0;1;0;1;1;1;727;141;0;0;1;0;0;0;0
15868;0;1;0;1;1;1;414;141;0;0;1;0;0;0;0
15963;0;1;0;1;1;1;207;141;0;0;1;0;0;0;0
16037;0;1;0;1;1;1;60;141;0;0;1;0;0;0;0
16163;0;1;0;1;1;0;0;137;0;0;1;0;0;0;0
16251;0;1;0;1;1;0;0;137;0;0;1;0;0;0;0
16365;0;1;0;1;1;0;0;137;0;0;1;0;0;0;0
16462;0;1;0;1;1;0;0;137;0;0;1;0;0;0;0
16566;0;1;0;1;1;0;0;137;0;0;1;0;0;0;0
16664;0;1;0;1;1;0;0;137;0;0;1;0;0;0;0
16752;0;1;0;1;1;0;0;137;0;0;1;0;0;0;0
16852;0;1;0;1;1;0;0;137;0;0;1;0;0;0;0
16954;0;1;0;1;1;0;0;137;0;0;1;0;0;0;0
17064;0;1;0;1;1;0;0;137;0;0;1;0;0;0;0
17169;0;1;0;1;1;0;0;137;0;0;1;0;0;0;0
17266;0;1;0;1;1;1;0;131;620;1;1;0;0;0;0
17364;0;1;0;1;1;1;49;131;800;1;1;0;0;0;0
17466;0;1;0;1;1;1;276;131;1000;1;1;0;0;0;0
17564;0;1;0;1;1;1;553;131;1200;1;1;0;0;0;0
17663;0;1;0;1;1;1;901;131;1400;1;1;0;0;0;0
17753;0;1;0;1;1;1;1208;131;1580;1;1;0;0;0;0
17865;0;1;0;1;1;1;1469;131;1800;1;1;0;0;0;0
17953;0;1;0;1;1;1;1657;131;1980;1;1;0;0;0;0
18064;0;1;0;1;1;1;1879;131;2200;1;1;0;0;0;0
18163;0;1;0;1;1;1;2094;131;2400;1;1;0;0;0;0
18264;0;1;0;1;1;1;2306;131;2600;1;1;0;0;0;0
18362;0;1;0;1;1;1;2516;131;2800;1;1;0;0;0;0
18454;0;1;1;1;1;1;2684;131;1000;1;1;0;0;0;0
18552;0;1;1;1;1;1;2816;133;1000;1;1;0;0;0;0
18653;0;1;1;1;1;1;2829;133;1000;1;1;0;0;0;0
18737;0;1;1;1;1;1;2749;133;1000;1;1;0;0;0;0
18837;0;1;1;1;1;1;2545;133;1000;1;1;0;0;0;0
18952;0;1;1;1;1;1;2273;133;1000;1;1;0;0;0;0
19037;0;1;1;1;1;1;2067;133;1000;1;1;0;0;0;0
19153;0;1;1;1;1;1;1800;133;1000;1;1;0;0;0;0
19268;0;1;1;1;1;1;1485;133;1000;1;1;0;0;0;0
19364;0;1;1;1;1;1;1275;133;1000;1;1;0;0;0;0
19453;0;1;1;1;1;1;1099;133;1000;1;1;0;0;0;0
19553;0;1;1;1;1;1;1002;129;1000;1;1;0;0;0;0
19657;0;1;1;1;1;1;1000;129;1000;1;1;0;0;0;0
19753;0;1;1;1;1;1;1000;129;1000;1;1;0;0;0;0
19866;0;1;1;1;1;1;1000;129;1000;1;1;0;0;0;0
19962;0;1;1;1;1;1;1000;129;1000;1;1;0;0;0;0
20064;0;1;1;1;1;1;1000;129;1000;1;1;0;0;0;0
20165;0;1;1;1;1;1;1000;129;1000;1;1;0;0;0;0
20265;0;1;1;1;1;1;1000;129;1000;1;1;0;0;0;0
20354;0;1;1;1;1;1;1000;129;1000;1;1;0;0;0;0
20462;0;1;1;1;1;1;1000;129;1000;1;1;0;0;0;0
20552;0;1;1;1;1;1;1000;129;1000;1;1;0;0;0;0
20652;0;1;1;1;1;1;1000;129;1000;1;1;0;0;0;0
20752;0;1;1;1;1;1;1000;129;1000;1;1;0;0;0;0
20852;0;1;1;1;1;1;1000;129;1000;1;1;0;0;0;0
20937;0;1;1;1;1;1;1000;129;1000;1;1;0;0;0;0
21052;0;1;1;1;1;1;1000;129;1000;1;1;0;0;0;0
21137;0;1;1;1;1;1;1000;129;1000;1;1;0;0;0;0
21252;0;1;1;1;1;1;1000;129;1000;1;1;0;0;0;0
21337;0;1;1;1;1;1;1000;129;1000;1;1;0;0;0;0
21453;0;1;1;1;1;1;1000;129;1000;1;1;0;0;0;0
21564;0;1;1;1;1;1;1000;129;1000;1;1;0;0;0;0
21653;0;1;1;1;1;1;1000;129;1000;1;1;0;0;0;0
21762;0;1;1;1;1;1;1000;129;1000;1;1;0;0;0;0
21864;0;1;1;1;1;1;1000;129;1000;1;1;0;0;0;0
21965;0;1;1;1;1;1;1000;129;1000;1;1;0;0;0;0
22053;0;1;1;1;1;1;1000;129;1000;1;1;0;0;0;0
22152;0;1;1;1;1;1;1000;129;1000;1;1;0;0;0;0
22252;0;1;1;1;1;1;1000;129;1000;1;1;0;0;0;0
22352;0;1;1;1;1;1;1000;129;1000;1;1;0;0;0;0
22437;0;1;1;1;1;1;1000;129;1000;1;1;0;0;0;0
22551;0;1;1;1;1;1;1000;129;1000;1;1;0;0;0;0
22637;0;1;1;1;1;1;1000;129;1000;1;1;0;0;0;0
22752;0;1;1;1;1;1;1000;129;1000;1;1;0;0;0;0
22837;0;1;1;1;1;1;1000;129;1000;1;1;0;0;0;0
22952;0;1;1;1;1;1;1000;129;1000;1;1;0;0;0;0
23038;0;1;1;1;1;1;1000;129;1000;1;1;0;0;0;0
23152;0;1;1;1;1;1;1000;129;1000;1;1;0;0;0;0
23237;0;1;1;1;1;1;1000;129;1000;1;1;0;0;0;0
23352;0;1;1;1;1;1;1000;129;1000;1;1;0;0;0;0
23466;0;1;1;1;1;1;1000;129;1000;1;1;0;0;0;0
23562;0;1;1;1;1;1;1000;129;1000;1;1;0;0;0;0
23652;0;1;1;1;1;1;1000;129;1000;1;1;0;0;0;0
23766;0;1;1;1;1;1;1000;129;1000;1;1;0;0;0;0
23852;0;1;1;1;1;1;1000;129;1000;1;1;0;0;0;0
23952;0;1;1;1;1;1;1000;129;1000;1;1;0;0;0;0
24052;0;1;1;1;1;1;1000;129;1000;1;1;0;0;0;0
24152;0;1;1;1;1;1;1000;129;1000;1;1;0;0;0;0
24252;0;1;1;1;1;1;1000;129;1000;1;1;0;0;0;0
24337;0;1;1;1;1;1;1000;129;1000;1;1;0;0;0;0
24437;0;1;1;1;1;1;1000;129;1000;1;1;0;0;0;0
24553;0;1;1;1;1;1;1000;129;1000;1;1;0;0;0;0
24637;0;1;1;1;1;1;1000;129;1000;1;1;0;0;0;0
24752;0;1;1;1;1;1;1000;129;1000;1;1;0;0;0;0
24837;0;1;1;1;1;1;1000;129;1000;1;1;0;0;0;0
24956;0;1;1;1;1;1;1000;129;1000;1;1;0;0;0;0
25037;0;1;1;1;1;1;1000;129;1000;1;1;0;0;0;0
25155;0;1;1;1;1;1;1000;129;1000;1;1;0;0;0;0
25237;0;1;1;1;1;1;1000;129;1000;1;1;0;0;0;0
25354;0;1;1;1;1;1;1000;129;1000;1;1;0;0;0;0
25437;0;1;1;1;1;1;1000;129;1000;1;1;0;0;0;0
25552;0;1;1;1;1;1;1000;129;1000;1;1;0;0;0;0
25637;0;1;1;1;1;1;1000;129;1000;1;1;0;0;0;0
25752;0;1;1;1;1;1;1000;129;1000;1;1;0;0;0;0
25837;0;1;1;1;1;1;1000;129;1000;1;1;0;0;0;0
25952;0;1;1;1;1;1;1000;129;1000;1;1;0;0;0;0
26037;0;1;1;1;1;1;1000;129;1000;1;1;0;0;0;0
26151;0;1;1;1;1;1;1000;129;1000;1;1;0;0;0;0
26237;0;1;1;1;1;1;1000;129;1000;1;1;0;0;0;0
26353;0;1;1;1;1;1;1000;129;1000;1;1;0;0;0;0
26438;1;1;1;1;1;0;1000;133;0;0;1;0;0;1;64
26553;0;1;1;1;1;0;913;133;0;0;1;0;0;1;64
26637;0;1;1;1;1;0;746;133;0;0;1;0;0;1;64
26752;0;1;1;1;1;0;484;133;0;0;1;0;0;1;65
26857;0;1;1;1;1;0;223;133;0;0;1;0;0;1;65
26953;0;1;1;1;1;0;68;133;0;0;1;0;0;1;65
27056;0;1;1;1;1;0;0;129;0;0;1;0;0;1;65
27154;0;1;1;1;1;0;0;129;0;0;1;0;0;1;65
27254;0;1;1;1;1;0;0;129;0;0;1;0;0;1;1
27337;0;1;1;1;1;0;0;129;0;0;1;0;0;1;1
27453;0;1;1;1;1;0;0;129;0;0;1;0;0;1;1
27537;0;1;1;1;1;0;0;129;0;0;1;0;0;1;1
27654;0;1;1;1;1;0;0;129;0;0;1;0;0;1;1
27737;0;1;1;1;1;0;0;129;0;0;1;0;0;1;1
27853;0;1;1;1;1;0;0;129;0;0;1;0;0;1;1
27937;0;1;1;1;1;0;0;129;0;0;1;0;0;1;1
28051;0;1;1;1;1;0;0;129;0;0;1;0;0;1;1
28154;0;1;1;1;1;0;0;129;0;0;1;0;0;1;1
28254;0;1;1;1;1;0;0;129;0;0;1;0;0;1;1
28365;0;1;1;1;1;0;0;129;0;0;1;0;0;1;1
28453;0;1;1;1;1;0;0;129;0;0;1;0;0;1;1
28554;0;1;1;1;1;0;0;129;0;0;1;0;0;1;1
28654;0;1;1;1;1;0;0;129;0;0;1;0;0;1;1
28756;0;1;1;1;1;0;0;129;0;0;1;0;0;1;1
28852;0;1;1;1;1;0;0;129;0;0;1;0;0;1;1
28956;0;1;1;1;1;0;0;129;0;0;1;0;0;1;1
29053;0;1;1;1;1;0;0;129;0;0;1;0;0;1;1
29153;0;1;1;1;1;0;0;129;0;0;1;0;0;1;1
29262;0;1;1;1;1;0;0;129;0;0;1;0;0;1;1
29370;0;1;1;1;1;0;0;129;0;0;1;0;0;1;1
29451;0;1;1;1;1;0;0;129;0;0;1;0;0;1;1
29552;0;1;1;1;1;0;0;129;0;0;1;0;0;1;1
29651;0;1;1;1;1;0;0;129;0;0;1;0;0;1;1
29737;0;1;1;1;1;0;0;129;0;0;1;0;0;1;1
29837;0;1;1;1;1;0;0;129;0;0;1;0;0;1;1
29963;0;1;1;1;1;0;0;129;0;0;1;0;0;1;1
30065;0;1;1;1;1;0;0;129;0;0;1;0;0;1;1
30162;0;1;1;1;1;0;0;129;0;0;1;0;0;1;1
30265;0;1;1;1;1;0;0;129;0;0;1;0;0;1;1
30365;0;1;1;1;1;0;0;129;0;0;1;0;0;1;1
30464;0;1;1;1;1;0;0;129;0;0;1;0;0;1;1
30561;0;1;1;1;1;0;0;129;0;0;1;0;0;1;1
30670;0;1;1;1;1;0;0;129;0;0;1;0;0;1;1
30753;0;1;1;1;1;0;0;129;0;0;1;0;0;1;1
30852;0;1;1;1;1;0;0;129;0;0;1;0;0;1;1
30953;0;1;1;1;1;0;0;129;0;0;1;0;0;1;1
31037;0;1;1;1;1;0;0;129;0;0;1;0;0;1;1
31137;0;1;1;1;1;0;0;129;0;0;1;0;0;1;1
31252;0;1;1;1;1;0;0;129;0;0;1;0;0;1;1
31337;0;1;1;1;1;0;0;129;0;0;1;0;0;1;1
31451;0;1;1;1;1;0;0;129;0;0;1;0;0;1;1
31537;0;1;1;1;1;0;0;129;0;0;1;0;0;1;1
31651;0;1;1;1;1;0;0;129;0;0;1;0;0;1;1
31764;0;1;1;1;1;0;0;129;0;0;1;0;0;1;1
31864;0;1;1;1;1;0;0;129;0;0;1;0;0;1;1
31965;0;1;1;1;1;0;0;129;0;0;1;0;0;1;1
32070;0;1;1;1;1;0;0;129;0;0;1;0;0;1;1
32153;0;1;1;1;1;0;0;129;0;0;1;0;0;1;1
32251;0;1;1;1;1;0;0;129;0;0;1;0;0;1;1
32351;0;1;1;1;1;0;0;129;0;0;1;0;0;1;1
32437;0;1;1;1;1;0;0;129;0;0;1;0;0;1;1
32537;0;1;1;1;1;0;0;129;0;0;1;0;0;1;1
32652;0;1;1;1;1;0;0;129;0;0;1;0;0;1;1
32738;0;1;1;1;1;0;0;129;0;0;1;0;0;1;1
32851;0;1;1;1;1;0;0;129;0;0;1;0;0;1;1
32937;0;1;1;1;1;0;0;129;0;0;1;0;0;1;1
33051;0;1;1;1;1;0;0;129;0;0;1;0;0;1;1
33137;0;1;1;1;1;0;0;129;0;0;1;0;0;1;1
33252;0;1;1;1;1;0;0;129;0;0;1;0;0;1;1
33337;0;1;1;1;1;0;0;129;0;0;1;0;0;1;1
33437;0;1;1;1;1;0;0;129;0;0;1;0;0;1;1
33537;0;1;1;1;1;0;0;129;0;0;1;0;0;1;1
33637;0;1;1;1;1;0;0;129;0;0;1;0;0;1;1
33737;0;1;1;1;1;0;0;129;0;0;1;0;0;1;1
33837;0;1;1;1;1;0;0;129;0;0;1;0;0;1;1
33937;0;1;1;1;1;0;0;129;0;0;1;0;0;1;1
34038;0;1;1;1;1;0;0;129;0;0;1;0;0;1;1
34137;0;1;1;1;1;0;0;129;0;0;1;0;0;1;1
34237;0;1;1;1;1;0;0;129;0;0;1;0;0;1;1
34337;0;1;1;1;1;0;0;129;0;0;1;0;0;1;1
34437;0;1;1;1;1;0;0;129;0;0;1;0;0;1;1
34537;0;1;1;1;1;0;0;129;0;0;1;0;0;1;1
34637;0;1;1;1;1;0;0;129;0;0;1;0;0;1;1
34737;0;1;1;1;1;0;0;129;0;0;1;0;0;1;1
34837;0;1;1;1;1;0;0;129;0;0;1;0;0;1;1
34937;0;1;1;1;1;0;0;129;0;0;1;0;0;1;1
35037;0;1;1;1;1;0;0;129;0;0;1;0;0;1;1
35137;0;1;1;1;1;0;0;129;0;0;1;0;0;1;1
