Variable;t=6.189s;t=6.957s;t=7.758s;t=8.575s;t=9.889s;t=10.628s;t=11.451s;t=12.295s;t=13.111s;t=13.939s;t=14.739s
GVL_Troubleshooting.AssistanceDragage.Idx101_EnableDiveSearch;TRUE;TRUE;TRUE;TRUE;TRUE;TRUE;TRUE;TRUE;TRUE;TRUE;TRUE
GVL_Troubleshooting.AssistanceDragage.Idx102_EnableExtractionSequence;TRUE;TRUE;TRUE;TRUE;TRUE;TRUE;TRUE;TRUE;TRUE;TRUE;TRUE
GVL_Troubleshooting.AssistanceDragage.Idx103_EnableDumpAtTremie;TRUE;TRUE;TRUE;TRUE;TRUE;TRUE;TRUE;TRUE;TRUE;TRUE;TRUE
GVL_Troubleshooting.AssistanceDragage.Idx201_DiveReady;FALSE;FALSE;FALSE;FALSE;FALSE;FALSE;FALSE;FALSE;FALSE;FALSE;FALSE
GVL_Troubleshooting.AssistanceDragage.Idx202_DiveBusy;FALSE;FALSE;FALSE;FALSE;FALSE;FALSE;FALSE;FALSE;FALSE;FALSE;FALSE
GVL_Troubleshooting.AssistanceDragage.Idx203_DiveDone;FALSE;FALSE;FALSE;FALSE;FALSE;FALSE;FALSE;FALSE;FALSE;FALSE;FALSE
GVL_Troubleshooting.AssistanceDragage.Idx204_DiveState;E_DiveSearchState.WAIT_PRECONDITIONS;E_DiveSearchState.WAIT_PRECONDITIONS;E_DiveSearchState.WAIT_PRECONDITIONS;E_DiveSearchState.WAIT_PRECONDITIONS;E_DiveSearchState.WAIT_PRECONDITIONS;E_DiveSearchState.WAIT_PRECONDITIONS;E_DiveSearchState.WAIT_PRECONDITIONS;E_DiveSearchState.WAIT_PRECONDITIONS;E_DiveSearchState.WAIT_PRECONDITIONS;E_DiveSearchState.WAIT_PRECONDITIONS;E_DiveSearchState.WAIT_PRECONDITIONS
GVL_Troubleshooting.AssistanceDragage.Idx205_DiveError;FALSE;FALSE;FALSE;FALSE;FALSE;FALSE;FALSE;FALSE;FALSE;FALSE;FALSE
GVL_Troubleshooting.AssistanceDragage.Idx206_DiveErrorId;WORD#0;WORD#0;WORD#0;WORD#0;WORD#0;WORD#0;WORD#0;WORD#0;WORD#0;WORD#0;WORD#0
GVL_Troubleshooting.AssistanceDragage.Idx207_BottomTouchConfirmed;FALSE;FALSE;FALSE;FALSE;FALSE;FALSE;FALSE;FALSE;FALSE;FALSE;FALSE
GVL_Troubleshooting.AssistanceDragage.Idx301_ExtractionReady;FALSE;FALSE;FALSE;FALSE;FALSE;FALSE;FALSE;FALSE;FALSE;FALSE;FALSE
GVL_Troubleshooting.AssistanceDragage.Idx302_ExtractionBusy;FALSE;FALSE;FALSE;FALSE;FALSE;FALSE;FALSE;FALSE;FALSE;FALSE;FALSE
GVL_Troubleshooting.AssistanceDragage.Idx303_ExtractionDone;FALSE;FALSE;FALSE;FALSE;FALSE;FALSE;FALSE;FALSE;FALSE;FALSE;FALSE
GVL_Troubleshooting.AssistanceDragage.Idx304_ExtractionState;E_ExtractionSequenceState.WAIT_BOTTOM_CONFIRMATION;E_ExtractionSequenceState.WAIT_BOTTOM_CONFIRMATION;E_ExtractionSequenceState.WAIT_BOTTOM_CONFIRMATION;E_ExtractionSequenceState.WAIT_BOTTOM_CONFIRMATION;E_ExtractionSequenceState.WAIT_BOTTOM_CONFIRMATION;E_ExtractionSequenceState.WAIT_BOTTOM_CONFIRMATION;E_ExtractionSequenceState.WAIT_BOTTOM_CONFIRMATION;E_ExtractionSequenceState.WAIT_BOTTOM_CONFIRMATION;E_ExtractionSequenceState.WAIT_BOTTOM_CONFIRMATION;E_ExtractionSequenceState.WAIT_BOTTOM_CONFIRMATION;E_ExtractionSequenceState.WAIT_BOTTOM_CONFIRMATION
GVL_Troubleshooting.AssistanceDragage.Idx305_ExtractionError;FALSE;FALSE;FALSE;FALSE;FALSE;FALSE;FALSE;FALSE;FALSE;FALSE;FALSE
GVL_Troubleshooting.AssistanceDragage.Idx306_ExtractionErrorId;WORD#0;WORD#0;WORD#0;WORD#0;WORD#0;WORD#0;WORD#0;WORD#0;WORD#0;WORD#0;WORD#0
GVL_Troubleshooting.AssistanceDragage.Idx401_OperatorActionId;WORD#0;WORD#0;WORD#0;WORD#0;WORD#0;WORD#0;WORD#0;WORD#0;WORD#0;WORD#0;WORD#0
GVL_Troubleshooting.AssistanceDragage.Idx402_OperatorAction;'';'';'';'';'';'';'';'';'';'';''
GVL_Troubleshooting.AssistanceDragage.Idx501_DumpAtTremieArmed;TRUE;TRUE;TRUE;TRUE;TRUE;TRUE;TRUE;TRUE;TRUE;TRUE;TRUE
GVL_Troubleshooting.AssistanceDragage.Idx502_DumpAtTremieAssistActive;TRUE;TRUE;TRUE;TRUE;TRUE;TRUE;TRUE;TRUE;TRUE;TRUE;TRUE
GVL_Troubleshooting.AssistanceDragage.Idx503_DumpAtTremieAtTremie;FALSE;FALSE;FALSE;FALSE;FALSE;FALSE;FALSE;FALSE;FALSE;FALSE;FALSE
GVL_Troubleshooting.AssistanceDragage.Idx504_DumpAtTremieBucketOpenArmed;FALSE;FALSE;FALSE;FALSE;FALSE;FALSE;FALSE;FALSE;FALSE;FALSE;FALSE
GVL_Troubleshooting.AssistanceDragage.Idx505_DumpAtTremieDescentLocked;TRUE;TRUE;TRUE;TRUE;TRUE;TRUE;TRUE;TRUE;TRUE;TRUE;TRUE
GVL_Troubleshooting.AssistanceDragage.Idx601_BypassDiveActive;FALSE;FALSE;FALSE;FALSE;FALSE;FALSE;FALSE;FALSE;FALSE;FALSE;FALSE
GVL_Troubleshooting.AssistanceDragage.Idx602_BypassKoboldBottomTouched;FALSE;FALSE;FALSE;FALSE;FALSE;FALSE;FALSE;FALSE;FALSE;FALSE;FALSE
GVL_Troubleshooting.BenneOuvertureFermeture.Idx101_BucketIsOpen;FALSE;FALSE;FALSE;FALSE;FALSE;FALSE;FALSE;FALSE;FALSE;FALSE;FALSE
GVL_Troubleshooting.BenneOuvertureFermeture.Idx102_BucketIsClosed;FALSE;FALSE;FALSE;FALSE;FALSE;FALSE;FALSE;FALSE;FALSE;FALSE;FALSE
GVL_Troubleshooting.BenneOuvertureFermeture.Idx103_OffsetPos_M;REAL#0;REAL#0;REAL#0;REAL#0;REAL#0;REAL#0;REAL#0;REAL#0;REAL#0;REAL#0;REAL#0
GVL_Troubleshooting.BenneOuvertureFermeture.Idx104_AutoSeqActive;FALSE;FALSE;FALSE;FALSE;FALSE;FALSE;FALSE;FALSE;FALSE;FALSE;FALSE
GVL_Troubleshooting.BenneOuvertureFermeture.Idx105_StateIncoherent;TRUE;TRUE;TRUE;TRUE;TRUE;TRUE;TRUE;TRUE;TRUE;TRUE;TRUE
GVL_Troubleshooting.BenneOuvertureFermeture.Idx106_FBState;E_State.READY;E_State.READY;E_State.READY;E_State.READY;E_State.READY;E_State.READY;E_State.READY;E_State.READY;E_State.READY;E_State.READY;E_State.READY
GVL_Troubleshooting.BenneOuvertureFermeture.Idx107_LastPosM2Open_M;REAL#0;REAL#0;REAL#0;REAL#0;REAL#0;REAL#0;REAL#0;REAL#0;REAL#0;REAL#0;REAL#0
GVL_Troubleshooting.BenneOuvertureFermeture.Idx108_LastPosM2Close_M;REAL#0;REAL#0;REAL#0;REAL#0;REAL#0;REAL#0;REAL#0;REAL#0;REAL#0;REAL#0;REAL#0
GVL_Troubleshooting.BenneOuvertureFermeture.Idx109_BucketTooOpen;FALSE;FALSE;FALSE;FALSE;FALSE;FALSE;FALSE;FALSE;FALSE;FALSE;FALSE
GVL_Troubleshooting.BenneOuvertureFermeture.Idx110_BucketTooClosed;FALSE;FALSE;FALSE;FALSE;FALSE;FALSE;FALSE;FALSE;FALSE;FALSE;FALSE
GVL_Troubleshooting.BenneOuvertureFermeture.Idx111_BucketIsIntermediate;FALSE;FALSE;FALSE;FALSE;FALSE;FALSE;FALSE;FALSE;FALSE;FALSE;FALSE
GVL_Troubleshooting.BenneOuvertureFermeture.Idx112_DeltaPosition_M;REAL#0;REAL#0;REAL#0;REAL#0;REAL#0;REAL#0;REAL#0;REAL#0;REAL#0;REAL#0;REAL#0
GVL_Troubleshooting.BenneOuvertureFermeture.Idx201_HmiCmd_BtnOpen;FALSE;FALSE;FALSE;FALSE;FALSE;FALSE;FALSE;FALSE;FALSE;FALSE;FALSE
GVL_Troubleshooting.BenneOuvertureFermeture.Idx202_HmiCmd_BtnClose;FALSE;FALSE;FALSE;FALSE;FALSE;FALSE;FALSE;FALSE;FALSE;FALSE;FALSE
GVL_Troubleshooting.BenneOuvertureFermeture.Idx203_CycleCmd_Open;FALSE;FALSE;FALSE;FALSE;FALSE;FALSE;FALSE;FALSE;FALSE;FALSE;FALSE
GVL_Troubleshooting.BenneOuvertureFermeture.Idx204_CoupledDiveOpenArmed;FALSE;FALSE;FALSE;FALSE;FALSE;FALSE;FALSE;FALSE;FALSE;FALSE;FALSE
GVL_Troubleshooting.BenneOuvertureFermeture.Idx205_CoupledAscentCloseArmed;FALSE;FALSE;FALSE;FALSE;FALSE;FALSE;FALSE;FALSE;FALSE;FALSE;FALSE
GVL_Troubleshooting.BenneOuvertureFermeture.Idx206_CloseReqActive;FALSE;FALSE;FALSE;FALSE;FALSE;FALSE;FALSE;FALSE;FALSE;FALSE;FALSE
GVL_Troubleshooting.BenneOuvertureFermeture.Idx207_OpenReqActive;FALSE;FALSE;FALSE;FALSE;FALSE;FALSE;FALSE;FALSE;FALSE;FALSE;FALSE
GVL_Troubleshooting.BenneOuvertureFermeture.Idx208_MotionBlockedByBucket;FALSE;FALSE;FALSE;FALSE;FALSE;FALSE;FALSE;FALSE;FALSE;FALSE;FALSE
GVL_Troubleshooting.BenneOuvertureFermeture.Idx301_EmergencyChainClosed;TRUE;TRUE;TRUE;TRUE;TRUE;TRUE;TRUE;TRUE;TRUE;TRUE;TRUE
GVL_Troubleshooting.BenneOuvertureFermeture.Idx302_BucketFaultActive;TRUE;TRUE;TRUE;TRUE;TRUE;TRUE;TRUE;TRUE;TRUE;TRUE;TRUE
GVL_Troubleshooting.BenneOuvertureFermeture.Idx303_KoboldAutoStopEnabled;FALSE;FALSE;FALSE;FALSE;FALSE;FALSE;FALSE;FALSE;FALSE;FALSE;FALSE
GVL_Troubleshooting.BenneOuvertureFermeture.Idx304_KoboldImmersionConfirmed;FALSE;FALSE;FALSE;FALSE;FALSE;FALSE;FALSE;FALSE;FALSE;FALSE;FALSE
GVL_Troubleshooting.BenneOuvertureFermeture.Idx305_KoboldBottomTouchLatched;FALSE;FALSE;FALSE;FALSE;FALSE;FALSE;FALSE;FALSE;FALSE;FALSE;FALSE
GVL_Troubleshooting.BenneOuvertureFermeture.Idx306_ErrorIdRaw;WORD#10;WORD#10;WORD#10;WORD#10;WORD#10;WORD#10;WORD#10;WORD#10;WORD#10;WORD#10;WORD#10
GVL_Troubleshooting.BenneOuvertureFermeture.Idx401_BucketBusy;FALSE;FALSE;FALSE;FALSE;FALSE;FALSE;FALSE;FALSE;FALSE;FALSE;FALSE
GVL_Troubleshooting.BenneOuvertureFermeture.Idx402_BucketDone;FALSE;FALSE;FALSE;FALSE;FALSE;FALSE;FALSE;FALSE;FALSE;FALSE;FALSE
GVL_Troubleshooting.BenneOuvertureFermeture.Idx403_ControlAscentActive;FALSE;FALSE;FALSE;FALSE;FALSE;FALSE;FALSE;FALSE;FALSE;FALSE;FALSE
GVL_Troubleshooting.BenneOuvertureFermeture.Idx501_M2_CmdRev_DQ;FALSE;FALSE;FALSE;FALSE;FALSE;FALSE;FALSE;FALSE;FALSE;FALSE;FALSE
GVL_Troubleshooting.ContexteMachineGlobal.Idx101_ModeActive;E_Mode.MAINT_N1;E_Mode.MAINT_N1;E_Mode.MAINT_N1;E_Mode.MAINT_N1;E_Mode.MAINT_N1;E_Mode.MAINT_N1;E_Mode.MAINT_N1;E_Mode.MAINT_N1;E_Mode.MAINT_N1;E_Mode.MAINT_N1;E_Mode.MAINT_N1
GVL_Troubleshooting.ContexteMachineGlobal.Idx102_SimulationEnabled;TRUE;TRUE;TRUE;TRUE;TRUE;TRUE;TRUE;TRUE;TRUE;TRUE;TRUE
GVL_Troubleshooting.ContexteMachineGlobal.Idx103_JoystickCommOk;TRUE;TRUE;TRUE;TRUE;TRUE;TRUE;TRUE;TRUE;TRUE;TRUE;TRUE
GVL_Troubleshooting.ContexteMachineGlobal.Idx201_JoystickSelected;TRUE;TRUE;TRUE;TRUE;TRUE;TRUE;TRUE;TRUE;TRUE;TRUE;TRUE
GVL_Troubleshooting.ContexteMachineGlobal.Idx202_BypassNetworkGlobal;FALSE;FALSE;FALSE;FALSE;FALSE;FALSE;FALSE;FALSE;FALSE;FALSE;FALSE
GVL_Troubleshooting.ContexteMachineGlobal.Idx203_BypassSensorsGlobal;FALSE;FALSE;FALSE;FALSE;FALSE;FALSE;FALSE;FALSE;FALSE;FALSE;FALSE
GVL_Troubleshooting.ContexteMachineGlobal.Idx301_EmergencyChainClosed;TRUE;TRUE;TRUE;TRUE;TRUE;TRUE;TRUE;TRUE;TRUE;TRUE;TRUE
GVL_Troubleshooting.ContexteMachineGlobal.Idx302_PowerContactorEngaged;TRUE;TRUE;TRUE;TRUE;TRUE;TRUE;TRUE;TRUE;TRUE;TRUE;TRUE
GVL_Troubleshooting.ContexteMachineGlobal.Idx303_SafeStopActiveAny;FALSE;FALSE;FALSE;FALSE;FALSE;FALSE;FALSE;FALSE;FALSE;FALSE;FALSE
GVL_Troubleshooting.ContexteMachineGlobal.Idx304_PowerCutOffActiveAny;FALSE;FALSE;FALSE;FALSE;FALSE;FALSE;FALSE;FALSE;FALSE;FALSE;FALSE
GVL_Troubleshooting.ContexteMachineGlobal.Idx401_HmiHeartbeatOk;TRUE;TRUE;TRUE;TRUE;TRUE;TRUE;TRUE;TRUE;TRUE;TRUE;TRUE
GVL_Troubleshooting.ContexteMachineGlobal.Idx402_CycleAutoBusy;FALSE;FALSE;FALSE;FALSE;FALSE;FALSE;FALSE;FALSE;FALSE;FALSE;FALSE
GVL_Troubleshooting.HomingM1.Step1_ModeAuthorized;TRUE;TRUE;TRUE;TRUE;TRUE;TRUE;TRUE;TRUE;TRUE;TRUE;TRUE
GVL_Troubleshooting.HomingM1.Step2_WinchSelected;TRUE;TRUE;TRUE;TRUE;TRUE;TRUE;TRUE;TRUE;TRUE;TRUE;TRUE
GVL_Troubleshooting.HomingM1.Step3_EncoderAvailable;TRUE;TRUE;TRUE;TRUE;TRUE;TRUE;TRUE;TRUE;TRUE;TRUE;TRUE
GVL_Troubleshooting.HomingM1.HwIn_ContactorsReleased_DI;TRUE;TRUE;TRUE;TRUE;TRUE;TRUE;TRUE;TRUE;TRUE;TRUE;TRUE
GVL_Troubleshooting.HomingM1.HwIn_BrakeIsOpen_DI;FALSE;FALSE;FALSE;FALSE;FALSE;FALSE;FALSE;FALSE;FALSE;FALSE;FALSE
GVL_Troubleshooting.HomingM1.HwIn_TopPositionFree_DI;TRUE;TRUE;TRUE;TRUE;TRUE;TRUE;TRUE;TRUE;TRUE;TRUE;TRUE
GVL_Troubleshooting.HomingM1.Step4_ContactorsReleased;TRUE;TRUE;TRUE;TRUE;TRUE;TRUE;TRUE;TRUE;TRUE;TRUE;TRUE
GVL_Troubleshooting.HomingM1.Step5_BrakeApplied;TRUE;TRUE;TRUE;TRUE;TRUE;TRUE;TRUE;TRUE;TRUE;TRUE;TRUE
GVL_Troubleshooting.HomingM1.TopPositionSensorActive;FALSE;FALSE;FALSE;FALSE;FALSE;FALSE;FALSE;FALSE;FALSE;FALSE;FALSE
GVL_Troubleshooting.HomingM1.BucketIsOpen;FALSE;FALSE;FALSE;FALSE;FALSE;FALSE;FALSE;FALSE;FALSE;FALSE;FALSE
GVL_Troubleshooting.HomingM1.AllConditionsMet;TRUE;TRUE;TRUE;TRUE;TRUE;TRUE;TRUE;TRUE;TRUE;TRUE;TRUE
GVL_Troubleshooting.HomingM1.HomingBusy;FALSE;FALSE;FALSE;FALSE;FALSE;FALSE;FALSE;FALSE;FALSE;FALSE;FALSE
GVL_Troubleshooting.HomingM1.HomingDone;FALSE;FALSE;FALSE;FALSE;FALSE;FALSE;FALSE;FALSE;FALSE;FALSE;FALSE
GVL_Troubleshooting.HomingM1.HomingHomed;FALSE;FALSE;FALSE;FALSE;FALSE;FALSE;FALSE;FALSE;FALSE;FALSE;FALSE
GVL_Troubleshooting.HomingM1.HomingSuspect;FALSE;FALSE;FALSE;FALSE;FALSE;FALSE;FALSE;FALSE;FALSE;FALSE;FALSE
GVL_Troubleshooting.HomingM1.RejectErrorMask;WORD#0;WORD#0;WORD#0;WORD#0;WORD#0;WORD#0;WORD#0;WORD#0;WORD#0;WORD#0;WORD#0
GVL_Troubleshooting.HomingM2.Step1_ModeAuthorized;TRUE;TRUE;TRUE;TRUE;TRUE;TRUE;TRUE;TRUE;TRUE;TRUE;TRUE
GVL_Troubleshooting.HomingM2.Step2_WinchSelected;TRUE;TRUE;TRUE;TRUE;TRUE;TRUE;TRUE;TRUE;TRUE;TRUE;TRUE
GVL_Troubleshooting.HomingM2.Step3_EncoderAvailable;TRUE;TRUE;TRUE;TRUE;TRUE;TRUE;TRUE;TRUE;TRUE;TRUE;TRUE
GVL_Troubleshooting.HomingM2.HwIn_ContactorsReleased_DI;TRUE;TRUE;TRUE;TRUE;TRUE;TRUE;TRUE;TRUE;TRUE;TRUE;TRUE
GVL_Troubleshooting.HomingM2.HwIn_BrakeIsOpen_DI;FALSE;FALSE;FALSE;FALSE;FALSE;FALSE;FALSE;FALSE;FALSE;FALSE;FALSE
GVL_Troubleshooting.HomingM2.HwIn_TopPositionFree_DI;TRUE;TRUE;TRUE;TRUE;TRUE;TRUE;TRUE;TRUE;TRUE;TRUE;TRUE
GVL_Troubleshooting.HomingM2.Step4_ContactorsReleased;TRUE;TRUE;TRUE;TRUE;TRUE;TRUE;TRUE;TRUE;TRUE;TRUE;TRUE
GVL_Troubleshooting.HomingM2.Step5_BrakeApplied;TRUE;TRUE;TRUE;TRUE;TRUE;TRUE;TRUE;TRUE;TRUE;TRUE;TRUE
GVL_Troubleshooting.HomingM2.TopPositionSensorActive;FALSE;FALSE;FALSE;FALSE;FALSE;FALSE;FALSE;FALSE;FALSE;FALSE;FALSE
GVL_Troubleshooting.HomingM2.BucketIsOpen;FALSE;FALSE;FALSE;FALSE;FALSE;FALSE;FALSE;FALSE;FALSE;FALSE;FALSE
GVL_Troubleshooting.HomingM2.AllConditionsMet;TRUE;TRUE;TRUE;TRUE;TRUE;TRUE;TRUE;TRUE;TRUE;TRUE;TRUE
GVL_Troubleshooting.HomingM2.HomingBusy;FALSE;FALSE;FALSE;FALSE;FALSE;FALSE;FALSE;FALSE;FALSE;FALSE;FALSE
GVL_Troubleshooting.HomingM2.HomingDone;FALSE;FALSE;FALSE;FALSE;FALSE;FALSE;FALSE;FALSE;FALSE;FALSE;FALSE
GVL_Troubleshooting.HomingM2.HomingHomed;FALSE;FALSE;FALSE;FALSE;FALSE;FALSE;FALSE;FALSE;FALSE;FALSE;FALSE
GVL_Troubleshooting.HomingM2.HomingSuspect;FALSE;FALSE;FALSE;FALSE;FALSE;FALSE;FALSE;FALSE;FALSE;FALSE;FALSE
GVL_Troubleshooting.HomingM2.RejectErrorMask;WORD#0;WORD#0;WORD#0;WORD#0;WORD#0;WORD#0;WORD#0;WORD#0;WORD#0;WORD#0;WORD#0
GVL_Troubleshooting.Inputs.Winch.M1_ContactorsReleased_DI;TRUE;TRUE;TRUE;TRUE;TRUE;TRUE;TRUE;TRUE;TRUE;TRUE;TRUE
GVL_Troubleshooting.Inputs.Winch.M1_ThermalOk_DI;TRUE;TRUE;TRUE;TRUE;TRUE;TRUE;TRUE;TRUE;TRUE;TRUE;TRUE
GVL_Troubleshooting.Inputs.Winch.M1_BrakeIsOpen_DI;FALSE;FALSE;FALSE;FALSE;FALSE;FALSE;FALSE;FALSE;FALSE;FALSE;FALSE
GVL_Troubleshooting.Inputs.Winch.M2_ContactorsReleased_DI;TRUE;TRUE;TRUE;TRUE;TRUE;TRUE;TRUE;TRUE;TRUE;TRUE;TRUE
GVL_Troubleshooting.Inputs.Winch.M2_ThermalOk_DI;TRUE;TRUE;TRUE;TRUE;TRUE;TRUE;TRUE;TRUE;TRUE;TRUE;TRUE
GVL_Troubleshooting.Inputs.Winch.M2_BrakeIsOpen_DI;FALSE;FALSE;FALSE;FALSE;FALSE;FALSE;FALSE;FALSE;FALSE;FALSE;FALSE
GVL_Troubleshooting.Inputs.Winch.M1M2_TopPositionFree_DI;TRUE;TRUE;TRUE;TRUE;TRUE;TRUE;TRUE;TRUE;TRUE;TRUE;TRUE
GVL_Troubleshooting.Inputs.Winch.M2_TensionedCable_DI;TRUE;TRUE;TRUE;TRUE;TRUE;TRUE;TRUE;TRUE;TRUE;TRUE;TRUE
GVL_Troubleshooting.Inputs.Winch.COD1_PosValue;UDINT#1000000;UDINT#1000000;UDINT#1000000;UDINT#1000000;UDINT#1000000;UDINT#1000000;UDINT#1000000;UDINT#1000000;UDINT#1000000;UDINT#1000000;UDINT#1000000
GVL_Troubleshooting.Inputs.Winch.COD1_Alarms;UINT#0;UINT#0;UINT#0;UINT#0;UINT#0;UINT#0;UINT#0;UINT#0;UINT#0;UINT#0;UINT#0
GVL_Troubleshooting.Inputs.Winch.COD1_Warnings;UINT#0;UINT#0;UINT#0;UINT#0;UINT#0;UINT#0;UINT#0;UINT#0;UINT#0;UINT#0;UINT#0
GVL_Troubleshooting.Inputs.Winch.COD1_DeviceState;DEVICE_STATE.DISABLED;DEVICE_STATE.DISABLED;DEVICE_STATE.DISABLED;DEVICE_STATE.DISABLED;DEVICE_STATE.DISABLED;DEVICE_STATE.DISABLED;DEVICE_STATE.DISABLED;DEVICE_STATE.DISABLED;DEVICE_STATE.DISABLED;DEVICE_STATE.DISABLED;DEVICE_STATE.DISABLED
GVL_Troubleshooting.Inputs.Winch.COD2_PosValue;UDINT#1000000;UDINT#1000000;UDINT#1000000;UDINT#1000000;UDINT#1000000;UDINT#1000000;UDINT#1000000;UDINT#1000000;UDINT#1000000;UDINT#1000000;UDINT#1000000
GVL_Troubleshooting.Inputs.Winch.COD2_Alarms;UINT#0;UINT#0;UINT#0;UINT#0;UINT#0;UINT#0;UINT#0;UINT#0;UINT#0;UINT#0;UINT#0
GVL_Troubleshooting.Inputs.Winch.COD2_Warnings;UINT#0;UINT#0;UINT#0;UINT#0;UINT#0;UINT#0;UINT#0;UINT#0;UINT#0;UINT#0;UINT#0
GVL_Troubleshooting.Inputs.Winch.COD2_DeviceState;DEVICE_STATE.DISABLED;DEVICE_STATE.DISABLED;DEVICE_STATE.DISABLED;DEVICE_STATE.DISABLED;DEVICE_STATE.DISABLED;DEVICE_STATE.DISABLED;DEVICE_STATE.DISABLED;DEVICE_STATE.DISABLED;DEVICE_STATE.DISABLED;DEVICE_STATE.DISABLED;DEVICE_STATE.DISABLED
GVL_Troubleshooting.Inputs.Translation.M3_PosTremie_DI;FALSE;FALSE;FALSE;FALSE;FALSE;FALSE;FALSE;FALSE;FALSE;FALSE;FALSE
GVL_Troubleshooting.Inputs.Translation.M3_PosPV_DI;FALSE;FALSE;FALSE;FALSE;FALSE;FALSE;FALSE;FALSE;FALSE;FALSE;FALSE
GVL_Troubleshooting.Inputs.Translation.M3_PosPVP2_DI;TRUE;TRUE;TRUE;TRUE;TRUE;TRUE;TRUE;TRUE;TRUE;TRUE;TRUE
GVL_Troubleshooting.Inputs.Translation.M3_PosP1_DI;TRUE;TRUE;TRUE;TRUE;TRUE;TRUE;TRUE;TRUE;TRUE;TRUE;TRUE
GVL_Troubleshooting.Inputs.Translation.M3_PosMaintenance_DI;TRUE;TRUE;TRUE;TRUE;TRUE;TRUE;TRUE;TRUE;TRUE;TRUE;TRUE
GVL_Troubleshooting.Inputs.Translation.M3_BrakeIsOpen_DI;FALSE;FALSE;FALSE;FALSE;FALSE;FALSE;FALSE;FALSE;FALSE;FALSE;FALSE
GVL_Troubleshooting.Inputs.Translation.M3_ThermalOK_DI;TRUE;TRUE;TRUE;TRUE;TRUE;TRUE;TRUE;TRUE;TRUE;TRUE;TRUE
GVL_Troubleshooting.Inputs.Translation.M3_StatusWord;WORD#128;WORD#128;WORD#128;WORD#128;WORD#128;WORD#128;WORD#128;WORD#128;WORD#128;WORD#128;WORD#128
GVL_Troubleshooting.Inputs.Translation.M3_ActualFrequencyHz;UINT#0;UINT#0;UINT#0;UINT#0;UINT#0;UINT#0;UINT#0;UINT#0;UINT#0;UINT#0;UINT#0
GVL_Troubleshooting.Inputs.Translation.AC600_DeviceState;DEVICE_STATE.DISABLED;DEVICE_STATE.DISABLED;DEVICE_STATE.DISABLED;DEVICE_STATE.DISABLED;DEVICE_STATE.DISABLED;DEVICE_STATE.DISABLED;DEVICE_STATE.DISABLED;DEVICE_STATE.DISABLED;DEVICE_STATE.DISABLED;DEVICE_STATE.DISABLED;DEVICE_STATE.DISABLED
GVL_Troubleshooting.Inputs.Operator.JoyXRaw_ANA1;INT#5000;INT#5000;INT#5000;INT#5000;INT#5000;INT#5000;INT#5000;INT#5000;INT#5000;INT#5000;INT#5000
GVL_Troubleshooting.Inputs.Operator.JoyYRaw_ANA2;INT#5000;INT#5000;INT#5000;INT#5000;INT#5000;INT#5000;INT#5000;INT#5000;INT#5000;INT#5000;INT#5000
GVL_Troubleshooting.Inputs.Operator.JoyBtnRaw;FALSE;FALSE;FALSE;FALSE;FALSE;FALSE;FALSE;FALSE;FALSE;FALSE;FALSE
GVL_Troubleshooting.Inputs.Operator.CanBusState;INT#2;INT#2;INT#2;INT#2;INT#2;INT#2;INT#2;INT#2;INT#2;INT#2;INT#2
GVL_Troubleshooting.Inputs.Operator.JOY1_DeviceState;DEVICE_STATE.DISABLED;DEVICE_STATE.DISABLED;DEVICE_STATE.DISABLED;DEVICE_STATE.DISABLED;DEVICE_STATE.DISABLED;DEVICE_STATE.DISABLED;DEVICE_STATE.DISABLED;DEVICE_STATE.DISABLED;DEVICE_STATE.DISABLED;DEVICE_STATE.DISABLED;DEVICE_STATE.DISABLED
GVL_Troubleshooting.Inputs.Machine.PowerContactorEngaged_DI;TRUE;TRUE;TRUE;TRUE;TRUE;TRUE;TRUE;TRUE;TRUE;TRUE;TRUE
GVL_Troubleshooting.Inputs.Machine.EmergencyChainClosed_DI;TRUE;TRUE;TRUE;TRUE;TRUE;TRUE;TRUE;TRUE;TRUE;TRUE;TRUE
GVL_Troubleshooting.Inputs.Machine.PhaseRotationOk_DI;TRUE;TRUE;TRUE;TRUE;TRUE;TRUE;TRUE;TRUE;TRUE;TRUE;TRUE
GVL_Troubleshooting.Inputs.Machine.M1_M2_M3_BrakeThermalOk_DI;TRUE;TRUE;TRUE;TRUE;TRUE;TRUE;TRUE;TRUE;TRUE;TRUE;TRUE
GVL_Troubleshooting.Inputs.Machine.M1_M2_KoboldBottomTouch_DI;FALSE;FALSE;FALSE;FALSE;FALSE;FALSE;FALSE;FALSE;FALSE;FALSE;FALSE
GVL_Troubleshooting.Inputs.Machine.HydraulicThermalOk_DI;TRUE;TRUE;TRUE;TRUE;TRUE;TRUE;TRUE;TRUE;TRUE;TRUE;TRUE
GVL_Troubleshooting.Inputs.Machine.ConveyorInfeedReady_DI;FALSE;FALSE;FALSE;FALSE;FALSE;FALSE;FALSE;FALSE;FALSE;FALSE;FALSE
GVL_Troubleshooting.Inputs.Machine.HopperFull_OR_GateRaised_DI;FALSE;FALSE;FALSE;FALSE;FALSE;FALSE;FALSE;FALSE;FALSE;FALSE;FALSE
GVL_Troubleshooting.Joystick.Step1_CanBusActive;TRUE;TRUE;TRUE;TRUE;TRUE;TRUE;TRUE;TRUE;TRUE;TRUE;TRUE
GVL_Troubleshooting.Joystick.Step2_JoystickOperational;TRUE;TRUE;TRUE;TRUE;TRUE;TRUE;TRUE;TRUE;TRUE;TRUE;TRUE
GVL_Troubleshooting.Joystick.HwIn_JoyBtnRaw_DI;FALSE;FALSE;FALSE;FALSE;FALSE;FALSE;FALSE;FALSE;FALSE;FALSE;FALSE
GVL_Troubleshooting.Joystick.NeutralXAct;TRUE;TRUE;TRUE;TRUE;TRUE;TRUE;TRUE;TRUE;TRUE;TRUE;TRUE
GVL_Troubleshooting.Joystick.NeutralYAct;TRUE;TRUE;TRUE;TRUE;TRUE;TRUE;TRUE;TRUE;TRUE;TRUE;TRUE
GVL_Troubleshooting.Joystick.Step3_DeadmanPressed;FALSE;FALSE;FALSE;FALSE;FALSE;FALSE;FALSE;FALSE;FALSE;FALSE;FALSE
GVL_Troubleshooting.Joystick.Step4_NeutralAcquired;TRUE;TRUE;TRUE;TRUE;TRUE;TRUE;TRUE;TRUE;TRUE;TRUE;TRUE
GVL_Troubleshooting.Joystick.DeadmanArmed;FALSE;FALSE;FALSE;FALSE;FALSE;FALSE;FALSE;FALSE;FALSE;FALSE;FALSE
GVL_Troubleshooting.Joystick.AllConditionsMet;FALSE;FALSE;FALSE;FALSE;FALSE;FALSE;FALSE;FALSE;FALSE;FALSE;FALSE
GVL_Troubleshooting.Joystick.JoystickSelected;TRUE;TRUE;TRUE;TRUE;TRUE;TRUE;TRUE;TRUE;TRUE;TRUE;TRUE
GVL_Troubleshooting.Joystick.SelJoystickWinch;INT#0;INT#0;INT#0;INT#0;INT#0;INT#0;INT#0;INT#0;INT#0;INT#0;INT#0
GVL_Troubleshooting.Joystick.RawX;INT#5000;INT#5000;INT#5000;INT#5000;INT#5000;INT#5000;INT#5000;INT#5000;INT#5000;INT#5000;INT#5000
GVL_Troubleshooting.Joystick.RawY;INT#5000;INT#5000;INT#5000;INT#5000;INT#5000;INT#5000;INT#5000;INT#5000;INT#5000;INT#5000;INT#5000
GVL_Troubleshooting.Joystick.DeflectionX_Pct;REAL#0;REAL#0;REAL#0;REAL#0;REAL#0;REAL#0;REAL#0;REAL#0;REAL#0;REAL#0;REAL#0
GVL_Troubleshooting.Joystick.DeflectionY_Pct;REAL#0;REAL#0;REAL#0;REAL#0;REAL#0;REAL#0;REAL#0;REAL#0;REAL#0;REAL#0;REAL#0
GVL_Troubleshooting.Joystick.DirectionX;INT#0;INT#0;INT#0;INT#0;INT#0;INT#0;INT#0;INT#0;INT#0;INT#0;INT#0
GVL_Troubleshooting.Joystick.DirectionY;INT#0;INT#0;INT#0;INT#0;INT#0;INT#0;INT#0;INT#0;INT#0;INT#0;INT#0
GVL_Troubleshooting.LevageSynchroniseM1M2.Idx101_M1_CablePos_M;REAL#244.140625;REAL#244.140625;REAL#244.140625;REAL#244.140625;REAL#244.140625;REAL#244.140625;REAL#244.140625;REAL#244.140625;REAL#244.140625;REAL#244.140625;REAL#244.140625
GVL_Troubleshooting.LevageSynchroniseM1M2.Idx102_M2_CablePos_M;REAL#244.140625;REAL#244.140625;REAL#244.140625;REAL#244.140625;REAL#244.140625;REAL#244.140625;REAL#244.140625;REAL#244.140625;REAL#244.140625;REAL#244.140625;REAL#244.140625
GVL_Troubleshooting.LevageSynchroniseM1M2.Idx103_SyncDelta_M;REAL#0;REAL#0;REAL#0;REAL#0;REAL#0;REAL#0;REAL#0;REAL#0;REAL#0;REAL#0;REAL#0
GVL_Troubleshooting.LevageSynchroniseM1M2.Idx201_JoyYRaw_Pct;REAL#0;REAL#0;REAL#0;REAL#0;REAL#0;REAL#0;REAL#0;REAL#0;REAL#0;REAL#0;REAL#0
GVL_Troubleshooting.LevageSynchroniseM1M2.Idx202_SyncEnabled_IHM;TRUE;TRUE;TRUE;TRUE;TRUE;TRUE;TRUE;TRUE;TRUE;TRUE;TRUE
GVL_Troubleshooting.LevageSynchroniseM1M2.Idx203_ArbitratedSpeed_Pct;REAL#0;REAL#0;REAL#0;REAL#0;REAL#0;REAL#0;REAL#0;REAL#0;REAL#0;REAL#0;REAL#0
GVL_Troubleshooting.LevageSynchroniseM1M2.Idx301_EmergencyChainClosed;TRUE;TRUE;TRUE;TRUE;TRUE;TRUE;TRUE;TRUE;TRUE;TRUE;TRUE
GVL_Troubleshooting.LevageSynchroniseM1M2.Idx302_SyncFaultActive;FALSE;FALSE;FALSE;FALSE;FALSE;FALSE;FALSE;FALSE;FALSE;FALSE;FALSE
GVL_Troubleshooting.LevageSynchroniseM1M2.Idx303_M1_AscentPermit;TRUE;TRUE;TRUE;TRUE;TRUE;TRUE;TRUE;TRUE;TRUE;TRUE;TRUE
GVL_Troubleshooting.LevageSynchroniseM1M2.Idx304_M2_AscentPermit;TRUE;TRUE;TRUE;TRUE;TRUE;TRUE;TRUE;TRUE;TRUE;TRUE;TRUE
GVL_Troubleshooting.LevageSynchroniseM1M2.Idx401_SyncMotionAllowed;FALSE;FALSE;FALSE;FALSE;FALSE;FALSE;FALSE;FALSE;FALSE;FALSE;FALSE
GVL_Troubleshooting.LevageSynchroniseM1M2.Idx402_M1_SetpointSpeed_Pct;REAL#0;REAL#0;REAL#0;REAL#0;REAL#0;REAL#0;REAL#0;REAL#0;REAL#0;REAL#0;REAL#0
GVL_Troubleshooting.LevageSynchroniseM1M2.Idx403_M2_SetpointSpeed_Pct;REAL#0;REAL#0;REAL#0;REAL#0;REAL#0;REAL#0;REAL#0;REAL#0;REAL#0;REAL#0;REAL#0
GVL_Troubleshooting.LevageSynchroniseM1M2.Idx501_M1_CmdRelayFwd_DQ;FALSE;FALSE;FALSE;FALSE;FALSE;FALSE;FALSE;FALSE;FALSE;FALSE;FALSE
GVL_Troubleshooting.LevageSynchroniseM1M2.Idx502_M2_CmdRelayFwd_DQ;FALSE;FALSE;FALSE;FALSE;FALSE;FALSE;FALSE;FALSE;FALSE;FALSE;FALSE
GVL_Troubleshooting.LevageUnitaireM1.Inputs_100.Idx101_EncoderRawPos;DINT#0;DINT#0;DINT#0;DINT#0;DINT#0;DINT#0;DINT#0;DINT#0;DINT#0;DINT#0;DINT#0
GVL_Troubleshooting.LevageUnitaireM1.Inputs_100.Idx102_CablePos_M;REAL#244.140625;REAL#244.140625;REAL#244.140625;REAL#244.140625;REAL#244.140625;REAL#244.140625;REAL#244.140625;REAL#244.140625;REAL#244.140625;REAL#244.140625;REAL#244.140625
GVL_Troubleshooting.LevageUnitaireM1.Inputs_100.Idx103_ContactorsReleased_DI;TRUE;TRUE;TRUE;TRUE;TRUE;TRUE;TRUE;TRUE;TRUE;TRUE;TRUE
GVL_Troubleshooting.LevageUnitaireM1.Inputs_100.Idx104_BrakeApplied;TRUE;TRUE;TRUE;TRUE;TRUE;TRUE;TRUE;TRUE;TRUE;TRUE;TRUE
GVL_Troubleshooting.LevageUnitaireM1.Inputs_100.Idx105_ThermalOk_DI;TRUE;TRUE;TRUE;TRUE;TRUE;TRUE;TRUE;TRUE;TRUE;TRUE;TRUE
GVL_Troubleshooting.LevageUnitaireM1.Demandes_200.Idx201_JoyRawPhysical_ANA;INT#0;INT#0;INT#0;INT#0;INT#0;INT#0;INT#0;INT#0;INT#0;INT#0;INT#0
GVL_Troubleshooting.LevageUnitaireM1.Demandes_200.Idx202_JoyScaledPhysical_Pct;REAL#0;REAL#0;REAL#0;REAL#0;REAL#0;REAL#0;REAL#0;REAL#0;REAL#0;REAL#0;REAL#0
GVL_Troubleshooting.LevageUnitaireM1.Demandes_200.Idx203_HmiManualCmd_BtnUp;FALSE;FALSE;FALSE;FALSE;FALSE;FALSE;FALSE;FALSE;FALSE;FALSE;FALSE
GVL_Troubleshooting.LevageUnitaireM1.Demandes_200.Idx204_HmiManualCmd_BtnDown;FALSE;FALSE;FALSE;FALSE;FALSE;FALSE;FALSE;FALSE;FALSE;FALSE;FALSE
GVL_Troubleshooting.LevageUnitaireM1.Demandes_200.Idx205_CycleAutoCmd_Pct;REAL#0;REAL#0;REAL#0;REAL#0;REAL#0;REAL#0;REAL#0;REAL#0;REAL#0;REAL#0;REAL#0
GVL_Troubleshooting.LevageUnitaireM1.Demandes_200.Idx206_ModeActive;E_Mode.MAINT_N1;E_Mode.MAINT_N1;E_Mode.MAINT_N1;E_Mode.MAINT_N1;E_Mode.MAINT_N1;E_Mode.MAINT_N1;E_Mode.MAINT_N1;E_Mode.MAINT_N1;E_Mode.MAINT_N1;E_Mode.MAINT_N1;E_Mode.MAINT_N1
GVL_Troubleshooting.LevageUnitaireM1.Demandes_200.Idx207_BypassOperatorComm;FALSE;FALSE;FALSE;FALSE;FALSE;FALSE;FALSE;FALSE;FALSE;FALSE;FALSE
GVL_Troubleshooting.LevageUnitaireM1.Demandes_200.Idx208_ArbitratedSpeed_Pct;REAL#0;REAL#0;REAL#0;REAL#0;REAL#0;REAL#0;REAL#0;REAL#0;REAL#0;REAL#0;REAL#0
GVL_Troubleshooting.LevageUnitaireM1.Demandes_200.Idx209_ArbitratedDirection;INT#0;INT#0;INT#0;INT#0;INT#0;INT#0;INT#0;INT#0;INT#0;INT#0;INT#0
GVL_Troubleshooting.LevageUnitaireM1.Safety_300.Idx301_EmergencyChainClosed;TRUE;TRUE;TRUE;TRUE;TRUE;TRUE;TRUE;TRUE;TRUE;TRUE;TRUE
GVL_Troubleshooting.LevageUnitaireM1.Safety_300.Idx302_SafeStopActive;FALSE;FALSE;FALSE;FALSE;FALSE;FALSE;FALSE;FALSE;FALSE;FALSE;FALSE
GVL_Troubleshooting.LevageUnitaireM1.Safety_300.Idx303_PowerCutOffActive;FALSE;FALSE;FALSE;FALSE;FALSE;FALSE;FALSE;FALSE;FALSE;FALSE;FALSE
GVL_Troubleshooting.LevageUnitaireM1.Safety_300.Idx304_TopSensorPhysical_DI;TRUE;TRUE;TRUE;TRUE;TRUE;TRUE;TRUE;TRUE;TRUE;TRUE;TRUE
GVL_Troubleshooting.LevageUnitaireM1.Safety_300.Idx305_TopSensorBypassActive;TRUE;TRUE;TRUE;TRUE;TRUE;TRUE;TRUE;TRUE;TRUE;TRUE;TRUE
GVL_Troubleshooting.LevageUnitaireM1.Safety_300.Idx306_ForbidAscentEffective;FALSE;FALSE;FALSE;FALSE;FALSE;FALSE;FALSE;FALSE;FALSE;FALSE;FALSE
GVL_Troubleshooting.LevageUnitaireM1.Safety_300.Idx307_SlackCablePhysical_DI;FALSE;FALSE;FALSE;FALSE;FALSE;FALSE;FALSE;FALSE;FALSE;FALSE;FALSE
GVL_Troubleshooting.LevageUnitaireM1.Safety_300.Idx308_SlackCableBypassActive;TRUE;TRUE;TRUE;TRUE;TRUE;TRUE;TRUE;TRUE;TRUE;TRUE;TRUE
GVL_Troubleshooting.LevageUnitaireM1.Safety_300.Idx309_ForbidDescentEffective;TRUE;TRUE;TRUE;TRUE;TRUE;TRUE;TRUE;TRUE;TRUE;TRUE;TRUE
GVL_Troubleshooting.LevageUnitaireM1.Safety_300.Idx310_MecaFaultMask;WORD#0;WORD#0;WORD#0;WORD#0;WORD#0;WORD#0;WORD#0;WORD#0;WORD#0;WORD#0;WORD#0
GVL_Troubleshooting.LevageUnitaireM1.Control_400.Idx401_MotionAllowed;TRUE;TRUE;TRUE;TRUE;TRUE;TRUE;TRUE;TRUE;TRUE;TRUE;TRUE
GVL_Troubleshooting.LevageUnitaireM1.Control_400.Idx402_SpeedStepCalculated;INT#0;INT#0;INT#0;INT#0;INT#0;INT#0;INT#0;INT#0;INT#0;INT#0;INT#0
GVL_Troubleshooting.LevageUnitaireM1.Control_400.Idx403_SpeedRamp_Pct;REAL#0;REAL#0;REAL#0;REAL#0;REAL#0;REAL#0;REAL#0;REAL#0;REAL#0;REAL#0;REAL#0
GVL_Troubleshooting.LevageUnitaireM1.Control_400.Idx404_BrakeReleaseAuthorized;FALSE;FALSE;FALSE;FALSE;FALSE;FALSE;FALSE;FALSE;FALSE;FALSE;FALSE
GVL_Troubleshooting.LevageUnitaireM1.Control_400.Idx405_FinalInterlockState;E_WinchFinalInterlockState.READY;E_WinchFinalInterlockState.READY;E_WinchFinalInterlockState.READY;E_WinchFinalInterlockState.READY;E_WinchFinalInterlockState.READY;E_WinchFinalInterlockState.READY;E_WinchFinalInterlockState.READY;E_WinchFinalInterlockState.READY;E_WinchFinalInterlockState.READY;E_WinchFinalInterlockState.READY;E_WinchFinalInterlockState.READY
GVL_Troubleshooting.LevageUnitaireM1.Control_400.Idx406_FinalInterlockReason;E_WinchFinalInterlockReason.NONE;E_WinchFinalInterlockReason.NONE;E_WinchFinalInterlockReason.NONE;E_WinchFinalInterlockReason.NONE;E_WinchFinalInterlockReason.NONE;E_WinchFinalInterlockReason.NONE;E_WinchFinalInterlockReason.NONE;E_WinchFinalInterlockReason.NONE;E_WinchFinalInterlockReason.NONE;E_WinchFinalInterlockReason.NONE;E_WinchFinalInterlockReason.NONE
GVL_Troubleshooting.LevageUnitaireM1.Control_400.Idx407_FinalAuthorizedStep;INT#0;INT#0;INT#0;INT#0;INT#0;INT#0;INT#0;INT#0;INT#0;INT#0;INT#0
GVL_Troubleshooting.LevageUnitaireM1.Control_400.Idx408_BrakeCommandOpenConfirmed;FALSE;FALSE;FALSE;FALSE;FALSE;FALSE;FALSE;FALSE;FALSE;FALSE;FALSE
GVL_Troubleshooting.LevageUnitaireM1.Control_400.Idx409_BrakeTimeoutElapsed;TIME#0ms;TIME#0ms;TIME#0ms;TIME#0ms;TIME#0ms;TIME#0ms;TIME#0ms;TIME#0ms;TIME#0ms;TIME#0ms;TIME#0ms
GVL_Troubleshooting.LevageUnitaireM1.Control_400.Idx410_RestartDelayElapsed;TIME#1s500ms;TIME#1s500ms;TIME#1s500ms;TIME#1s500ms;TIME#1s500ms;TIME#1s500ms;TIME#1s500ms;TIME#1s500ms;TIME#1s500ms;TIME#1s500ms;TIME#1s500ms
GVL_Troubleshooting.LevageUnitaireM1.Control_400.Idx411_StepDelayElapsed;TIME#0ms;TIME#0ms;TIME#0ms;TIME#0ms;TIME#0ms;TIME#0ms;TIME#0ms;TIME#0ms;TIME#0ms;TIME#0ms;TIME#0ms
GVL_Troubleshooting.LevageUnitaireM1.Control_400.Idx412_InTopSlowdownZone;FALSE;FALSE;FALSE;FALSE;FALSE;FALSE;FALSE;FALSE;FALSE;FALSE;FALSE
GVL_Troubleshooting.LevageUnitaireM1.Control_400.Idx413_InBottomSlowdownZone;FALSE;FALSE;FALSE;FALSE;FALSE;FALSE;FALSE;FALSE;FALSE;FALSE;FALSE
GVL_Troubleshooting.LevageUnitaireM1.Control_400.Idx414_BottomLimitActiveM;REAL#-15;REAL#-15;REAL#-15;REAL#-15;REAL#-15;REAL#-15;REAL#-15;REAL#-15;REAL#-15;REAL#-15;REAL#-15
GVL_Troubleshooting.LevageUnitaireM1.Outputs_500.Idx501_CmdRelayFwd_Up_DQ;FALSE;FALSE;FALSE;FALSE;FALSE;FALSE;FALSE;FALSE;FALSE;FALSE;FALSE
GVL_Troubleshooting.LevageUnitaireM1.Outputs_500.Idx502_CmdRelayRev_Down_DQ;FALSE;FALSE;FALSE;FALSE;FALSE;FALSE;FALSE;FALSE;FALSE;FALSE;FALSE
GVL_Troubleshooting.LevageUnitaireM1.Outputs_500.Idx503_CmdSpeedContactor1_DQ;FALSE;FALSE;FALSE;FALSE;FALSE;FALSE;FALSE;FALSE;FALSE;FALSE;FALSE
GVL_Troubleshooting.LevageUnitaireM1.Outputs_500.Idx504_CmdSpeedContactor4_DQ;FALSE;FALSE;FALSE;FALSE;FALSE;FALSE;FALSE;FALSE;FALSE;FALSE;FALSE
GVL_Troubleshooting.LevageUnitaireM1.Outputs_500.Idx505_CmdBrakeRelease_RQ;FALSE;FALSE;FALSE;FALSE;FALSE;FALSE;FALSE;FALSE;FALSE;FALSE;FALSE
GVL_Troubleshooting.LevageUnitaireM2.Inputs_100.Idx101_EncoderRawPos;DINT#0;DINT#0;DINT#0;DINT#0;DINT#0;DINT#0;DINT#0;DINT#0;DINT#0;DINT#0;DINT#0
GVL_Troubleshooting.LevageUnitaireM2.Inputs_100.Idx102_CablePos_M;REAL#244.140625;REAL#244.140625;REAL#244.140625;REAL#244.140625;REAL#244.140625;REAL#244.140625;REAL#244.140625;REAL#244.140625;REAL#244.140625;REAL#244.140625;REAL#244.140625
GVL_Troubleshooting.LevageUnitaireM2.Inputs_100.Idx103_ContactorsReleased_DI;TRUE;TRUE;TRUE;TRUE;TRUE;TRUE;TRUE;TRUE;TRUE;TRUE;TRUE
GVL_Troubleshooting.LevageUnitaireM2.Inputs_100.Idx104_BrakeApplied;TRUE;TRUE;TRUE;TRUE;TRUE;TRUE;TRUE;TRUE;TRUE;TRUE;TRUE
GVL_Troubleshooting.LevageUnitaireM2.Inputs_100.Idx105_ThermalOk_DI;TRUE;TRUE;TRUE;TRUE;TRUE;TRUE;TRUE;TRUE;TRUE;TRUE;TRUE
GVL_Troubleshooting.LevageUnitaireM2.Demandes_200.Idx201_JoyRawPhysical_ANA;INT#0;INT#0;INT#0;INT#0;INT#0;INT#0;INT#0;INT#0;INT#0;INT#0;INT#0
GVL_Troubleshooting.LevageUnitaireM2.Demandes_200.Idx202_JoyScaledPhysical_Pct;REAL#0;REAL#0;REAL#0;REAL#0;REAL#0;REAL#0;REAL#0;REAL#0;REAL#0;REAL#0;REAL#0
GVL_Troubleshooting.LevageUnitaireM2.Demandes_200.Idx203_HmiManualCmd_BtnUp;FALSE;FALSE;FALSE;FALSE;FALSE;FALSE;FALSE;FALSE;FALSE;FALSE;FALSE
GVL_Troubleshooting.LevageUnitaireM2.Demandes_200.Idx204_HmiManualCmd_BtnDown;FALSE;FALSE;FALSE;FALSE;FALSE;FALSE;FALSE;FALSE;FALSE;FALSE;FALSE
GVL_Troubleshooting.LevageUnitaireM2.Demandes_200.Idx205_CycleAutoCmd_Pct;REAL#0;REAL#0;REAL#0;REAL#0;REAL#0;REAL#0;REAL#0;REAL#0;REAL#0;REAL#0;REAL#0
GVL_Troubleshooting.LevageUnitaireM2.Demandes_200.Idx206_ModeActive;E_Mode.MAINT_N1;E_Mode.MAINT_N1;E_Mode.MAINT_N1;E_Mode.MAINT_N1;E_Mode.MAINT_N1;E_Mode.MAINT_N1;E_Mode.MAINT_N1;E_Mode.MAINT_N1;E_Mode.MAINT_N1;E_Mode.MAINT_N1;E_Mode.MAINT_N1
GVL_Troubleshooting.LevageUnitaireM2.Demandes_200.Idx207_BypassOperatorComm;FALSE;FALSE;FALSE;FALSE;FALSE;FALSE;FALSE;FALSE;FALSE;FALSE;FALSE
GVL_Troubleshooting.LevageUnitaireM2.Demandes_200.Idx208_ArbitratedSpeed_Pct;REAL#0;REAL#0;REAL#0;REAL#0;REAL#0;REAL#0;REAL#0;REAL#0;REAL#0;REAL#0;REAL#0
GVL_Troubleshooting.LevageUnitaireM2.Demandes_200.Idx209_ArbitratedDirection;INT#0;INT#0;INT#0;INT#0;INT#0;INT#0;INT#0;INT#0;INT#0;INT#0;INT#0
GVL_Troubleshooting.LevageUnitaireM2.Safety_300.Idx301_EmergencyChainClosed;TRUE;TRUE;TRUE;TRUE;TRUE;TRUE;TRUE;TRUE;TRUE;TRUE;TRUE
GVL_Troubleshooting.LevageUnitaireM2.Safety_300.Idx302_SafeStopActive;FALSE;FALSE;FALSE;FALSE;FALSE;FALSE;FALSE;FALSE;FALSE;FALSE;FALSE
GVL_Troubleshooting.LevageUnitaireM2.Safety_300.Idx303_PowerCutOffActive;FALSE;FALSE;FALSE;FALSE;FALSE;FALSE;FALSE;FALSE;FALSE;FALSE;FALSE
GVL_Troubleshooting.LevageUnitaireM2.Safety_300.Idx304_TopSensorPhysical_DI;TRUE;TRUE;TRUE;TRUE;TRUE;TRUE;TRUE;TRUE;TRUE;TRUE;TRUE
GVL_Troubleshooting.LevageUnitaireM2.Safety_300.Idx305_TopSensorBypassActive;TRUE;TRUE;TRUE;TRUE;TRUE;TRUE;TRUE;TRUE;TRUE;TRUE;TRUE
GVL_Troubleshooting.LevageUnitaireM2.Safety_300.Idx306_ForbidAscentEffective;FALSE;FALSE;FALSE;FALSE;FALSE;FALSE;FALSE;FALSE;FALSE;FALSE;FALSE
GVL_Troubleshooting.LevageUnitaireM2.Safety_300.Idx307_SlackCablePhysical_DI;TRUE;TRUE;TRUE;TRUE;TRUE;TRUE;TRUE;TRUE;TRUE;TRUE;TRUE
GVL_Troubleshooting.LevageUnitaireM2.Safety_300.Idx308_SlackCableBypassActive;TRUE;TRUE;TRUE;TRUE;TRUE;TRUE;TRUE;TRUE;TRUE;TRUE;TRUE
GVL_Troubleshooting.LevageUnitaireM2.Safety_300.Idx309_ForbidDescentEffective;TRUE;TRUE;TRUE;TRUE;TRUE;TRUE;TRUE;TRUE;TRUE;TRUE;TRUE
GVL_Troubleshooting.LevageUnitaireM2.Safety_300.Idx310_MecaFaultMask;WORD#0;WORD#0;WORD#0;WORD#0;WORD#0;WORD#0;WORD#0;WORD#0;WORD#0;WORD#0;WORD#0
GVL_Troubleshooting.LevageUnitaireM2.Control_400.Idx401_MotionAllowed;TRUE;TRUE;TRUE;TRUE;TRUE;TRUE;TRUE;TRUE;TRUE;TRUE;TRUE
GVL_Troubleshooting.LevageUnitaireM2.Control_400.Idx402_SpeedStepCalculated;INT#0;INT#0;INT#0;INT#0;INT#0;INT#0;INT#0;INT#0;INT#0;INT#0;INT#0
GVL_Troubleshooting.LevageUnitaireM2.Control_400.Idx403_SpeedRamp_Pct;REAL#0;REAL#0;REAL#0;REAL#0;REAL#0;REAL#0;REAL#0;REAL#0;REAL#0;REAL#0;REAL#0
GVL_Troubleshooting.LevageUnitaireM2.Control_400.Idx404_BrakeReleaseAuthorized;FALSE;FALSE;FALSE;FALSE;FALSE;FALSE;FALSE;FALSE;FALSE;FALSE;FALSE
GVL_Troubleshooting.LevageUnitaireM2.Control_400.Idx405_FinalInterlockState;E_WinchFinalInterlockState.READY;E_WinchFinalInterlockState.READY;E_WinchFinalInterlockState.READY;E_WinchFinalInterlockState.READY;E_WinchFinalInterlockState.READY;E_WinchFinalInterlockState.READY;E_WinchFinalInterlockState.READY;E_WinchFinalInterlockState.READY;E_WinchFinalInterlockState.READY;E_WinchFinalInterlockState.READY;E_WinchFinalInterlockState.READY
GVL_Troubleshooting.LevageUnitaireM2.Control_400.Idx406_FinalInterlockReason;E_WinchFinalInterlockReason.NONE;E_WinchFinalInterlockReason.NONE;E_WinchFinalInterlockReason.NONE;E_WinchFinalInterlockReason.NONE;E_WinchFinalInterlockReason.NONE;E_WinchFinalInterlockReason.NONE;E_WinchFinalInterlockReason.NONE;E_WinchFinalInterlockReason.NONE;E_WinchFinalInterlockReason.NONE;E_WinchFinalInterlockReason.NONE;E_WinchFinalInterlockReason.NONE
GVL_Troubleshooting.LevageUnitaireM2.Control_400.Idx407_FinalAuthorizedStep;INT#0;INT#0;INT#0;INT#0;INT#0;INT#0;INT#0;INT#0;INT#0;INT#0;INT#0
GVL_Troubleshooting.LevageUnitaireM2.Control_400.Idx408_BrakeCommandOpenConfirmed;FALSE;FALSE;FALSE;FALSE;FALSE;FALSE;FALSE;FALSE;FALSE;FALSE;FALSE
GVL_Troubleshooting.LevageUnitaireM2.Control_400.Idx409_BrakeTimeoutElapsed;TIME#0ms;TIME#0ms;TIME#0ms;TIME#0ms;TIME#0ms;TIME#0ms;TIME#0ms;TIME#0ms;TIME#0ms;TIME#0ms;TIME#0ms
GVL_Troubleshooting.LevageUnitaireM2.Control_400.Idx410_RestartDelayElapsed;TIME#1s500ms;TIME#1s500ms;TIME#1s500ms;TIME#1s500ms;TIME#1s500ms;TIME#1s500ms;TIME#1s500ms;TIME#1s500ms;TIME#1s500ms;TIME#1s500ms;TIME#1s500ms
GVL_Troubleshooting.LevageUnitaireM2.Control_400.Idx411_StepDelayElapsed;TIME#0ms;TIME#0ms;TIME#0ms;TIME#0ms;TIME#0ms;TIME#0ms;TIME#0ms;TIME#0ms;TIME#0ms;TIME#0ms;TIME#0ms
GVL_Troubleshooting.LevageUnitaireM2.Control_400.Idx412_InTopSlowdownZone;FALSE;FALSE;FALSE;FALSE;FALSE;FALSE;FALSE;FALSE;FALSE;FALSE;FALSE
GVL_Troubleshooting.LevageUnitaireM2.Control_400.Idx413_InBottomSlowdownZone;FALSE;FALSE;FALSE;FALSE;FALSE;FALSE;FALSE;FALSE;FALSE;FALSE;FALSE
GVL_Troubleshooting.LevageUnitaireM2.Control_400.Idx414_BottomLimitActiveM;REAL#-15;REAL#-15;REAL#-15;REAL#-15;REAL#-15;REAL#-15;REAL#-15;REAL#-15;REAL#-15;REAL#-15;REAL#-15
GVL_Troubleshooting.LevageUnitaireM2.Outputs_500.Idx501_CmdRelayFwd_Up_DQ;FALSE;FALSE;FALSE;FALSE;FALSE;FALSE;FALSE;FALSE;FALSE;FALSE;FALSE
GVL_Troubleshooting.LevageUnitaireM2.Outputs_500.Idx502_CmdRelayRev_Down_DQ;FALSE;FALSE;FALSE;FALSE;FALSE;FALSE;FALSE;FALSE;FALSE;FALSE;FALSE
GVL_Troubleshooting.LevageUnitaireM2.Outputs_500.Idx503_CmdSpeedContactor1_DQ;FALSE;FALSE;FALSE;FALSE;FALSE;FALSE;FALSE;FALSE;FALSE;FALSE;FALSE
GVL_Troubleshooting.LevageUnitaireM2.Outputs_500.Idx504_CmdSpeedContactor4_DQ;FALSE;FALSE;FALSE;FALSE;FALSE;FALSE;FALSE;FALSE;FALSE;FALSE;FALSE
GVL_Troubleshooting.LevageUnitaireM2.Outputs_500.Idx505_CmdBrakeRelease_RQ;FALSE;FALSE;FALSE;FALSE;FALSE;FALSE;FALSE;FALSE;FALSE;FALSE;FALSE
GVL_Troubleshooting.MotionM1.Step1_PowerEngaged;TRUE;TRUE;TRUE;TRUE;TRUE;TRUE;TRUE;TRUE;TRUE;TRUE;TRUE
GVL_Troubleshooting.MotionM1.Step2_ModeAuthorized;TRUE;TRUE;TRUE;TRUE;TRUE;TRUE;TRUE;TRUE;TRUE;TRUE;TRUE
GVL_Troubleshooting.MotionM1.Step3_NotBusyOtherTask;TRUE;TRUE;TRUE;TRUE;TRUE;TRUE;TRUE;TRUE;TRUE;TRUE;TRUE
GVL_Troubleshooting.MotionM1.HwIn_PowerContactorEngaged_DI;TRUE;TRUE;TRUE;TRUE;TRUE;TRUE;TRUE;TRUE;TRUE;TRUE;TRUE
GVL_Troubleshooting.MotionM1.HwIn_BrakeIsOpen_DI;FALSE;FALSE;FALSE;FALSE;FALSE;FALSE;FALSE;FALSE;FALSE;FALSE;FALSE
GVL_Troubleshooting.MotionM1.Cmd_BrakeRelease;FALSE;FALSE;FALSE;FALSE;FALSE;FALSE;FALSE;FALSE;FALSE;FALSE;FALSE
GVL_Troubleshooting.MotionM1.Step4_MotionRequested;FALSE;FALSE;FALSE;FALSE;FALSE;FALSE;FALSE;FALSE;FALSE;FALSE;FALSE
GVL_Troubleshooting.MotionM1.RequestedDirection;INT#0;INT#0;INT#0;INT#0;INT#0;INT#0;INT#0;INT#0;INT#0;INT#0;INT#0
GVL_Troubleshooting.MotionM1.RequestedSpeedPct;REAL#0;REAL#0;REAL#0;REAL#0;REAL#0;REAL#0;REAL#0;REAL#0;REAL#0;REAL#0;REAL#0
GVL_Troubleshooting.MotionM1.Step5_NoSafetyFault;TRUE;TRUE;TRUE;TRUE;TRUE;TRUE;TRUE;TRUE;TRUE;TRUE;TRUE
GVL_Troubleshooting.MotionM1.Step6_DirectionAllowed;FALSE;FALSE;FALSE;FALSE;FALSE;FALSE;FALSE;FALSE;FALSE;FALSE;FALSE
GVL_Troubleshooting.MotionM1.Step7_BrakeReleased;FALSE;FALSE;FALSE;FALSE;FALSE;FALSE;FALSE;FALSE;FALSE;FALSE;FALSE
GVL_Troubleshooting.MotionM1.Step8_OutputInterlockOk;TRUE;TRUE;TRUE;TRUE;TRUE;TRUE;TRUE;TRUE;TRUE;TRUE;TRUE
GVL_Troubleshooting.MotionM1.AllConditionsMet;FALSE;FALSE;FALSE;FALSE;FALSE;FALSE;FALSE;FALSE;FALSE;FALSE;FALSE
GVL_Troubleshooting.MotionM1.RelayFwdActive;FALSE;FALSE;FALSE;FALSE;FALSE;FALSE;FALSE;FALSE;FALSE;FALSE;FALSE
GVL_Troubleshooting.MotionM1.RelayRevActive;FALSE;FALSE;FALSE;FALSE;FALSE;FALSE;FALSE;FALSE;FALSE;FALSE;FALSE
GVL_Troubleshooting.MotionM1.SpeedContactor1Active;FALSE;FALSE;FALSE;FALSE;FALSE;FALSE;FALSE;FALSE;FALSE;FALSE;FALSE
GVL_Troubleshooting.MotionM2.Step1_PowerEngaged;TRUE;TRUE;TRUE;TRUE;TRUE;TRUE;TRUE;TRUE;TRUE;TRUE;TRUE
GVL_Troubleshooting.MotionM2.Step2_ModeAuthorized;TRUE;TRUE;TRUE;TRUE;TRUE;TRUE;TRUE;TRUE;TRUE;TRUE;TRUE
GVL_Troubleshooting.MotionM2.Step3_NotBusyOtherTask;TRUE;TRUE;TRUE;TRUE;TRUE;TRUE;TRUE;TRUE;TRUE;TRUE;TRUE
GVL_Troubleshooting.MotionM2.HwIn_PowerContactorEngaged_DI;TRUE;TRUE;TRUE;TRUE;TRUE;TRUE;TRUE;TRUE;TRUE;TRUE;TRUE
GVL_Troubleshooting.MotionM2.HwIn_BrakeIsOpen_DI;FALSE;FALSE;FALSE;FALSE;FALSE;FALSE;FALSE;FALSE;FALSE;FALSE;FALSE
GVL_Troubleshooting.MotionM2.Cmd_BrakeRelease;FALSE;FALSE;FALSE;FALSE;FALSE;FALSE;FALSE;FALSE;FALSE;FALSE;FALSE
GVL_Troubleshooting.MotionM2.Step4_MotionRequested;FALSE;FALSE;FALSE;FALSE;FALSE;FALSE;FALSE;FALSE;FALSE;FALSE;FALSE
GVL_Troubleshooting.MotionM2.RequestedDirection;INT#0;INT#0;INT#0;INT#0;INT#0;INT#0;INT#0;INT#0;INT#0;INT#0;INT#0
GVL_Troubleshooting.MotionM2.RequestedSpeedPct;REAL#0;REAL#0;REAL#0;REAL#0;REAL#0;REAL#0;REAL#0;REAL#0;REAL#0;REAL#0;REAL#0
GVL_Troubleshooting.MotionM2.Step5_NoSafetyFault;TRUE;TRUE;TRUE;TRUE;TRUE;TRUE;TRUE;TRUE;TRUE;TRUE;TRUE
GVL_Troubleshooting.MotionM2.Step6_DirectionAllowed;FALSE;FALSE;FALSE;FALSE;FALSE;FALSE;FALSE;FALSE;FALSE;FALSE;FALSE
GVL_Troubleshooting.MotionM2.Step7_BrakeReleased;FALSE;FALSE;FALSE;FALSE;FALSE;FALSE;FALSE;FALSE;FALSE;FALSE;FALSE
GVL_Troubleshooting.MotionM2.Step8_OutputInterlockOk;TRUE;TRUE;TRUE;TRUE;TRUE;TRUE;TRUE;TRUE;TRUE;TRUE;TRUE
GVL_Troubleshooting.MotionM2.AllConditionsMet;FALSE;FALSE;FALSE;FALSE;FALSE;FALSE;FALSE;FALSE;FALSE;FALSE;FALSE
GVL_Troubleshooting.MotionM2.RelayFwdActive;FALSE;FALSE;FALSE;FALSE;FALSE;FALSE;FALSE;FALSE;FALSE;FALSE;FALSE
GVL_Troubleshooting.MotionM2.RelayRevActive;FALSE;FALSE;FALSE;FALSE;FALSE;FALSE;FALSE;FALSE;FALSE;FALSE;FALSE
GVL_Troubleshooting.MotionM2.SpeedContactor1Active;FALSE;FALSE;FALSE;FALSE;FALSE;FALSE;FALSE;FALSE;FALSE;FALSE;FALSE
GVL_Troubleshooting.MotionM3.Step1_PowerEngaged;TRUE;TRUE;TRUE;TRUE;TRUE;TRUE;TRUE;TRUE;TRUE;TRUE;TRUE
GVL_Troubleshooting.MotionM3.Step2_ModeAuthorized;TRUE;TRUE;TRUE;TRUE;TRUE;TRUE;TRUE;TRUE;TRUE;TRUE;TRUE
GVL_Troubleshooting.MotionM3.Step3_NotBusyOtherTask;TRUE;TRUE;TRUE;TRUE;TRUE;TRUE;TRUE;TRUE;TRUE;TRUE;TRUE
GVL_Troubleshooting.MotionM3.HwIn_PowerContactorEngaged_DI;TRUE;TRUE;TRUE;TRUE;TRUE;TRUE;TRUE;TRUE;TRUE;TRUE;TRUE
GVL_Troubleshooting.MotionM3.HwIn_BrakeIsOpen_DI;FALSE;FALSE;FALSE;FALSE;FALSE;FALSE;FALSE;FALSE;FALSE;FALSE;FALSE
GVL_Troubleshooting.MotionM3.Cmd_BrakeRelease;FALSE;FALSE;FALSE;FALSE;FALSE;FALSE;FALSE;FALSE;FALSE;FALSE;FALSE
GVL_Troubleshooting.MotionM3.Step4_MotionRequested;FALSE;FALSE;FALSE;FALSE;FALSE;FALSE;FALSE;FALSE;FALSE;FALSE;FALSE
GVL_Troubleshooting.MotionM3.RequestedDirection;INT#0;INT#0;INT#0;INT#0;INT#0;INT#0;INT#0;INT#0;INT#0;INT#0;INT#0
GVL_Troubleshooting.MotionM3.RequestedSpeedPct;REAL#0;REAL#0;REAL#0;REAL#0;REAL#0;REAL#0;REAL#0;REAL#0;REAL#0;REAL#0;REAL#0
GVL_Troubleshooting.MotionM3.Step5_NoSafetyFault;TRUE;TRUE;TRUE;TRUE;TRUE;TRUE;TRUE;TRUE;TRUE;TRUE;TRUE
GVL_Troubleshooting.MotionM3.Step6_DirectionAllowed;FALSE;FALSE;FALSE;FALSE;FALSE;FALSE;FALSE;FALSE;FALSE;FALSE;FALSE
GVL_Troubleshooting.MotionM3.Step7_BrakeReleased;FALSE;FALSE;FALSE;FALSE;FALSE;FALSE;FALSE;FALSE;FALSE;FALSE;FALSE
GVL_Troubleshooting.MotionM3.Step8_OutputInterlockOk;TRUE;TRUE;TRUE;TRUE;TRUE;TRUE;TRUE;TRUE;TRUE;TRUE;TRUE
GVL_Troubleshooting.MotionM3.AllConditionsMet;FALSE;FALSE;FALSE;FALSE;FALSE;FALSE;FALSE;FALSE;FALSE;FALSE;FALSE
GVL_Troubleshooting.MotionM3.RelayFwdActive;FALSE;FALSE;FALSE;FALSE;FALSE;FALSE;FALSE;FALSE;FALSE;FALSE;FALSE
GVL_Troubleshooting.MotionM3.RelayRevActive;FALSE;FALSE;FALSE;FALSE;FALSE;FALSE;FALSE;FALSE;FALSE;FALSE;FALSE
GVL_Troubleshooting.MotionM3.SpeedContactor1Active;FALSE;FALSE;FALSE;FALSE;FALSE;FALSE;FALSE;FALSE;FALSE;FALSE;FALSE
GVL_Troubleshooting.Safety.SimulationModeActive;TRUE;TRUE;TRUE;TRUE;TRUE;TRUE;TRUE;TRUE;TRUE;TRUE;TRUE
GVL_Troubleshooting.Safety.SimSafetyActive;TRUE;TRUE;TRUE;TRUE;TRUE;TRUE;TRUE;TRUE;TRUE;TRUE;TRUE
GVL_Troubleshooting.Safety.HwIn_EmergencyChainClosed_DI;TRUE;TRUE;TRUE;TRUE;TRUE;TRUE;TRUE;TRUE;TRUE;TRUE;TRUE
GVL_Troubleshooting.Safety.HwIn_PowerContactorEngaged_DI;TRUE;TRUE;TRUE;TRUE;TRUE;TRUE;TRUE;TRUE;TRUE;TRUE;TRUE
GVL_Troubleshooting.Safety.HwIn_EmergencyBtnCut_HMI;FALSE;FALSE;FALSE;FALSE;FALSE;FALSE;FALSE;FALSE;FALSE;FALSE;FALSE
GVL_Troubleshooting.Safety.Step1_InputModulesOk;TRUE;TRUE;TRUE;TRUE;TRUE;TRUE;TRUE;TRUE;TRUE;TRUE;TRUE
GVL_Troubleshooting.Safety.Step2_EmergencyBtnNotCut;TRUE;TRUE;TRUE;TRUE;TRUE;TRUE;TRUE;TRUE;TRUE;TRUE;TRUE
GVL_Troubleshooting.Safety.Step3_EmergencyChainClosed;TRUE;TRUE;TRUE;TRUE;TRUE;TRUE;TRUE;TRUE;TRUE;TRUE;TRUE
GVL_Troubleshooting.Safety.Step4_ContactorReleased;FALSE;FALSE;FALSE;FALSE;FALSE;FALSE;FALSE;FALSE;FALSE;FALSE;FALSE
GVL_Troubleshooting.Safety.Step5_ArmingAllowed;FALSE;FALSE;FALSE;FALSE;FALSE;FALSE;FALSE;FALSE;FALSE;FALSE;FALSE
GVL_Troubleshooting.Safety.ArmingStep;INT#0;INT#0;INT#0;INT#0;INT#0;INT#0;INT#0;INT#0;INT#0;INT#0;INT#0
GVL_Troubleshooting.Safety.ArmingPulseActive;FALSE;FALSE;FALSE;FALSE;FALSE;FALSE;FALSE;FALSE;FALSE;FALSE;FALSE
GVL_Troubleshooting.Safety.ArmingBusy;FALSE;FALSE;FALSE;FALSE;FALSE;FALSE;FALSE;FALSE;FALSE;FALSE;FALSE
GVL_Troubleshooting.Safety.LockoutActive;FALSE;FALSE;FALSE;FALSE;FALSE;FALSE;FALSE;FALSE;FALSE;FALSE;FALSE
GVL_Troubleshooting.Safety.PowerContactorEngaged;TRUE;TRUE;TRUE;TRUE;TRUE;TRUE;TRUE;TRUE;TRUE;TRUE;TRUE
GVL_Troubleshooting.Safety.PowerCutOffActive;FALSE;FALSE;FALSE;FALSE;FALSE;FALSE;FALSE;FALSE;FALSE;FALSE;FALSE
GVL_Troubleshooting.Safety.MaintainAActive;TRUE;TRUE;TRUE;TRUE;TRUE;TRUE;TRUE;TRUE;TRUE;TRUE;TRUE
GVL_Troubleshooting.Safety.MaintainBActive;TRUE;TRUE;TRUE;TRUE;TRUE;TRUE;TRUE;TRUE;TRUE;TRUE;TRUE
GVL_Troubleshooting.Safety.AllConditionsMet;TRUE;TRUE;TRUE;TRUE;TRUE;TRUE;TRUE;TRUE;TRUE;TRUE;TRUE
GVL_Troubleshooting.Safety.SafetyError;FALSE;FALSE;FALSE;FALSE;FALSE;FALSE;FALSE;FALSE;FALSE;FALSE;FALSE
GVL_Troubleshooting.Safety.ArmingErrorId;WORD#0;WORD#0;WORD#0;WORD#0;WORD#0;WORD#0;WORD#0;WORD#0;WORD#0;WORD#0;WORD#0
GVL_Troubleshooting.Safety.RedundancyTestFailed;FALSE;FALSE;FALSE;FALSE;FALSE;FALSE;FALSE;FALSE;FALSE;FALSE;FALSE
GVL_Troubleshooting.Safety.ArmingFailed;FALSE;FALSE;FALSE;FALSE;FALSE;FALSE;FALSE;FALSE;FALSE;FALSE;FALSE
GVL_Troubleshooting.TranslationPontM3.Inputs_100.Idx101_PosTremie_DI;FALSE;FALSE;FALSE;FALSE;FALSE;FALSE;FALSE;FALSE;FALSE;FALSE;FALSE
GVL_Troubleshooting.TranslationPontM3.Inputs_100.Idx102_PosPV_DI;FALSE;FALSE;FALSE;FALSE;FALSE;FALSE;FALSE;FALSE;FALSE;FALSE;FALSE
GVL_Troubleshooting.TranslationPontM3.Inputs_100.Idx103_PosP2_DI;TRUE;TRUE;TRUE;TRUE;TRUE;TRUE;TRUE;TRUE;TRUE;TRUE;TRUE
GVL_Troubleshooting.TranslationPontM3.Inputs_100.Idx104_PosP1_DI;TRUE;TRUE;TRUE;TRUE;TRUE;TRUE;TRUE;TRUE;TRUE;TRUE;TRUE
GVL_Troubleshooting.TranslationPontM3.Inputs_100.Idx105_PosMaintenance_DI;TRUE;TRUE;TRUE;TRUE;TRUE;TRUE;TRUE;TRUE;TRUE;TRUE;TRUE
GVL_Troubleshooting.TranslationPontM3.Inputs_100.Idx106_DriveActualFreq_Hz;REAL#0;REAL#0;REAL#0;REAL#0;REAL#0;REAL#0;REAL#0;REAL#0;REAL#0;REAL#0;REAL#0
GVL_Troubleshooting.TranslationPontM3.Inputs_100.Idx107_DriveStatusWord;WORD#128;WORD#128;WORD#128;WORD#128;WORD#128;WORD#128;WORD#128;WORD#128;WORD#128;WORD#128;WORD#128
GVL_Troubleshooting.TranslationPontM3.Inputs_100.Idx108_BrakeApplied;TRUE;TRUE;TRUE;TRUE;TRUE;TRUE;TRUE;TRUE;TRUE;TRUE;TRUE
GVL_Troubleshooting.TranslationPontM3.Inputs_100.Idx109_DriveThermalOk;TRUE;TRUE;TRUE;TRUE;TRUE;TRUE;TRUE;TRUE;TRUE;TRUE;TRUE
GVL_Troubleshooting.TranslationPontM3.Demandes_200.Idx201_JoyXRaw_ANA;INT#5000;INT#5000;INT#5000;INT#5000;INT#5000;INT#5000;INT#5000;INT#5000;INT#5000;INT#5000;INT#5000
GVL_Troubleshooting.TranslationPontM3.Demandes_200.Idx202_JoyXScaled_Pct;REAL#5000;REAL#5000;REAL#5000;REAL#5000;REAL#5000;REAL#5000;REAL#5000;REAL#5000;REAL#5000;REAL#5000;REAL#5000
GVL_Troubleshooting.TranslationPontM3.Demandes_200.Idx203_HmiCmd_BtnFwd;FALSE;FALSE;FALSE;FALSE;FALSE;FALSE;FALSE;FALSE;FALSE;FALSE;FALSE
GVL_Troubleshooting.TranslationPontM3.Demandes_200.Idx204_HmiCmd_BtnRev;FALSE;FALSE;FALSE;FALSE;FALSE;FALSE;FALSE;FALSE;FALSE;FALSE;FALSE
GVL_Troubleshooting.TranslationPontM3.Demandes_200.Idx205_HmiTargetPosition;INT#0;INT#0;INT#0;INT#0;INT#0;INT#0;INT#0;INT#0;INT#0;INT#0;INT#0
GVL_Troubleshooting.TranslationPontM3.Demandes_200.Idx206_CycleTargetPosition;INT#0;INT#0;INT#0;INT#0;INT#0;INT#0;INT#0;INT#0;INT#0;INT#0;INT#0
GVL_Troubleshooting.TranslationPontM3.Demandes_200.Idx207_ModeActive;E_Mode.MAINT_N1;E_Mode.MAINT_N1;E_Mode.MAINT_N1;E_Mode.MAINT_N1;E_Mode.MAINT_N1;E_Mode.MAINT_N1;E_Mode.MAINT_N1;E_Mode.MAINT_N1;E_Mode.MAINT_N1;E_Mode.MAINT_N1;E_Mode.MAINT_N1
GVL_Troubleshooting.TranslationPontM3.Demandes_200.Idx208_BypassNetworkActive;FALSE;FALSE;FALSE;FALSE;FALSE;FALSE;FALSE;FALSE;FALSE;FALSE;FALSE
GVL_Troubleshooting.TranslationPontM3.Demandes_200.Idx209_ArbitratedSpeed_Pct;REAL#0;REAL#0;REAL#0;REAL#0;REAL#0;REAL#0;REAL#0;REAL#0;REAL#0;REAL#0;REAL#0
GVL_Troubleshooting.TranslationPontM3.Safety_300.Idx301_EmergencyChainClosed;TRUE;TRUE;TRUE;TRUE;TRUE;TRUE;TRUE;TRUE;TRUE;TRUE;TRUE
GVL_Troubleshooting.TranslationPontM3.Safety_300.Idx302_SafeStopActive;FALSE;FALSE;FALSE;FALSE;FALSE;FALSE;FALSE;FALSE;FALSE;FALSE;FALSE
GVL_Troubleshooting.TranslationPontM3.Safety_300.Idx303_PowerCutOffActive;FALSE;FALSE;FALSE;FALSE;FALSE;FALSE;FALSE;FALSE;FALSE;FALSE;FALSE
GVL_Troubleshooting.TranslationPontM3.Safety_300.Idx304_LimitSwitchFwdActive;FALSE;FALSE;FALSE;FALSE;FALSE;FALSE;FALSE;FALSE;FALSE;FALSE;FALSE
GVL_Troubleshooting.TranslationPontM3.Safety_300.Idx305_LimitSwitchRevActive;FALSE;FALSE;FALSE;FALSE;FALSE;FALSE;FALSE;FALSE;FALSE;FALSE;FALSE
GVL_Troubleshooting.TranslationPontM3.Safety_300.Idx306_BypassLimitSwitch;FALSE;FALSE;FALSE;FALSE;FALSE;FALSE;FALSE;FALSE;FALSE;FALSE;FALSE
GVL_Troubleshooting.TranslationPontM3.Safety_300.Idx307_PositionDecoderIncoherent;FALSE;FALSE;FALSE;FALSE;FALSE;FALSE;FALSE;FALSE;FALSE;FALSE;FALSE
GVL_Troubleshooting.TranslationPontM3.Safety_300.Idx308_HeightInterlockBlocking;TRUE;TRUE;TRUE;TRUE;TRUE;TRUE;TRUE;TRUE;TRUE;TRUE;TRUE
GVL_Troubleshooting.TranslationPontM3.Control_400.Idx401_MotionAllowed;TRUE;TRUE;TRUE;TRUE;TRUE;TRUE;TRUE;TRUE;TRUE;TRUE;TRUE
GVL_Troubleshooting.TranslationPontM3.Control_400.Idx402_SetpointFreq_Hz;REAL#0;REAL#0;REAL#0;REAL#0;REAL#0;REAL#0;REAL#0;REAL#0;REAL#0;REAL#0;REAL#0
GVL_Troubleshooting.TranslationPontM3.Control_400.Idx403_DriveControlWord;WORD#0;WORD#0;WORD#0;WORD#0;WORD#0;WORD#0;WORD#0;WORD#0;WORD#0;WORD#0;WORD#0
GVL_Troubleshooting.TranslationPontM3.Control_400.Idx404_FinalInterlockState;E_State.READY;E_State.READY;E_State.READY;E_State.READY;E_State.READY;E_State.READY;E_State.READY;E_State.READY;E_State.READY;E_State.READY;E_State.READY
GVL_Troubleshooting.TranslationPontM3.Control_400.Idx405_FinalInterlockReason;E_TranslationFinalInterlockReason.NONE;E_TranslationFinalInterlockReason.NONE;E_TranslationFinalInterlockReason.NONE;E_TranslationFinalInterlockReason.NONE;E_TranslationFinalInterlockReason.NONE;E_TranslationFinalInterlockReason.NONE;E_TranslationFinalInterlockReason.NONE;E_TranslationFinalInterlockReason.NONE;E_TranslationFinalInterlockReason.NONE;E_TranslationFinalInterlockReason.NONE;E_TranslationFinalInterlockReason.NONE
GVL_Troubleshooting.TranslationPontM3.Control_400.Idx406_BrakeCommandOpenConfirmed;FALSE;FALSE;FALSE;FALSE;FALSE;FALSE;FALSE;FALSE;FALSE;FALSE;FALSE
GVL_Troubleshooting.TranslationPontM3.Control_400.Idx407_BrakeTimeoutElapsed;TIME#0ms;TIME#0ms;TIME#0ms;TIME#0ms;TIME#0ms;TIME#0ms;TIME#0ms;TIME#0ms;TIME#0ms;TIME#0ms;TIME#0ms
GVL_Troubleshooting.TranslationPontM3.Outputs_500.Idx501_CmdDriveControlWord;WORD#0;WORD#0;WORD#0;WORD#0;WORD#0;WORD#0;WORD#0;WORD#0;WORD#0;WORD#0;WORD#0
GVL_Troubleshooting.TranslationPontM3.Outputs_500.Idx502_CmdDriveFreq_Hz;UINT#0;UINT#0;UINT#0;UINT#0;UINT#0;UINT#0;UINT#0;UINT#0;UINT#0;UINT#0;UINT#0
GVL_Troubleshooting.TranslationPontM3.Outputs_500.Idx503_CmdBrakeRelease_RQ;FALSE;FALSE;FALSE;FALSE;FALSE;FALSE;FALSE;FALSE;FALSE;FALSE;FALSE
