Variable;t=0.752s;t=2.030s;t=3.286s;t=4.609s;t=5.863s;t=7.137s;t=8.437s;t=9.726s;t=11.094s;t=12.351s;t=13.591s
GVL_Troubleshooting.A_ContexteMachineGlobal.Idx101_ModeActive;E_Mode.MAINT_N1;E_Mode.MAINT_N1;E_Mode.MAINT_N1;E_Mode.MAINT_N1;E_Mode.MAINT_N1;E_Mode.MAINT_N1;E_Mode.MAINT_N1;E_Mode.MAINT_N1;E_Mode.MAINT_N1;E_Mode.MAINT_N1;E_Mode.MAINT_N1
GVL_Troubleshooting.A_ContexteMachineGlobal.Idx102_SimulationEnabled;FALSE;FALSE;FALSE;FALSE;FALSE;FALSE;FALSE;FALSE;FALSE;FALSE;FALSE
GVL_Troubleshooting.A_ContexteMachineGlobal.Idx103_JoystickCommOk;TRUE;TRUE;TRUE;TRUE;TRUE;TRUE;TRUE;TRUE;TRUE;TRUE;TRUE
GVL_Troubleshooting.A_ContexteMachineGlobal.Idx201_JoystickSelected;TRUE;TRUE;TRUE;TRUE;TRUE;TRUE;TRUE;TRUE;TRUE;TRUE;TRUE
GVL_Troubleshooting.A_ContexteMachineGlobal.Idx202_BypassNetworkGlobal;FALSE;FALSE;FALSE;FALSE;FALSE;FALSE;FALSE;FALSE;FALSE;FALSE;FALSE
GVL_Troubleshooting.A_ContexteMachineGlobal.Idx203_BypassSensorsGlobal;FALSE;FALSE;FALSE;FALSE;FALSE;FALSE;FALSE;FALSE;FALSE;FALSE;FALSE
GVL_Troubleshooting.A_ContexteMachineGlobal.Idx301_EmergencyChainClosed;TRUE;TRUE;TRUE;TRUE;TRUE;TRUE;TRUE;TRUE;TRUE;TRUE;TRUE
GVL_Troubleshooting.A_ContexteMachineGlobal.Idx302_PowerContactorEngaged;TRUE;TRUE;TRUE;TRUE;TRUE;TRUE;TRUE;TRUE;TRUE;TRUE;TRUE
GVL_Troubleshooting.A_ContexteMachineGlobal.Idx303_SafeStopActiveAny;FALSE;FALSE;FALSE;FALSE;FALSE;FALSE;FALSE;FALSE;FALSE;FALSE;FALSE
GVL_Troubleshooting.A_ContexteMachineGlobal.Idx304_PowerCutOffActiveAny;FALSE;FALSE;FALSE;FALSE;FALSE;FALSE;FALSE;FALSE;FALSE;FALSE;FALSE
GVL_Troubleshooting.A_ContexteMachineGlobal.Idx401_HmiHeartbeatOk;TRUE;TRUE;TRUE;TRUE;TRUE;TRUE;TRUE;TRUE;TRUE;TRUE;TRUE
GVL_Troubleshooting.A_ContexteMachineGlobal.Idx402_CycleAutoBusy;FALSE;FALSE;FALSE;FALSE;FALSE;FALSE;FALSE;FALSE;FALSE;FALSE;FALSE
GVL_Troubleshooting.B_Inputs.Winch.M1_ContactorsReleased_DI;TRUE;TRUE;TRUE;TRUE;TRUE;TRUE;TRUE;TRUE;TRUE;TRUE;TRUE
GVL_Troubleshooting.B_Inputs.Winch.M1_ThermalOk_DI;TRUE;TRUE;TRUE;TRUE;TRUE;TRUE;TRUE;TRUE;TRUE;TRUE;TRUE
GVL_Troubleshooting.B_Inputs.Winch.M1_BrakeIsOpen_DI;FALSE;FALSE;FALSE;FALSE;FALSE;FALSE;FALSE;FALSE;FALSE;FALSE;FALSE
GVL_Troubleshooting.B_Inputs.Winch.M2_ContactorsReleased_DI;TRUE;TRUE;TRUE;TRUE;TRUE;TRUE;TRUE;TRUE;TRUE;TRUE;TRUE
GVL_Troubleshooting.B_Inputs.Winch.M2_ThermalOk_DI;TRUE;TRUE;TRUE;TRUE;TRUE;TRUE;TRUE;TRUE;TRUE;TRUE;TRUE
GVL_Troubleshooting.B_Inputs.Winch.M2_BrakeIsOpen_DI;FALSE;FALSE;FALSE;FALSE;FALSE;FALSE;FALSE;FALSE;FALSE;FALSE;FALSE
GVL_Troubleshooting.B_Inputs.Winch.M1M2_TopPositionFree_DI;TRUE;TRUE;TRUE;TRUE;TRUE;TRUE;TRUE;TRUE;TRUE;TRUE;TRUE
GVL_Troubleshooting.B_Inputs.Winch.M2_TensionedCable_DI;TRUE;TRUE;TRUE;TRUE;TRUE;TRUE;TRUE;TRUE;TRUE;TRUE;TRUE
GVL_Troubleshooting.B_Inputs.Winch.COD1_PosValue;UDINT#16784821;UDINT#16784821;UDINT#16784821;UDINT#16784821;UDINT#16784821;UDINT#16784821;UDINT#16784821;UDINT#16784821;UDINT#16784821;UDINT#16784821;UDINT#16784821
GVL_Troubleshooting.B_Inputs.Winch.COD1_Alarms;UINT#0;UINT#0;UINT#0;UINT#0;UINT#0;UINT#0;UINT#0;UINT#0;UINT#0;UINT#0;UINT#0
GVL_Troubleshooting.B_Inputs.Winch.COD1_Warnings;UINT#0;UINT#0;UINT#0;UINT#0;UINT#0;UINT#0;UINT#0;UINT#0;UINT#0;UINT#0;UINT#0
GVL_Troubleshooting.B_Inputs.Winch.COD1_DeviceState;DEVICE_STATE.RUNNING;DEVICE_STATE.RUNNING;DEVICE_STATE.RUNNING;DEVICE_STATE.RUNNING;DEVICE_STATE.RUNNING;DEVICE_STATE.RUNNING;DEVICE_STATE.RUNNING;DEVICE_STATE.RUNNING;DEVICE_STATE.RUNNING;DEVICE_STATE.RUNNING;DEVICE_STATE.RUNNING
GVL_Troubleshooting.B_Inputs.Winch.COD2_PosValue;UDINT#16842813;UDINT#16842813;UDINT#16842813;UDINT#16842813;UDINT#16842813;UDINT#16842813;UDINT#16842813;UDINT#16842813;UDINT#16842813;UDINT#16842813;UDINT#16842813
GVL_Troubleshooting.B_Inputs.Winch.COD2_Alarms;UINT#0;UINT#0;UINT#0;UINT#0;UINT#0;UINT#0;UINT#0;UINT#0;UINT#0;UINT#0;UINT#0
GVL_Troubleshooting.B_Inputs.Winch.COD2_Warnings;UINT#0;UINT#0;UINT#0;UINT#0;UINT#0;UINT#0;UINT#0;UINT#0;UINT#0;UINT#0;UINT#0
GVL_Troubleshooting.B_Inputs.Winch.COD2_DeviceState;DEVICE_STATE.RUNNING;DEVICE_STATE.RUNNING;DEVICE_STATE.RUNNING;DEVICE_STATE.RUNNING;DEVICE_STATE.RUNNING;DEVICE_STATE.RUNNING;DEVICE_STATE.RUNNING;DEVICE_STATE.RUNNING;DEVICE_STATE.RUNNING;DEVICE_STATE.RUNNING;DEVICE_STATE.RUNNING
GVL_Troubleshooting.B_Inputs.Translation.M3_PosTremie_DI;TRUE;TRUE;TRUE;TRUE;TRUE;TRUE;TRUE;TRUE;TRUE;TRUE;TRUE
GVL_Troubleshooting.B_Inputs.Translation.M3_PosPV_DI;TRUE;TRUE;TRUE;TRUE;TRUE;TRUE;TRUE;TRUE;TRUE;TRUE;TRUE
GVL_Troubleshooting.B_Inputs.Translation.M3_PosPVP2_DI;TRUE;TRUE;TRUE;TRUE;TRUE;TRUE;TRUE;TRUE;TRUE;TRUE;TRUE
GVL_Troubleshooting.B_Inputs.Translation.M3_PosP1_DI;TRUE;TRUE;TRUE;TRUE;TRUE;TRUE;TRUE;TRUE;TRUE;TRUE;TRUE
GVL_Troubleshooting.B_Inputs.Translation.M3_PosMaintenance_DI;TRUE;TRUE;TRUE;TRUE;TRUE;TRUE;TRUE;TRUE;TRUE;TRUE;TRUE
GVL_Troubleshooting.B_Inputs.Translation.M3_BrakeIsOpen_DI;FALSE;FALSE;FALSE;FALSE;FALSE;FALSE;FALSE;FALSE;FALSE;FALSE;FALSE
GVL_Troubleshooting.B_Inputs.Translation.M3_ThermalOK_DI;TRUE;TRUE;TRUE;TRUE;TRUE;TRUE;TRUE;TRUE;TRUE;TRUE;TRUE
GVL_Troubleshooting.B_Inputs.Translation.M3_StatusWord;WORD#128;WORD#128;WORD#128;WORD#128;WORD#128;WORD#128;WORD#128;WORD#128;WORD#128;WORD#128;WORD#128
GVL_Troubleshooting.B_Inputs.Translation.M3_ActualFrequencyHz;UINT#0;UINT#0;UINT#0;UINT#0;UINT#0;UINT#0;UINT#0;UINT#0;UINT#0;UINT#0;UINT#0
GVL_Troubleshooting.B_Inputs.Translation.AC600_DeviceState;DEVICE_STATE.RUNNING;DEVICE_STATE.RUNNING;DEVICE_STATE.RUNNING;DEVICE_STATE.RUNNING;DEVICE_STATE.RUNNING;DEVICE_STATE.RUNNING;DEVICE_STATE.RUNNING;DEVICE_STATE.RUNNING;DEVICE_STATE.RUNNING;DEVICE_STATE.RUNNING;DEVICE_STATE.RUNNING
GVL_Troubleshooting.B_Inputs.Operator.JoyXRaw_ANA1;INT#5091;INT#5091;INT#5091;INT#5091;INT#5089;INT#5089;INT#5094;INT#5091;INT#5091;INT#5091;INT#5089
GVL_Troubleshooting.B_Inputs.Operator.JoyYRaw_ANA2;INT#4857;INT#4857;INT#4857;INT#4857;INT#4857;INT#4857;INT#4857;INT#4857;INT#4857;INT#4857;INT#4857
GVL_Troubleshooting.B_Inputs.Operator.JoyBtnRaw;FALSE;FALSE;FALSE;FALSE;FALSE;FALSE;FALSE;FALSE;FALSE;FALSE;FALSE
GVL_Troubleshooting.B_Inputs.Operator.CanBusState;INT#2;INT#2;INT#2;INT#2;INT#2;INT#2;INT#2;INT#2;INT#2;INT#2;INT#2
GVL_Troubleshooting.B_Inputs.Operator.JOY1_DeviceState;DEVICE_STATE.RUNNING;DEVICE_STATE.RUNNING;DEVICE_STATE.RUNNING;DEVICE_STATE.RUNNING;DEVICE_STATE.RUNNING;DEVICE_STATE.RUNNING;DEVICE_STATE.RUNNING;DEVICE_STATE.RUNNING;DEVICE_STATE.RUNNING;DEVICE_STATE.RUNNING;DEVICE_STATE.RUNNING
GVL_Troubleshooting.B_Inputs.Machine.PowerContactorEngaged_DI;TRUE;TRUE;TRUE;TRUE;TRUE;TRUE;TRUE;TRUE;TRUE;TRUE;TRUE
GVL_Troubleshooting.B_Inputs.Machine.EmergencyChainClosed_DI;TRUE;TRUE;TRUE;TRUE;TRUE;TRUE;TRUE;TRUE;TRUE;TRUE;TRUE
GVL_Troubleshooting.B_Inputs.Machine.PhaseRotationOk_DI;TRUE;TRUE;TRUE;TRUE;TRUE;TRUE;TRUE;TRUE;TRUE;TRUE;TRUE
GVL_Troubleshooting.B_Inputs.Machine.M1_M2_M3_BrakeThermalOk_DI;TRUE;TRUE;TRUE;TRUE;TRUE;TRUE;TRUE;TRUE;TRUE;TRUE;TRUE
GVL_Troubleshooting.B_Inputs.Machine.M1_M2_KoboldBottomTouch_DI;FALSE;FALSE;FALSE;FALSE;FALSE;FALSE;FALSE;FALSE;FALSE;FALSE;FALSE
GVL_Troubleshooting.B_Inputs.Machine.HydraulicThermalOk_DI;FALSE;FALSE;FALSE;FALSE;FALSE;FALSE;FALSE;FALSE;FALSE;FALSE;FALSE
GVL_Troubleshooting.B_Inputs.Machine.ConveyorInfeedReady_DI;FALSE;FALSE;FALSE;FALSE;FALSE;FALSE;FALSE;FALSE;FALSE;FALSE;FALSE
GVL_Troubleshooting.B_Inputs.Machine.TremieFull_OR_GateRaised_DI;FALSE;FALSE;FALSE;FALSE;FALSE;FALSE;FALSE;FALSE;FALSE;FALSE;FALSE
GVL_Troubleshooting.C_Safety.SimulationModeActive;FALSE;FALSE;FALSE;FALSE;FALSE;FALSE;FALSE;FALSE;FALSE;FALSE;FALSE
GVL_Troubleshooting.C_Safety.SimSafetyActive;FALSE;FALSE;FALSE;FALSE;FALSE;FALSE;FALSE;FALSE;FALSE;FALSE;FALSE
GVL_Troubleshooting.C_Safety.HwIn_EmergencyChainClosed_DI;TRUE;TRUE;TRUE;TRUE;TRUE;TRUE;TRUE;TRUE;TRUE;TRUE;TRUE
GVL_Troubleshooting.C_Safety.HwIn_PowerContactorEngaged_DI;TRUE;TRUE;TRUE;TRUE;TRUE;TRUE;TRUE;TRUE;TRUE;TRUE;TRUE
GVL_Troubleshooting.C_Safety.HwIn_EmergencyBtnCut_HMI;FALSE;FALSE;FALSE;FALSE;FALSE;FALSE;FALSE;FALSE;FALSE;FALSE;FALSE
GVL_Troubleshooting.C_Safety.Step1_InputModulesOk;TRUE;TRUE;TRUE;TRUE;TRUE;TRUE;TRUE;TRUE;TRUE;TRUE;TRUE
GVL_Troubleshooting.C_Safety.Step2_EmergencyBtnNotCut;TRUE;TRUE;TRUE;TRUE;TRUE;TRUE;TRUE;TRUE;TRUE;TRUE;TRUE
GVL_Troubleshooting.C_Safety.Step3_EmergencyChainClosed;TRUE;TRUE;TRUE;TRUE;TRUE;TRUE;TRUE;TRUE;TRUE;TRUE;TRUE
GVL_Troubleshooting.C_Safety.Step4_ContactorReleased;FALSE;FALSE;FALSE;FALSE;FALSE;FALSE;FALSE;FALSE;FALSE;FALSE;FALSE
GVL_Troubleshooting.C_Safety.Step5_ArmingAllowed;FALSE;FALSE;FALSE;FALSE;FALSE;FALSE;FALSE;FALSE;FALSE;FALSE;FALSE
GVL_Troubleshooting.C_Safety.ArmingStep;INT#0;INT#0;INT#0;INT#0;INT#0;INT#0;INT#0;INT#0;INT#0;INT#0;INT#0
GVL_Troubleshooting.C_Safety.ArmingPulseActive;FALSE;FALSE;FALSE;FALSE;FALSE;FALSE;FALSE;FALSE;FALSE;FALSE;FALSE
GVL_Troubleshooting.C_Safety.ArmingBusy;FALSE;FALSE;FALSE;FALSE;FALSE;FALSE;FALSE;FALSE;FALSE;FALSE;FALSE
GVL_Troubleshooting.C_Safety.LockoutActive;FALSE;FALSE;FALSE;FALSE;FALSE;FALSE;FALSE;FALSE;FALSE;FALSE;FALSE
GVL_Troubleshooting.C_Safety.PowerContactorEngaged;TRUE;TRUE;TRUE;TRUE;TRUE;TRUE;TRUE;TRUE;TRUE;TRUE;TRUE
GVL_Troubleshooting.C_Safety.PowerCutOffActive;FALSE;FALSE;FALSE;FALSE;FALSE;FALSE;FALSE;FALSE;FALSE;FALSE;FALSE
GVL_Troubleshooting.C_Safety.PowerCutOffRequest;FALSE;FALSE;FALSE;FALSE;FALSE;FALSE;FALSE;FALSE;FALSE;FALSE;FALSE
GVL_Troubleshooting.C_Safety.MaintainAActive;TRUE;TRUE;TRUE;TRUE;TRUE;TRUE;TRUE;TRUE;TRUE;TRUE;TRUE
GVL_Troubleshooting.C_Safety.MaintainBActive;TRUE;TRUE;TRUE;TRUE;TRUE;TRUE;TRUE;TRUE;TRUE;TRUE;TRUE
GVL_Troubleshooting.C_Safety.AllConditionsMet;TRUE;TRUE;TRUE;TRUE;TRUE;TRUE;TRUE;TRUE;TRUE;TRUE;TRUE
GVL_Troubleshooting.C_Safety.SafetyError;FALSE;FALSE;FALSE;FALSE;FALSE;FALSE;FALSE;FALSE;FALSE;FALSE;FALSE
GVL_Troubleshooting.C_Safety.ArmingErrorId;WORD#0;WORD#0;WORD#0;WORD#0;WORD#0;WORD#0;WORD#0;WORD#0;WORD#0;WORD#0;WORD#0
GVL_Troubleshooting.C_Safety.RedundancyTestFailed;FALSE;FALSE;FALSE;FALSE;FALSE;FALSE;FALSE;FALSE;FALSE;FALSE;FALSE
GVL_Troubleshooting.C_Safety.ArmingFailed;FALSE;FALSE;FALSE;FALSE;FALSE;FALSE;FALSE;FALSE;FALSE;FALSE;FALSE
GVL_Troubleshooting.C_Safety.WasArmed;TRUE;TRUE;TRUE;TRUE;TRUE;TRUE;TRUE;TRUE;TRUE;TRUE;TRUE
GVL_Troubleshooting.C_Safety.LastAbortStep;INT#0;INT#0;INT#0;INT#0;INT#0;INT#0;INT#0;INT#0;INT#0;INT#0;INT#0
GVL_Troubleshooting.C_Safety.LastAbortCause;WORD#0;WORD#0;WORD#0;WORD#0;WORD#0;WORD#0;WORD#0;WORD#0;WORD#0;WORD#0;WORD#0
GVL_Troubleshooting.D_Joystick.Step1_CanBusActive;TRUE;TRUE;TRUE;TRUE;TRUE;TRUE;TRUE;TRUE;TRUE;TRUE;TRUE
GVL_Troubleshooting.D_Joystick.Step2_JoystickOperational;TRUE;TRUE;TRUE;TRUE;TRUE;TRUE;TRUE;TRUE;TRUE;TRUE;TRUE
GVL_Troubleshooting.D_Joystick.HwIn_JoyBtnRaw_DI;FALSE;FALSE;FALSE;FALSE;FALSE;FALSE;FALSE;FALSE;FALSE;FALSE;FALSE
GVL_Troubleshooting.D_Joystick.NeutralXAct;TRUE;TRUE;TRUE;TRUE;TRUE;TRUE;TRUE;TRUE;TRUE;TRUE;TRUE
GVL_Troubleshooting.D_Joystick.NeutralYAct;TRUE;TRUE;TRUE;TRUE;TRUE;TRUE;TRUE;TRUE;TRUE;TRUE;TRUE
GVL_Troubleshooting.D_Joystick.Step3_DeadmanPressed;FALSE;FALSE;FALSE;FALSE;FALSE;FALSE;FALSE;FALSE;FALSE;FALSE;FALSE
GVL_Troubleshooting.D_Joystick.Step4_NeutralAcquired;TRUE;TRUE;TRUE;TRUE;TRUE;TRUE;TRUE;TRUE;TRUE;TRUE;TRUE
GVL_Troubleshooting.D_Joystick.DeadmanArmed;FALSE;FALSE;FALSE;FALSE;FALSE;FALSE;FALSE;FALSE;FALSE;FALSE;FALSE
GVL_Troubleshooting.D_Joystick.AllConditionsMet;FALSE;FALSE;FALSE;FALSE;FALSE;FALSE;FALSE;FALSE;FALSE;FALSE;FALSE
GVL_Troubleshooting.D_Joystick.JoystickSelected;TRUE;TRUE;TRUE;TRUE;TRUE;TRUE;TRUE;TRUE;TRUE;TRUE;TRUE
GVL_Troubleshooting.D_Joystick.SelJoystickWinch;INT#0;INT#0;INT#0;INT#0;INT#0;INT#0;INT#0;INT#0;INT#0;INT#0;INT#0
GVL_Troubleshooting.D_Joystick.RawX;INT#5091;INT#5091;INT#5091;INT#5091;INT#5089;INT#5089;INT#5094;INT#5091;INT#5091;INT#5091;INT#5089
GVL_Troubleshooting.D_Joystick.RawY;INT#4857;INT#4857;INT#4857;INT#4857;INT#4857;INT#4857;INT#4857;INT#4857;INT#4857;INT#4857;INT#4857
GVL_Troubleshooting.D_Joystick.DeflectionX_Pct;REAL#0;REAL#0;REAL#0;REAL#0;REAL#0;REAL#0;REAL#0;REAL#0;REAL#0;REAL#0;REAL#0
GVL_Troubleshooting.D_Joystick.DeflectionY_Pct;REAL#0;REAL#0;REAL#0;REAL#0;REAL#0;REAL#0;REAL#0;REAL#0;REAL#0;REAL#0;REAL#0
GVL_Troubleshooting.D_Joystick.DirectionX;INT#0;INT#0;INT#0;INT#0;INT#0;INT#0;INT#0;INT#0;INT#0;INT#0;INT#0
GVL_Troubleshooting.D_Joystick.DirectionY;INT#0;INT#0;INT#0;INT#0;INT#0;INT#0;INT#0;INT#0;INT#0;INT#0;INT#0
GVL_Troubleshooting.E_HomingM1.Step1_ModeAuthorized;TRUE;TRUE;TRUE;TRUE;TRUE;TRUE;TRUE;TRUE;TRUE;TRUE;TRUE
GVL_Troubleshooting.E_HomingM1.Step2_WinchSelected;TRUE;TRUE;TRUE;TRUE;TRUE;TRUE;TRUE;TRUE;TRUE;TRUE;TRUE
GVL_Troubleshooting.E_HomingM1.Step3_EncoderAvailable;TRUE;TRUE;TRUE;TRUE;TRUE;TRUE;TRUE;TRUE;TRUE;TRUE;TRUE
GVL_Troubleshooting.E_HomingM1.HwIn_ContactorsReleased_DI;TRUE;TRUE;TRUE;TRUE;TRUE;TRUE;TRUE;TRUE;TRUE;TRUE;TRUE
GVL_Troubleshooting.E_HomingM1.HwIn_BrakeIsOpen_DI;FALSE;FALSE;FALSE;FALSE;FALSE;FALSE;FALSE;FALSE;FALSE;FALSE;FALSE
GVL_Troubleshooting.E_HomingM1.HwIn_TopPositionFree_DI;TRUE;TRUE;TRUE;TRUE;TRUE;TRUE;TRUE;TRUE;TRUE;TRUE;TRUE
GVL_Troubleshooting.E_HomingM1.Step4_ContactorsReleased;TRUE;TRUE;TRUE;TRUE;TRUE;TRUE;TRUE;TRUE;TRUE;TRUE;TRUE
GVL_Troubleshooting.E_HomingM1.Step5_BrakeApplied;TRUE;TRUE;TRUE;TRUE;TRUE;TRUE;TRUE;TRUE;TRUE;TRUE;TRUE
GVL_Troubleshooting.E_HomingM1.TopPositionSensorActive;FALSE;FALSE;FALSE;FALSE;FALSE;FALSE;FALSE;FALSE;FALSE;FALSE;FALSE
GVL_Troubleshooting.E_HomingM1.BucketIsOpen;FALSE;FALSE;FALSE;FALSE;FALSE;FALSE;FALSE;FALSE;FALSE;FALSE;FALSE
GVL_Troubleshooting.E_HomingM1.AllConditionsMet;TRUE;TRUE;TRUE;TRUE;TRUE;TRUE;TRUE;TRUE;TRUE;TRUE;TRUE
GVL_Troubleshooting.E_HomingM1.HomingBusy;FALSE;FALSE;FALSE;FALSE;FALSE;FALSE;FALSE;FALSE;FALSE;FALSE;FALSE
GVL_Troubleshooting.E_HomingM1.HomingDone;FALSE;FALSE;FALSE;FALSE;FALSE;FALSE;FALSE;FALSE;FALSE;FALSE;FALSE
GVL_Troubleshooting.E_HomingM1.HomingHomed;TRUE;TRUE;TRUE;TRUE;TRUE;TRUE;TRUE;TRUE;TRUE;TRUE;TRUE
GVL_Troubleshooting.E_HomingM1.HomingSuspect;FALSE;FALSE;FALSE;FALSE;FALSE;FALSE;FALSE;FALSE;FALSE;FALSE;FALSE
GVL_Troubleshooting.E_HomingM1.RejectErrorMask;WORD#0;WORD#0;WORD#0;WORD#0;WORD#0;WORD#0;WORD#0;WORD#0;WORD#0;WORD#0;WORD#0
GVL_Troubleshooting.F_HomingM2.Step1_ModeAuthorized;TRUE;TRUE;TRUE;TRUE;TRUE;TRUE;TRUE;TRUE;TRUE;TRUE;TRUE
GVL_Troubleshooting.F_HomingM2.Step2_WinchSelected;TRUE;TRUE;TRUE;TRUE;TRUE;TRUE;TRUE;TRUE;TRUE;TRUE;TRUE
GVL_Troubleshooting.F_HomingM2.Step3_EncoderAvailable;TRUE;TRUE;TRUE;TRUE;TRUE;TRUE;TRUE;TRUE;TRUE;TRUE;TRUE
GVL_Troubleshooting.F_HomingM2.HwIn_ContactorsReleased_DI;TRUE;TRUE;TRUE;TRUE;TRUE;TRUE;TRUE;TRUE;TRUE;TRUE;TRUE
GVL_Troubleshooting.F_HomingM2.HwIn_BrakeIsOpen_DI;FALSE;FALSE;FALSE;FALSE;FALSE;FALSE;FALSE;FALSE;FALSE;FALSE;FALSE
GVL_Troubleshooting.F_HomingM2.HwIn_TopPositionFree_DI;TRUE;TRUE;TRUE;TRUE;TRUE;TRUE;TRUE;TRUE;TRUE;TRUE;TRUE
GVL_Troubleshooting.F_HomingM2.Step4_ContactorsReleased;TRUE;TRUE;TRUE;TRUE;TRUE;TRUE;TRUE;TRUE;TRUE;TRUE;TRUE
GVL_Troubleshooting.F_HomingM2.Step5_BrakeApplied;TRUE;TRUE;TRUE;TRUE;TRUE;TRUE;TRUE;TRUE;TRUE;TRUE;TRUE
GVL_Troubleshooting.F_HomingM2.TopPositionSensorActive;FALSE;FALSE;FALSE;FALSE;FALSE;FALSE;FALSE;FALSE;FALSE;FALSE;FALSE
GVL_Troubleshooting.F_HomingM2.BucketIsOpen;FALSE;FALSE;FALSE;FALSE;FALSE;FALSE;FALSE;FALSE;FALSE;FALSE;FALSE
GVL_Troubleshooting.F_HomingM2.AllConditionsMet;TRUE;TRUE;TRUE;TRUE;TRUE;TRUE;TRUE;TRUE;TRUE;TRUE;TRUE
GVL_Troubleshooting.F_HomingM2.HomingBusy;FALSE;FALSE;FALSE;FALSE;FALSE;FALSE;FALSE;FALSE;FALSE;FALSE;FALSE
GVL_Troubleshooting.F_HomingM2.HomingDone;FALSE;FALSE;FALSE;FALSE;FALSE;FALSE;FALSE;FALSE;FALSE;FALSE;FALSE
GVL_Troubleshooting.F_HomingM2.HomingHomed;TRUE;TRUE;TRUE;TRUE;TRUE;TRUE;TRUE;TRUE;TRUE;TRUE;TRUE
GVL_Troubleshooting.F_HomingM2.HomingSuspect;FALSE;FALSE;FALSE;FALSE;FALSE;FALSE;FALSE;FALSE;FALSE;FALSE;FALSE
GVL_Troubleshooting.F_HomingM2.RejectErrorMask;WORD#0;WORD#0;WORD#0;WORD#0;WORD#0;WORD#0;WORD#0;WORD#0;WORD#0;WORD#0;WORD#0
GVL_Troubleshooting.G_CycleSemiAuto.Idx101_ModeSemiAutoActive;FALSE;FALSE;FALSE;FALSE;FALSE;FALSE;FALSE;FALSE;FALSE;FALSE;FALSE
GVL_Troubleshooting.G_CycleSemiAuto.Idx102_PowerAndSafetyOk;TRUE;TRUE;TRUE;TRUE;TRUE;TRUE;TRUE;TRUE;TRUE;TRUE;TRUE
GVL_Troubleshooting.G_CycleSemiAuto.Idx103_HeartbeatIhmOk;TRUE;TRUE;TRUE;TRUE;TRUE;TRUE;TRUE;TRUE;TRUE;TRUE;TRUE
GVL_Troubleshooting.G_CycleSemiAuto.Idx104_DeadmanArmed;FALSE;FALSE;FALSE;FALSE;FALSE;FALSE;FALSE;FALSE;FALSE;FALSE;FALSE
GVL_Troubleshooting.G_CycleSemiAuto.Idx105_MancheDeflechi;FALSE;FALSE;FALSE;FALSE;FALSE;FALSE;FALSE;FALSE;FALSE;FALSE;FALSE
GVL_Troubleshooting.G_CycleSemiAuto.Idx106_HomedM1M2;TRUE;TRUE;TRUE;TRUE;TRUE;TRUE;TRUE;TRUE;TRUE;TRUE;TRUE
GVL_Troubleshooting.G_CycleSemiAuto.Idx107_StartCycleRequest;FALSE;FALSE;FALSE;FALSE;FALSE;FALSE;FALSE;FALSE;FALSE;FALSE;FALSE
GVL_Troubleshooting.G_CycleSemiAuto.Idx108_AbortCycleRequest;FALSE;FALSE;FALSE;FALSE;FALSE;FALSE;FALSE;FALSE;FALSE;FALSE;FALSE
GVL_Troubleshooting.G_CycleSemiAuto.Idx201_Ready;FALSE;FALSE;FALSE;FALSE;FALSE;FALSE;FALSE;FALSE;FALSE;FALSE;FALSE
GVL_Troubleshooting.G_CycleSemiAuto.Idx202_Busy;FALSE;FALSE;FALSE;FALSE;FALSE;FALSE;FALSE;FALSE;FALSE;FALSE;FALSE
GVL_Troubleshooting.G_CycleSemiAuto.Idx203_Done;FALSE;FALSE;FALSE;FALSE;FALSE;FALSE;FALSE;FALSE;FALSE;FALSE;FALSE
GVL_Troubleshooting.G_CycleSemiAuto.Idx204_Error;FALSE;FALSE;FALSE;FALSE;FALSE;FALSE;FALSE;FALSE;FALSE;FALSE;FALSE
GVL_Troubleshooting.G_CycleSemiAuto.Idx205_ErrorId;WORD#0;WORD#0;WORD#0;WORD#0;WORD#0;WORD#0;WORD#0;WORD#0;WORD#0;WORD#0;WORD#0
GVL_Troubleshooting.G_CycleSemiAuto.Idx206_Step;E_AutoCycleStep.AX0_REPOS;E_AutoCycleStep.AX0_REPOS;E_AutoCycleStep.AX0_REPOS;E_AutoCycleStep.AX0_REPOS;E_AutoCycleStep.AX0_REPOS;E_AutoCycleStep.AX0_REPOS;E_AutoCycleStep.AX0_REPOS;E_AutoCycleStep.AX0_REPOS;E_AutoCycleStep.AX0_REPOS;E_AutoCycleStep.AX0_REPOS;E_AutoCycleStep.AX0_REPOS
GVL_Troubleshooting.G_CycleSemiAuto.Idx208_StepAtError;E_AutoCycleStep.AX0_REPOS;E_AutoCycleStep.AX0_REPOS;E_AutoCycleStep.AX0_REPOS;E_AutoCycleStep.AX0_REPOS;E_AutoCycleStep.AX0_REPOS;E_AutoCycleStep.AX0_REPOS;E_AutoCycleStep.AX0_REPOS;E_AutoCycleStep.AX0_REPOS;E_AutoCycleStep.AX0_REPOS;E_AutoCycleStep.AX0_REPOS;E_AutoCycleStep.AX0_REPOS
GVL_Troubleshooting.G_CycleSemiAuto.Idx209_WaitingForOperator;FALSE;FALSE;FALSE;FALSE;FALSE;FALSE;FALSE;FALSE;FALSE;FALSE;FALSE
GVL_Troubleshooting.G_CycleSemiAuto.Idx210_WaitingForProcess;FALSE;FALSE;FALSE;FALSE;FALSE;FALSE;FALSE;FALSE;FALSE;FALSE;FALSE
GVL_Troubleshooting.G_CycleSemiAuto.Idx211_OperatorActionId;WORD#0;WORD#0;WORD#0;WORD#0;WORD#0;WORD#0;WORD#0;WORD#0;WORD#0;WORD#0;WORD#0
GVL_Troubleshooting.G_CycleSemiAuto.Idx213_ExpectedAxis;E_OperatorAxis.JOYSTICK_Y;E_OperatorAxis.JOYSTICK_Y;E_OperatorAxis.JOYSTICK_Y;E_OperatorAxis.JOYSTICK_Y;E_OperatorAxis.JOYSTICK_Y;E_OperatorAxis.JOYSTICK_Y;E_OperatorAxis.JOYSTICK_Y;E_OperatorAxis.JOYSTICK_Y;E_OperatorAxis.JOYSTICK_Y;E_OperatorAxis.JOYSTICK_Y;E_OperatorAxis.JOYSTICK_Y
GVL_Troubleshooting.G_CycleSemiAuto.Idx214_ExpectedDirection;INT#0;INT#0;INT#0;INT#0;INT#0;INT#0;INT#0;INT#0;INT#0;INT#0;INT#0
GVL_Troubleshooting.G_CycleSemiAuto.Idx215_WaitingResume;FALSE;FALSE;FALSE;FALSE;FALSE;FALSE;FALSE;FALSE;FALSE;FALSE;FALSE
GVL_Troubleshooting.G_CycleSemiAuto.Idx216_PausedState;E_AutoCycleStep.AX0_REPOS;E_AutoCycleStep.AX0_REPOS;E_AutoCycleStep.AX0_REPOS;E_AutoCycleStep.AX0_REPOS;E_AutoCycleStep.AX0_REPOS;E_AutoCycleStep.AX0_REPOS;E_AutoCycleStep.AX0_REPOS;E_AutoCycleStep.AX0_REPOS;E_AutoCycleStep.AX0_REPOS;E_AutoCycleStep.AX0_REPOS;E_AutoCycleStep.AX0_REPOS
GVL_Troubleshooting.G_CycleSemiAuto.Idx301_TargetPosition;INT#0;INT#0;INT#0;INT#0;INT#0;INT#0;INT#0;INT#0;INT#0;INT#0;INT#0
GVL_Troubleshooting.G_CycleSemiAuto.Idx302_TargetDepth_M;REAL#-12.5;REAL#-12.5;REAL#-12.5;REAL#-12.5;REAL#-12.5;REAL#-12.5;REAL#-12.5;REAL#-12.5;REAL#-12.5;REAL#-12.5;REAL#-12.5
GVL_Troubleshooting.G_CycleSemiAuto.Idx303_KoboldBottomTouch;FALSE;FALSE;FALSE;FALSE;FALSE;FALSE;FALSE;FALSE;FALSE;FALSE;FALSE
GVL_Troubleshooting.G_CycleSemiAuto.Idx304_SpeedMismatchActive;FALSE;FALSE;FALSE;FALSE;FALSE;FALSE;FALSE;FALSE;FALSE;FALSE;FALSE
GVL_Troubleshooting.G_CycleSemiAuto.Idx305_LimitLegalReached;FALSE;FALSE;FALSE;FALSE;FALSE;FALSE;FALSE;FALSE;FALSE;FALSE;FALSE
GVL_Troubleshooting.G_CycleSemiAuto.Idx306_WinchSyncError;FALSE;FALSE;FALSE;FALSE;FALSE;FALSE;FALSE;FALSE;FALSE;FALSE;FALSE
GVL_Troubleshooting.H_LevageSynchroniseM1M2.Idx101_M1_CablePos_M;REAL#7.845459;REAL#7.845459;REAL#7.845459;REAL#7.845459;REAL#7.845459;REAL#7.845459;REAL#7.845459;REAL#7.845459;REAL#7.845459;REAL#7.845459;REAL#7.845459
GVL_Troubleshooting.H_LevageSynchroniseM1M2.Idx102_M2_CablePos_M;REAL#22.7844238;REAL#22.7844238;REAL#22.7844238;REAL#22.7844238;REAL#22.7844238;REAL#22.7844238;REAL#22.7844238;REAL#22.7844238;REAL#22.7844238;REAL#22.7844238;REAL#22.7844238
GVL_Troubleshooting.H_LevageSynchroniseM1M2.Idx103_SyncDelta_M;REAL#0.0610351563;REAL#0.0610351563;REAL#0.0610351563;REAL#0.0610351563;REAL#0.0610351563;REAL#0.0610351563;REAL#0.0610351563;REAL#0.0610351563;REAL#0.0610351563;REAL#0.0610351563;REAL#0.0610351563
GVL_Troubleshooting.H_LevageSynchroniseM1M2.Idx201_JoyYRaw_Pct;REAL#0;REAL#0;REAL#0;REAL#0;REAL#0;REAL#0;REAL#0;REAL#0;REAL#0;REAL#0;REAL#0
GVL_Troubleshooting.H_LevageSynchroniseM1M2.Idx202_SyncEnabled_IHM;TRUE;TRUE;TRUE;TRUE;TRUE;TRUE;TRUE;TRUE;TRUE;TRUE;TRUE
GVL_Troubleshooting.H_LevageSynchroniseM1M2.Idx203_ArbitratedSpeed_Pct;REAL#0;REAL#0;REAL#0;REAL#0;REAL#0;REAL#0;REAL#0;REAL#0;REAL#0;REAL#0;REAL#0
GVL_Troubleshooting.H_LevageSynchroniseM1M2.Idx301_EmergencyChainClosed;TRUE;TRUE;TRUE;TRUE;TRUE;TRUE;TRUE;TRUE;TRUE;TRUE;TRUE
GVL_Troubleshooting.H_LevageSynchroniseM1M2.Idx302_SyncFaultActive;FALSE;FALSE;FALSE;FALSE;FALSE;FALSE;FALSE;FALSE;FALSE;FALSE;FALSE
GVL_Troubleshooting.H_LevageSynchroniseM1M2.Idx303_M1_AscentPermit;FALSE;FALSE;FALSE;FALSE;FALSE;FALSE;FALSE;FALSE;FALSE;FALSE;FALSE
GVL_Troubleshooting.H_LevageSynchroniseM1M2.Idx304_M2_AscentPermit;FALSE;FALSE;FALSE;FALSE;FALSE;FALSE;FALSE;FALSE;FALSE;FALSE;FALSE
GVL_Troubleshooting.H_LevageSynchroniseM1M2.Idx401_SyncMotionAllowed;FALSE;FALSE;FALSE;FALSE;FALSE;FALSE;FALSE;FALSE;FALSE;FALSE;FALSE
GVL_Troubleshooting.H_LevageSynchroniseM1M2.Idx402_M1_SetpointSpeed_Pct;REAL#0;REAL#0;REAL#0;REAL#0;REAL#0;REAL#0;REAL#0;REAL#0;REAL#0;REAL#0;REAL#0
GVL_Troubleshooting.H_LevageSynchroniseM1M2.Idx403_M2_SetpointSpeed_Pct;REAL#0;REAL#0;REAL#0;REAL#0;REAL#0;REAL#0;REAL#0;REAL#0;REAL#0;REAL#0;REAL#0
GVL_Troubleshooting.H_LevageSynchroniseM1M2.Idx501_M1_CmdRelayFwd_DQ;FALSE;FALSE;FALSE;FALSE;FALSE;FALSE;FALSE;FALSE;FALSE;FALSE;FALSE
GVL_Troubleshooting.H_LevageSynchroniseM1M2.Idx502_M2_CmdRelayFwd_DQ;FALSE;FALSE;FALSE;FALSE;FALSE;FALSE;FALSE;FALSE;FALSE;FALSE;FALSE
GVL_Troubleshooting.I_LevageUnitaireM1.Inputs_100.Idx101_EncoderRawPos;DINT#16784821;DINT#16784821;DINT#16784821;DINT#16784821;DINT#16784821;DINT#16784821;DINT#16784821;DINT#16784821;DINT#16784821;DINT#16784821;DINT#16784821
GVL_Troubleshooting.I_LevageUnitaireM1.Inputs_100.Idx102_CablePos_M;REAL#7.845459;REAL#7.845459;REAL#7.845459;REAL#7.845459;REAL#7.845459;REAL#7.845459;REAL#7.845459;REAL#7.845459;REAL#7.845459;REAL#7.845459;REAL#7.845459
GVL_Troubleshooting.I_LevageUnitaireM1.Inputs_100.Idx103_ContactorsReleased_DI;TRUE;TRUE;TRUE;TRUE;TRUE;TRUE;TRUE;TRUE;TRUE;TRUE;TRUE
GVL_Troubleshooting.I_LevageUnitaireM1.Inputs_100.Idx104_BrakeApplied;TRUE;TRUE;TRUE;TRUE;TRUE;TRUE;TRUE;TRUE;TRUE;TRUE;TRUE
GVL_Troubleshooting.I_LevageUnitaireM1.Inputs_100.Idx105_ThermalOk_DI;TRUE;TRUE;TRUE;TRUE;TRUE;TRUE;TRUE;TRUE;TRUE;TRUE;TRUE
GVL_Troubleshooting.I_LevageUnitaireM1.Demandes_200.Idx201_JoyRawPhysical_ANA;INT#4857;INT#4857;INT#4857;INT#4857;INT#4857;INT#4857;INT#4857;INT#4859;INT#4857;INT#4857;INT#4857
GVL_Troubleshooting.I_LevageUnitaireM1.Demandes_200.Idx202_JoyScaledPhysical_Pct;REAL#0;REAL#0;REAL#0;REAL#0;REAL#0;REAL#0;REAL#0;REAL#0;REAL#0;REAL#0;REAL#0
GVL_Troubleshooting.I_LevageUnitaireM1.Demandes_200.Idx203_HmiManualCmd_BtnAscent;FALSE;FALSE;FALSE;FALSE;FALSE;FALSE;FALSE;FALSE;FALSE;FALSE;FALSE
GVL_Troubleshooting.I_LevageUnitaireM1.Demandes_200.Idx204_HmiManualCmd_BtnDescent;FALSE;FALSE;FALSE;FALSE;FALSE;FALSE;FALSE;FALSE;FALSE;FALSE;FALSE
GVL_Troubleshooting.I_LevageUnitaireM1.Demandes_200.Idx205_CycleAutoCmd_Pct;REAL#0;REAL#0;REAL#0;REAL#0;REAL#0;REAL#0;REAL#0;REAL#0;REAL#0;REAL#0;REAL#0
GVL_Troubleshooting.I_LevageUnitaireM1.Demandes_200.Idx206_ModeActive;E_Mode.MAINT_N1;E_Mode.MAINT_N1;E_Mode.MAINT_N1;E_Mode.MAINT_N1;E_Mode.MAINT_N1;E_Mode.MAINT_N1;E_Mode.MAINT_N1;E_Mode.MAINT_N1;E_Mode.MAINT_N1;E_Mode.MAINT_N1;E_Mode.MAINT_N1
GVL_Troubleshooting.I_LevageUnitaireM1.Demandes_200.Idx207_BypassOperatorComm;FALSE;FALSE;FALSE;FALSE;FALSE;FALSE;FALSE;FALSE;FALSE;FALSE;FALSE
GVL_Troubleshooting.I_LevageUnitaireM1.Demandes_200.Idx208_ArbitratedSpeed_Pct;REAL#0;REAL#0;REAL#0;REAL#0;REAL#0;REAL#0;REAL#0;REAL#0;REAL#0;REAL#0;REAL#0
GVL_Troubleshooting.I_LevageUnitaireM1.Demandes_200.Idx209_ArbitratedDirection;INT#0;INT#0;INT#0;INT#0;INT#0;INT#0;INT#0;INT#0;INT#0;INT#0;INT#0
GVL_Troubleshooting.I_LevageUnitaireM1.Demandes_200.Idx210_CoupledUserRequestDirection;INT#0;INT#0;INT#0;INT#0;INT#0;INT#0;INT#0;INT#0;INT#0;INT#0;INT#0
GVL_Troubleshooting.I_LevageUnitaireM1.Demandes_200.Idx211_CoupledUserRequestActive;FALSE;FALSE;FALSE;FALSE;FALSE;FALSE;FALSE;FALSE;FALSE;FALSE;FALSE
GVL_Troubleshooting.I_LevageUnitaireM1.Safety_300.Idx301_EmergencyChainClosed;TRUE;TRUE;TRUE;TRUE;TRUE;TRUE;TRUE;TRUE;TRUE;TRUE;TRUE
GVL_Troubleshooting.I_LevageUnitaireM1.Safety_300.Idx302_SafeStopActive;FALSE;FALSE;FALSE;FALSE;FALSE;FALSE;FALSE;FALSE;FALSE;FALSE;FALSE
GVL_Troubleshooting.I_LevageUnitaireM1.Safety_300.Idx303_PowerCutOffActive;FALSE;FALSE;FALSE;FALSE;FALSE;FALSE;FALSE;FALSE;FALSE;FALSE;FALSE
GVL_Troubleshooting.I_LevageUnitaireM1.Safety_300.Idx304_TopSensorPhysical_DI;TRUE;TRUE;TRUE;TRUE;TRUE;TRUE;TRUE;TRUE;TRUE;TRUE;TRUE
GVL_Troubleshooting.I_LevageUnitaireM1.Safety_300.Idx305_TopSensorBypassActive;FALSE;FALSE;FALSE;FALSE;FALSE;FALSE;FALSE;FALSE;FALSE;FALSE;FALSE
GVL_Troubleshooting.I_LevageUnitaireM1.Safety_300.Idx306_AscentPermitEffective;FALSE;FALSE;FALSE;FALSE;FALSE;FALSE;FALSE;FALSE;FALSE;FALSE;FALSE
GVL_Troubleshooting.I_LevageUnitaireM1.Safety_300.Idx307_SlackCablePhysical_DI;FALSE;FALSE;FALSE;FALSE;FALSE;FALSE;FALSE;FALSE;FALSE;FALSE;FALSE
GVL_Troubleshooting.I_LevageUnitaireM1.Safety_300.Idx308_SlackCableBypassActive;FALSE;FALSE;FALSE;FALSE;FALSE;FALSE;FALSE;FALSE;FALSE;FALSE;FALSE
GVL_Troubleshooting.I_LevageUnitaireM1.Safety_300.Idx309_DescendPermitEffective;FALSE;FALSE;FALSE;FALSE;FALSE;FALSE;FALSE;FALSE;FALSE;FALSE;FALSE
GVL_Troubleshooting.I_LevageUnitaireM1.Safety_300.Idx310_ErrorOperatorComm;FALSE;FALSE;FALSE;FALSE;FALSE;FALSE;FALSE;FALSE;FALSE;FALSE;FALSE
GVL_Troubleshooting.I_LevageUnitaireM1.Safety_300.Idx311_ErrorEncoder;FALSE;FALSE;FALSE;FALSE;FALSE;FALSE;FALSE;FALSE;FALSE;FALSE;FALSE
GVL_Troubleshooting.I_LevageUnitaireM1.Safety_300.Idx312_ErrorPhaseRotation;FALSE;FALSE;FALSE;FALSE;FALSE;FALSE;FALSE;FALSE;FALSE;FALSE;FALSE
GVL_Troubleshooting.I_LevageUnitaireM1.Safety_300.Idx313_ErrorMecaA;FALSE;FALSE;FALSE;FALSE;FALSE;FALSE;FALSE;FALSE;FALSE;FALSE;FALSE
GVL_Troubleshooting.I_LevageUnitaireM1.Safety_300.Idx314_ErrorMecaB;FALSE;FALSE;FALSE;FALSE;FALSE;FALSE;FALSE;FALSE;FALSE;FALSE;FALSE
GVL_Troubleshooting.I_LevageUnitaireM1.Safety_300.Idx315_ErrorMecaC;FALSE;FALSE;FALSE;FALSE;FALSE;FALSE;FALSE;FALSE;FALSE;FALSE;FALSE
GVL_Troubleshooting.I_LevageUnitaireM1.Safety_300.Idx316_ErrorMecaD;FALSE;FALSE;FALSE;FALSE;FALSE;FALSE;FALSE;FALSE;FALSE;FALSE;FALSE
GVL_Troubleshooting.I_LevageUnitaireM1.Safety_300.Idx317_ErrorMecaE;FALSE;FALSE;FALSE;FALSE;FALSE;FALSE;FALSE;FALSE;FALSE;FALSE;FALSE
GVL_Troubleshooting.I_LevageUnitaireM1.Safety_300.Idx318_ErrorBrakeThermal;FALSE;FALSE;FALSE;FALSE;FALSE;FALSE;FALSE;FALSE;FALSE;FALSE;FALSE
GVL_Troubleshooting.I_LevageUnitaireM1.Safety_300.Idx319_ErrorOppositeDir;FALSE;FALSE;FALSE;FALSE;FALSE;FALSE;FALSE;FALSE;FALSE;FALSE;FALSE
GVL_Troubleshooting.I_LevageUnitaireM1.Safety_300.Idx320_ErrorNoMovement;FALSE;FALSE;FALSE;FALSE;FALSE;FALSE;FALSE;FALSE;FALSE;FALSE;FALSE
GVL_Troubleshooting.I_LevageUnitaireM1.Safety_300.Idx321_CfgTopLimitM;REAL#7.5;REAL#7.5;REAL#7.5;REAL#7.5;REAL#7.5;REAL#7.5;REAL#7.5;REAL#7.5;REAL#7.5;REAL#7.5;REAL#7.5
GVL_Troubleshooting.I_LevageUnitaireM1.Safety_300.Idx322_CablePosM;REAL#7.845459;REAL#7.845459;REAL#7.845459;REAL#7.845459;REAL#7.845459;REAL#7.845459;REAL#7.845459;REAL#7.845459;REAL#7.845459;REAL#7.845459;REAL#7.845459
GVL_Troubleshooting.I_LevageUnitaireM1.Safety_300.Idx323_TopLimitReached;TRUE;TRUE;TRUE;TRUE;TRUE;TRUE;TRUE;TRUE;TRUE;TRUE;TRUE
GVL_Troubleshooting.I_LevageUnitaireM1.Safety_300.Idx324_AscentBlockedByTopLimit;TRUE;TRUE;TRUE;TRUE;TRUE;TRUE;TRUE;TRUE;TRUE;TRUE;TRUE
GVL_Troubleshooting.I_LevageUnitaireM1.Safety_300.Idx325_BypassTopLimitSoftware;FALSE;FALSE;FALSE;FALSE;FALSE;FALSE;FALSE;FALSE;FALSE;FALSE;FALSE
GVL_Troubleshooting.I_LevageUnitaireM1.Safety_300.Idx326_BypassTopLimitSoftCommun;FALSE;FALSE;FALSE;FALSE;FALSE;FALSE;FALSE;FALSE;FALSE;FALSE;FALSE
GVL_Troubleshooting.I_LevageUnitaireM1.Safety_300.Idx327_BypassTopLimitSwitch;FALSE;FALSE;FALSE;FALSE;FALSE;FALSE;FALSE;FALSE;FALSE;FALSE;FALSE
GVL_Troubleshooting.I_LevageUnitaireM1.Safety_300.Idx328_BypassTopLimitSwitchCommun;FALSE;FALSE;FALSE;FALSE;FALSE;FALSE;FALSE;FALSE;FALSE;FALSE;FALSE
GVL_Troubleshooting.I_LevageUnitaireM1.Safety_300.Idx329_BypassGlobal;FALSE;FALSE;FALSE;FALSE;FALSE;FALSE;FALSE;FALSE;FALSE;FALSE;FALSE
GVL_Troubleshooting.I_LevageUnitaireM1.Safety_300.Idx330_BypassGlobalCommun;FALSE;FALSE;FALSE;FALSE;FALSE;FALSE;FALSE;FALSE;FALSE;FALSE;FALSE
GVL_Troubleshooting.I_LevageUnitaireM1.Control_400.Idx401_MotionAllowed;TRUE;TRUE;TRUE;TRUE;TRUE;TRUE;TRUE;TRUE;TRUE;TRUE;TRUE
GVL_Troubleshooting.I_LevageUnitaireM1.Control_400.Idx402_SpeedStepCalculated;INT#0;INT#0;INT#0;INT#0;INT#0;INT#0;INT#0;INT#0;INT#0;INT#0;INT#0
GVL_Troubleshooting.I_LevageUnitaireM1.Control_400.Idx403_SpeedRamp_Pct;REAL#0;REAL#0;REAL#0;REAL#0;REAL#0;REAL#0;REAL#0;REAL#0;REAL#0;REAL#0;REAL#0
GVL_Troubleshooting.I_LevageUnitaireM1.Control_400.Idx404_BrakeReleaseAuthorized;FALSE;FALSE;FALSE;FALSE;FALSE;FALSE;FALSE;FALSE;FALSE;FALSE;FALSE
GVL_Troubleshooting.I_LevageUnitaireM1.Control_400.Idx405_FinalInterlockState;E_WinchFinalInterlockState.READY;E_WinchFinalInterlockState.READY;E_WinchFinalInterlockState.READY;E_WinchFinalInterlockState.READY;E_WinchFinalInterlockState.READY;E_WinchFinalInterlockState.READY;E_WinchFinalInterlockState.READY;E_WinchFinalInterlockState.READY;E_WinchFinalInterlockState.READY;E_WinchFinalInterlockState.READY;E_WinchFinalInterlockState.READY
GVL_Troubleshooting.I_LevageUnitaireM1.Control_400.Idx406_FinalInterlockReason;E_WinchFinalInterlockReason.NONE;E_WinchFinalInterlockReason.NONE;E_WinchFinalInterlockReason.NONE;E_WinchFinalInterlockReason.NONE;E_WinchFinalInterlockReason.NONE;E_WinchFinalInterlockReason.NONE;E_WinchFinalInterlockReason.NONE;E_WinchFinalInterlockReason.NONE;E_WinchFinalInterlockReason.NONE;E_WinchFinalInterlockReason.NONE;E_WinchFinalInterlockReason.NONE
GVL_Troubleshooting.I_LevageUnitaireM1.Control_400.Idx407_FinalAuthorizedStep;INT#0;INT#0;INT#0;INT#0;INT#0;INT#0;INT#0;INT#0;INT#0;INT#0;INT#0
GVL_Troubleshooting.I_LevageUnitaireM1.Control_400.Idx408_BrakeCommandOpenConfirmed;FALSE;FALSE;FALSE;FALSE;FALSE;FALSE;FALSE;FALSE;FALSE;FALSE;FALSE
GVL_Troubleshooting.I_LevageUnitaireM1.Control_400.Idx409_BrakeTimeoutElapsed;TIME#0ms;TIME#0ms;TIME#0ms;TIME#0ms;TIME#0ms;TIME#0ms;TIME#0ms;TIME#0ms;TIME#0ms;TIME#0ms;TIME#0ms
GVL_Troubleshooting.I_LevageUnitaireM1.Control_400.Idx410_RestartDelayElapsed;TIME#1s500ms;TIME#1s500ms;TIME#1s500ms;TIME#1s500ms;TIME#1s500ms;TIME#1s500ms;TIME#1s500ms;TIME#1s500ms;TIME#1s500ms;TIME#1s500ms;TIME#1s500ms
GVL_Troubleshooting.I_LevageUnitaireM1.Control_400.Idx411_StepDelayElapsed;TIME#0ms;TIME#0ms;TIME#0ms;TIME#0ms;TIME#0ms;TIME#0ms;TIME#0ms;TIME#0ms;TIME#0ms;TIME#0ms;TIME#0ms
GVL_Troubleshooting.I_LevageUnitaireM1.Control_400.Idx412_InTopSlowdownZone;TRUE;TRUE;TRUE;TRUE;TRUE;TRUE;TRUE;TRUE;TRUE;TRUE;TRUE
GVL_Troubleshooting.I_LevageUnitaireM1.Control_400.Idx413_InBottomSlowdownZone;FALSE;FALSE;FALSE;FALSE;FALSE;FALSE;FALSE;FALSE;FALSE;FALSE;FALSE
GVL_Troubleshooting.I_LevageUnitaireM1.Control_400.Idx414_BottomLimitActiveM;REAL#-15;REAL#-15;REAL#-15;REAL#-15;REAL#-15;REAL#-15;REAL#-15;REAL#-15;REAL#-15;REAL#-15;REAL#-15
GVL_Troubleshooting.I_LevageUnitaireM1.Outputs_500.Idx501_CmdRelayAscent_DQ;FALSE;FALSE;FALSE;FALSE;FALSE;FALSE;FALSE;FALSE;FALSE;FALSE;FALSE
GVL_Troubleshooting.I_LevageUnitaireM1.Outputs_500.Idx502_CmdRelayDescent_DQ;FALSE;FALSE;FALSE;FALSE;FALSE;FALSE;FALSE;FALSE;FALSE;FALSE;FALSE
GVL_Troubleshooting.I_LevageUnitaireM1.Outputs_500.Idx503_CmdSpeedContactor1_DQ;FALSE;FALSE;FALSE;FALSE;FALSE;FALSE;FALSE;FALSE;FALSE;FALSE;FALSE
GVL_Troubleshooting.I_LevageUnitaireM1.Outputs_500.Idx504_CmdSpeedContactor4_DQ;FALSE;FALSE;FALSE;FALSE;FALSE;FALSE;FALSE;FALSE;FALSE;FALSE;FALSE
GVL_Troubleshooting.I_LevageUnitaireM1.Outputs_500.Idx505_CmdBrakeRelease_RQ;FALSE;FALSE;FALSE;FALSE;FALSE;FALSE;FALSE;FALSE;FALSE;FALSE;FALSE
GVL_Troubleshooting.J_LevageUnitaireM2.Inputs_100.Idx101_EncoderRawPos;DINT#16842813;DINT#16842813;DINT#16842813;DINT#16842813;DINT#16842813;DINT#16842813;DINT#16842813;DINT#16842813;DINT#16842813;DINT#16842813;DINT#16842813
GVL_Troubleshooting.J_LevageUnitaireM2.Inputs_100.Idx102_CablePos_M;REAL#22.7844238;REAL#22.7844238;REAL#22.7844238;REAL#22.7844238;REAL#22.7844238;REAL#22.7844238;REAL#22.7844238;REAL#22.7844238;REAL#22.7844238;REAL#22.7844238;REAL#22.7844238
GVL_Troubleshooting.J_LevageUnitaireM2.Inputs_100.Idx103_ContactorsReleased_DI;TRUE;TRUE;TRUE;TRUE;TRUE;TRUE;TRUE;TRUE;TRUE;TRUE;TRUE
GVL_Troubleshooting.J_LevageUnitaireM2.Inputs_100.Idx104_BrakeApplied;TRUE;TRUE;TRUE;TRUE;TRUE;TRUE;TRUE;TRUE;TRUE;TRUE;TRUE
GVL_Troubleshooting.J_LevageUnitaireM2.Inputs_100.Idx105_ThermalOk_DI;TRUE;TRUE;TRUE;TRUE;TRUE;TRUE;TRUE;TRUE;TRUE;TRUE;TRUE
GVL_Troubleshooting.J_LevageUnitaireM2.Demandes_200.Idx201_JoyRawPhysical_ANA;INT#4857;INT#4857;INT#4857;INT#4857;INT#4857;INT#4857;INT#4857;INT#4857;INT#4857;INT#4857;INT#4857
GVL_Troubleshooting.J_LevageUnitaireM2.Demandes_200.Idx202_JoyScaledPhysical_Pct;REAL#0;REAL#0;REAL#0;REAL#0;REAL#0;REAL#0;REAL#0;REAL#0;REAL#0;REAL#0;REAL#0
GVL_Troubleshooting.J_LevageUnitaireM2.Demandes_200.Idx203_HmiManualCmd_BtnAscent;FALSE;FALSE;FALSE;FALSE;FALSE;FALSE;FALSE;FALSE;FALSE;FALSE;FALSE
GVL_Troubleshooting.J_LevageUnitaireM2.Demandes_200.Idx204_HmiManualCmd_BtnDescent;FALSE;FALSE;FALSE;FALSE;FALSE;FALSE;FALSE;FALSE;FALSE;FALSE;FALSE
GVL_Troubleshooting.J_LevageUnitaireM2.Demandes_200.Idx205_CycleAutoCmd_Pct;REAL#0;REAL#0;REAL#0;REAL#0;REAL#0;REAL#0;REAL#0;REAL#0;REAL#0;REAL#0;REAL#0
GVL_Troubleshooting.J_LevageUnitaireM2.Demandes_200.Idx206_ModeActive;E_Mode.MAINT_N1;E_Mode.MAINT_N1;E_Mode.MAINT_N1;E_Mode.MAINT_N1;E_Mode.MAINT_N1;E_Mode.MAINT_N1;E_Mode.MAINT_N1;E_Mode.MAINT_N1;E_Mode.MAINT_N1;E_Mode.MAINT_N1;E_Mode.MAINT_N1
GVL_Troubleshooting.J_LevageUnitaireM2.Demandes_200.Idx207_BypassOperatorComm;FALSE;FALSE;FALSE;FALSE;FALSE;FALSE;FALSE;FALSE;FALSE;FALSE;FALSE
GVL_Troubleshooting.J_LevageUnitaireM2.Demandes_200.Idx208_ArbitratedSpeed_Pct;REAL#0;REAL#0;REAL#0;REAL#0;REAL#0;REAL#0;REAL#0;REAL#0;REAL#0;REAL#0;REAL#0
GVL_Troubleshooting.J_LevageUnitaireM2.Demandes_200.Idx209_ArbitratedDirection;INT#0;INT#0;INT#0;INT#0;INT#0;INT#0;INT#0;INT#0;INT#0;INT#0;INT#0
GVL_Troubleshooting.J_LevageUnitaireM2.Demandes_200.Idx210_CoupledUserRequestDirection;INT#0;INT#0;INT#0;INT#0;INT#0;INT#0;INT#0;INT#0;INT#0;INT#0;INT#0
GVL_Troubleshooting.J_LevageUnitaireM2.Demandes_200.Idx211_CoupledUserRequestActive;FALSE;FALSE;FALSE;FALSE;FALSE;FALSE;FALSE;FALSE;FALSE;FALSE;FALSE
GVL_Troubleshooting.J_LevageUnitaireM2.Safety_300.Idx301_EmergencyChainClosed;TRUE;TRUE;TRUE;TRUE;TRUE;TRUE;TRUE;TRUE;TRUE;TRUE;TRUE
GVL_Troubleshooting.J_LevageUnitaireM2.Safety_300.Idx302_SafeStopActive;FALSE;FALSE;FALSE;FALSE;FALSE;FALSE;FALSE;FALSE;FALSE;FALSE;FALSE
GVL_Troubleshooting.J_LevageUnitaireM2.Safety_300.Idx303_PowerCutOffActive;FALSE;FALSE;FALSE;FALSE;FALSE;FALSE;FALSE;FALSE;FALSE;FALSE;FALSE
GVL_Troubleshooting.J_LevageUnitaireM2.Safety_300.Idx304_TopSensorPhysical_DI;TRUE;TRUE;TRUE;TRUE;TRUE;TRUE;TRUE;TRUE;TRUE;TRUE;TRUE
GVL_Troubleshooting.J_LevageUnitaireM2.Safety_300.Idx305_TopSensorBypassActive;FALSE;FALSE;FALSE;FALSE;FALSE;FALSE;FALSE;FALSE;FALSE;FALSE;FALSE
GVL_Troubleshooting.J_LevageUnitaireM2.Safety_300.Idx306_AscentPermitEffective;FALSE;FALSE;FALSE;FALSE;FALSE;FALSE;FALSE;FALSE;FALSE;FALSE;FALSE
GVL_Troubleshooting.J_LevageUnitaireM2.Safety_300.Idx307_SlackCablePhysical_DI;TRUE;TRUE;TRUE;TRUE;TRUE;TRUE;TRUE;TRUE;TRUE;TRUE;TRUE
GVL_Troubleshooting.J_LevageUnitaireM2.Safety_300.Idx308_SlackCableBypassActive;FALSE;FALSE;FALSE;FALSE;FALSE;FALSE;FALSE;FALSE;FALSE;FALSE;FALSE
GVL_Troubleshooting.J_LevageUnitaireM2.Safety_300.Idx309_DescendPermitEffective;FALSE;FALSE;FALSE;FALSE;FALSE;FALSE;FALSE;FALSE;FALSE;FALSE;FALSE
GVL_Troubleshooting.J_LevageUnitaireM2.Safety_300.Idx310_ErrorOperatorComm;FALSE;FALSE;FALSE;FALSE;FALSE;FALSE;FALSE;FALSE;FALSE;FALSE;FALSE
GVL_Troubleshooting.J_LevageUnitaireM2.Safety_300.Idx311_ErrorEncoder;FALSE;FALSE;FALSE;FALSE;FALSE;FALSE;FALSE;FALSE;FALSE;FALSE;FALSE
GVL_Troubleshooting.J_LevageUnitaireM2.Safety_300.Idx312_ErrorPhaseRotation;FALSE;FALSE;FALSE;FALSE;FALSE;FALSE;FALSE;FALSE;FALSE;FALSE;FALSE
GVL_Troubleshooting.J_LevageUnitaireM2.Safety_300.Idx313_ErrorMecaA;FALSE;FALSE;FALSE;FALSE;FALSE;FALSE;FALSE;FALSE;FALSE;FALSE;FALSE
GVL_Troubleshooting.J_LevageUnitaireM2.Safety_300.Idx314_ErrorMecaB;FALSE;FALSE;FALSE;FALSE;FALSE;FALSE;FALSE;FALSE;FALSE;FALSE;FALSE
GVL_Troubleshooting.J_LevageUnitaireM2.Safety_300.Idx315_ErrorMecaC;FALSE;FALSE;FALSE;FALSE;FALSE;FALSE;FALSE;FALSE;FALSE;FALSE;FALSE
GVL_Troubleshooting.J_LevageUnitaireM2.Safety_300.Idx316_ErrorMecaD;FALSE;FALSE;FALSE;FALSE;FALSE;FALSE;FALSE;FALSE;FALSE;FALSE;FALSE
GVL_Troubleshooting.J_LevageUnitaireM2.Safety_300.Idx317_ErrorMecaE;FALSE;FALSE;FALSE;FALSE;FALSE;FALSE;FALSE;FALSE;FALSE;FALSE;FALSE
GVL_Troubleshooting.J_LevageUnitaireM2.Safety_300.Idx318_ErrorBrakeThermal;FALSE;FALSE;FALSE;FALSE;FALSE;FALSE;FALSE;FALSE;FALSE;FALSE;FALSE
GVL_Troubleshooting.J_LevageUnitaireM2.Safety_300.Idx319_ErrorOppositeDir;FALSE;FALSE;FALSE;FALSE;FALSE;FALSE;FALSE;FALSE;FALSE;FALSE;FALSE
GVL_Troubleshooting.J_LevageUnitaireM2.Safety_300.Idx320_ErrorNoMovement;FALSE;FALSE;FALSE;FALSE;FALSE;FALSE;FALSE;FALSE;FALSE;FALSE;FALSE
GVL_Troubleshooting.J_LevageUnitaireM2.Safety_300.Idx321_CfgTopLimitM;REAL#7.5;REAL#7.5;REAL#7.5;REAL#7.5;REAL#7.5;REAL#7.5;REAL#7.5;REAL#7.5;REAL#7.5;REAL#7.5;REAL#7.5
GVL_Troubleshooting.J_LevageUnitaireM2.Safety_300.Idx322_CablePosM;REAL#22.7844238;REAL#22.7844238;REAL#22.7844238;REAL#22.7844238;REAL#22.7844238;REAL#22.7844238;REAL#22.7844238;REAL#22.7844238;REAL#22.7844238;REAL#22.7844238;REAL#22.7844238
GVL_Troubleshooting.J_LevageUnitaireM2.Safety_300.Idx323_TopLimitReached;TRUE;TRUE;TRUE;TRUE;TRUE;TRUE;TRUE;TRUE;TRUE;TRUE;TRUE
GVL_Troubleshooting.J_LevageUnitaireM2.Safety_300.Idx324_AscentBlockedByTopLimit;TRUE;TRUE;TRUE;TRUE;TRUE;TRUE;TRUE;TRUE;TRUE;TRUE;TRUE
GVL_Troubleshooting.J_LevageUnitaireM2.Safety_300.Idx325_BypassTopLimitSoftware;FALSE;FALSE;FALSE;FALSE;FALSE;FALSE;FALSE;FALSE;FALSE;FALSE;FALSE
GVL_Troubleshooting.J_LevageUnitaireM2.Safety_300.Idx326_BypassTopLimitSoftCommun;FALSE;FALSE;FALSE;FALSE;FALSE;FALSE;FALSE;FALSE;FALSE;FALSE;FALSE
GVL_Troubleshooting.J_LevageUnitaireM2.Safety_300.Idx327_BypassTopLimitSwitch;FALSE;FALSE;FALSE;FALSE;FALSE;FALSE;FALSE;FALSE;FALSE;FALSE;FALSE
GVL_Troubleshooting.J_LevageUnitaireM2.Safety_300.Idx328_BypassTopLimitSwitchCommun;FALSE;FALSE;FALSE;FALSE;FALSE;FALSE;FALSE;FALSE;FALSE;FALSE;FALSE
GVL_Troubleshooting.J_LevageUnitaireM2.Safety_300.Idx329_BypassGlobal;FALSE;FALSE;FALSE;FALSE;FALSE;FALSE;FALSE;FALSE;FALSE;FALSE;FALSE
GVL_Troubleshooting.J_LevageUnitaireM2.Safety_300.Idx330_BypassGlobalCommun;FALSE;FALSE;FALSE;FALSE;FALSE;FALSE;FALSE;FALSE;FALSE;FALSE;FALSE
GVL_Troubleshooting.J_LevageUnitaireM2.Control_400.Idx401_MotionAllowed;TRUE;TRUE;TRUE;TRUE;TRUE;TRUE;TRUE;TRUE;TRUE;TRUE;TRUE
GVL_Troubleshooting.J_LevageUnitaireM2.Control_400.Idx402_SpeedStepCalculated;INT#0;INT#0;INT#0;INT#0;INT#0;INT#0;INT#0;INT#0;INT#0;INT#0;INT#0
GVL_Troubleshooting.J_LevageUnitaireM2.Control_400.Idx403_SpeedRamp_Pct;REAL#0;REAL#0;REAL#0;REAL#0;REAL#0;REAL#0;REAL#0;REAL#0;REAL#0;REAL#0;REAL#0
GVL_Troubleshooting.J_LevageUnitaireM2.Control_400.Idx404_BrakeReleaseAuthorized;FALSE;FALSE;FALSE;FALSE;FALSE;FALSE;FALSE;FALSE;FALSE;FALSE;FALSE
GVL_Troubleshooting.J_LevageUnitaireM2.Control_400.Idx405_FinalInterlockState;E_WinchFinalInterlockState.READY;E_WinchFinalInterlockState.READY;E_WinchFinalInterlockState.READY;E_WinchFinalInterlockState.READY;E_WinchFinalInterlockState.READY;E_WinchFinalInterlockState.READY;E_WinchFinalInterlockState.READY;E_WinchFinalInterlockState.READY;E_WinchFinalInterlockState.READY;E_WinchFinalInterlockState.READY;E_WinchFinalInterlockState.READY
GVL_Troubleshooting.J_LevageUnitaireM2.Control_400.Idx406_FinalInterlockReason;E_WinchFinalInterlockReason.NONE;E_WinchFinalInterlockReason.NONE;E_WinchFinalInterlockReason.NONE;E_WinchFinalInterlockReason.NONE;E_WinchFinalInterlockReason.NONE;E_WinchFinalInterlockReason.NONE;E_WinchFinalInterlockReason.NONE;E_WinchFinalInterlockReason.NONE;E_WinchFinalInterlockReason.NONE;E_WinchFinalInterlockReason.NONE;E_WinchFinalInterlockReason.NONE
GVL_Troubleshooting.J_LevageUnitaireM2.Control_400.Idx407_FinalAuthorizedStep;INT#0;INT#0;INT#0;INT#0;INT#0;INT#0;INT#0;INT#0;INT#0;INT#0;INT#0
GVL_Troubleshooting.J_LevageUnitaireM2.Control_400.Idx408_BrakeCommandOpenConfirmed;FALSE;FALSE;FALSE;FALSE;FALSE;FALSE;FALSE;FALSE;FALSE;FALSE;FALSE
GVL_Troubleshooting.J_LevageUnitaireM2.Control_400.Idx409_BrakeTimeoutElapsed;TIME#0ms;TIME#0ms;TIME#0ms;TIME#0ms;TIME#0ms;TIME#0ms;TIME#0ms;TIME#0ms;TIME#0ms;TIME#0ms;TIME#0ms
GVL_Troubleshooting.J_LevageUnitaireM2.Control_400.Idx410_RestartDelayElapsed;TIME#1s500ms;TIME#1s500ms;TIME#1s500ms;TIME#1s500ms;TIME#1s500ms;TIME#1s500ms;TIME#1s500ms;TIME#1s500ms;TIME#1s500ms;TIME#1s500ms;TIME#1s500ms
GVL_Troubleshooting.J_LevageUnitaireM2.Control_400.Idx411_StepDelayElapsed;TIME#0ms;TIME#0ms;TIME#0ms;TIME#0ms;TIME#0ms;TIME#0ms;TIME#0ms;TIME#0ms;TIME#0ms;TIME#0ms;TIME#0ms
GVL_Troubleshooting.J_LevageUnitaireM2.Control_400.Idx412_InTopSlowdownZone;TRUE;TRUE;TRUE;TRUE;TRUE;TRUE;TRUE;TRUE;TRUE;TRUE;TRUE
GVL_Troubleshooting.J_LevageUnitaireM2.Control_400.Idx413_InBottomSlowdownZone;FALSE;FALSE;FALSE;FALSE;FALSE;FALSE;FALSE;FALSE;FALSE;FALSE;FALSE
GVL_Troubleshooting.J_LevageUnitaireM2.Control_400.Idx414_BottomLimitActiveM;REAL#0;REAL#0;REAL#0;REAL#0;REAL#0;REAL#0;REAL#0;REAL#0;REAL#0;REAL#0;REAL#0
GVL_Troubleshooting.J_LevageUnitaireM2.Outputs_500.Idx501_CmdRelayAscent_DQ;FALSE;FALSE;FALSE;FALSE;FALSE;FALSE;FALSE;FALSE;FALSE;FALSE;FALSE
GVL_Troubleshooting.J_LevageUnitaireM2.Outputs_500.Idx502_CmdRelayDescent_DQ;FALSE;FALSE;FALSE;FALSE;FALSE;FALSE;FALSE;FALSE;FALSE;FALSE;FALSE
GVL_Troubleshooting.J_LevageUnitaireM2.Outputs_500.Idx503_CmdSpeedContactor1_DQ;FALSE;FALSE;FALSE;FALSE;FALSE;FALSE;FALSE;FALSE;FALSE;FALSE;FALSE
GVL_Troubleshooting.J_LevageUnitaireM2.Outputs_500.Idx504_CmdSpeedContactor4_DQ;FALSE;FALSE;FALSE;FALSE;FALSE;FALSE;FALSE;FALSE;FALSE;FALSE;FALSE
GVL_Troubleshooting.J_LevageUnitaireM2.Outputs_500.Idx505_CmdBrakeRelease_RQ;FALSE;FALSE;FALSE;FALSE;FALSE;FALSE;FALSE;FALSE;FALSE;FALSE;FALSE
GVL_Troubleshooting.K_BenneOuvertureFermeture.Idx101_BucketIsOpen;FALSE;FALSE;FALSE;FALSE;FALSE;FALSE;FALSE;FALSE;FALSE;FALSE;FALSE
GVL_Troubleshooting.K_BenneOuvertureFermeture.Idx102_BucketIsClosed;TRUE;TRUE;TRUE;TRUE;TRUE;TRUE;TRUE;TRUE;TRUE;TRUE;TRUE
GVL_Troubleshooting.K_BenneOuvertureFermeture.Idx103_OffsetPos_M;REAL#15;REAL#15;REAL#15;REAL#15;REAL#15;REAL#15;REAL#15;REAL#15;REAL#15;REAL#15;REAL#15
GVL_Troubleshooting.K_BenneOuvertureFermeture.Idx104_AutoSeqActive;FALSE;FALSE;FALSE;FALSE;FALSE;FALSE;FALSE;FALSE;FALSE;FALSE;FALSE
GVL_Troubleshooting.K_BenneOuvertureFermeture.Idx105_StateIncoherent;FALSE;FALSE;FALSE;FALSE;FALSE;FALSE;FALSE;FALSE;FALSE;FALSE;FALSE
GVL_Troubleshooting.K_BenneOuvertureFermeture.Idx106_FBState;E_State.READY;E_State.READY;E_State.READY;E_State.READY;E_State.READY;E_State.READY;E_State.READY;E_State.READY;E_State.READY;E_State.READY;E_State.READY
GVL_Troubleshooting.K_BenneOuvertureFermeture.Idx107_LastPosM2Open_M;REAL#-4089.23047;REAL#-4089.23047;REAL#-4089.23047;REAL#-4089.23047;REAL#-4089.23047;REAL#-4089.23047;REAL#-4089.23047;REAL#-4089.23047;REAL#-4089.23047;REAL#-4089.23047;REAL#-4089.23047
GVL_Troubleshooting.K_BenneOuvertureFermeture.Idx108_LastPosM2Close_M;REAL#22.7844238;REAL#22.7844238;REAL#22.7844238;REAL#22.7844238;REAL#22.7844238;REAL#22.7844238;REAL#22.7844238;REAL#22.7844238;REAL#22.7844238;REAL#22.7844238;REAL#22.7844238
GVL_Troubleshooting.K_BenneOuvertureFermeture.Idx109_BucketTooOpen;FALSE;FALSE;FALSE;FALSE;FALSE;FALSE;FALSE;FALSE;FALSE;FALSE;FALSE
GVL_Troubleshooting.K_BenneOuvertureFermeture.Idx110_BucketTooClosed;FALSE;FALSE;FALSE;FALSE;FALSE;FALSE;FALSE;FALSE;FALSE;FALSE;FALSE
GVL_Troubleshooting.K_BenneOuvertureFermeture.Idx111_BucketIsIntermediate;FALSE;FALSE;FALSE;FALSE;FALSE;FALSE;FALSE;FALSE;FALSE;FALSE;FALSE
GVL_Troubleshooting.K_BenneOuvertureFermeture.Idx112_DeltaPosition_M;REAL#14.9389648;REAL#14.9389648;REAL#14.9389648;REAL#14.9389648;REAL#14.9389648;REAL#14.9389648;REAL#14.9389648;REAL#14.9389648;REAL#14.9389648;REAL#14.9389648;REAL#14.9389648
GVL_Troubleshooting.K_BenneOuvertureFermeture.Idx113_MachineHomed;TRUE;TRUE;TRUE;TRUE;TRUE;TRUE;TRUE;TRUE;TRUE;TRUE;TRUE
GVL_Troubleshooting.K_BenneOuvertureFermeture.Idx114_MachineHomingStep;INT#60;INT#60;INT#60;INT#60;INT#60;INT#60;INT#60;INT#60;INT#60;INT#60;INT#60
GVL_Troubleshooting.K_BenneOuvertureFermeture.Idx115_MachineHomingFailed;FALSE;FALSE;FALSE;FALSE;FALSE;FALSE;FALSE;FALSE;FALSE;FALSE;FALSE
GVL_Troubleshooting.K_BenneOuvertureFermeture.Idx116_M1ReferenceMissing;FALSE;FALSE;FALSE;FALSE;FALSE;FALSE;FALSE;FALSE;FALSE;FALSE;FALSE
GVL_Troubleshooting.K_BenneOuvertureFermeture.Idx117_M2ReferenceMissing;FALSE;FALSE;FALSE;FALSE;FALSE;FALSE;FALSE;FALSE;FALSE;FALSE;FALSE
GVL_Troubleshooting.K_BenneOuvertureFermeture.Idx118_BucketOffsetUnknown;FALSE;FALSE;FALSE;FALSE;FALSE;FALSE;FALSE;FALSE;FALSE;FALSE;FALSE
GVL_Troubleshooting.K_BenneOuvertureFermeture.Idx119_ReferenceTransaction;FALSE;FALSE;FALSE;FALSE;FALSE;FALSE;FALSE;FALSE;FALSE;FALSE;FALSE
GVL_Troubleshooting.K_BenneOuvertureFermeture.Idx120_MachineHomingLossSafeStop;FALSE;FALSE;FALSE;FALSE;FALSE;FALSE;FALSE;FALSE;FALSE;FALSE;FALSE
GVL_Troubleshooting.K_BenneOuvertureFermeture.Idx201_HmiCmd_BtnOpen;FALSE;FALSE;FALSE;FALSE;FALSE;FALSE;FALSE;FALSE;FALSE;FALSE;FALSE
GVL_Troubleshooting.K_BenneOuvertureFermeture.Idx202_HmiCmd_BtnClose;FALSE;FALSE;FALSE;FALSE;FALSE;FALSE;FALSE;FALSE;FALSE;FALSE;FALSE
GVL_Troubleshooting.K_BenneOuvertureFermeture.Idx203_CycleCmd_Open;FALSE;FALSE;FALSE;FALSE;FALSE;FALSE;FALSE;FALSE;FALSE;FALSE;FALSE
GVL_Troubleshooting.K_BenneOuvertureFermeture.Idx204_CoupledDiveOpenArmed;FALSE;FALSE;FALSE;FALSE;FALSE;FALSE;FALSE;FALSE;FALSE;FALSE;FALSE
GVL_Troubleshooting.K_BenneOuvertureFermeture.Idx205_CoupledAscentCloseArmed;FALSE;FALSE;FALSE;FALSE;FALSE;FALSE;FALSE;FALSE;FALSE;FALSE;FALSE
GVL_Troubleshooting.K_BenneOuvertureFermeture.Idx206_CloseReqActive;FALSE;FALSE;FALSE;FALSE;FALSE;FALSE;FALSE;FALSE;FALSE;FALSE;FALSE
GVL_Troubleshooting.K_BenneOuvertureFermeture.Idx207_OpenReqActive;FALSE;FALSE;FALSE;FALSE;FALSE;FALSE;FALSE;FALSE;FALSE;FALSE;FALSE
GVL_Troubleshooting.K_BenneOuvertureFermeture.Idx208_MotionBlockedByBucket;FALSE;FALSE;FALSE;FALSE;FALSE;FALSE;FALSE;FALSE;FALSE;FALSE;FALSE
GVL_Troubleshooting.K_BenneOuvertureFermeture.Idx301_EmergencyChainClosed;TRUE;TRUE;TRUE;TRUE;TRUE;TRUE;TRUE;TRUE;TRUE;TRUE;TRUE
GVL_Troubleshooting.K_BenneOuvertureFermeture.Idx302_BucketFaultActive;FALSE;FALSE;FALSE;FALSE;FALSE;FALSE;FALSE;FALSE;FALSE;FALSE;FALSE
GVL_Troubleshooting.K_BenneOuvertureFermeture.Idx303_KoboldAutoStopEnabled;FALSE;FALSE;FALSE;FALSE;FALSE;FALSE;FALSE;FALSE;FALSE;FALSE;FALSE
GVL_Troubleshooting.K_BenneOuvertureFermeture.Idx304_KoboldImmersionConfirmed;FALSE;FALSE;FALSE;FALSE;FALSE;FALSE;FALSE;FALSE;FALSE;FALSE;FALSE
GVL_Troubleshooting.K_BenneOuvertureFermeture.Idx305_KoboldBottomTouchLatched;FALSE;FALSE;FALSE;FALSE;FALSE;FALSE;FALSE;FALSE;FALSE;FALSE;FALSE
GVL_Troubleshooting.K_BenneOuvertureFermeture.Idx306_ErrorIdRaw;WORD#0;WORD#0;WORD#0;WORD#0;WORD#0;WORD#0;WORD#0;WORD#0;WORD#0;WORD#0;WORD#0
GVL_Troubleshooting.K_BenneOuvertureFermeture.Idx307_EffectivePermit_Open;FALSE;FALSE;FALSE;FALSE;FALSE;FALSE;FALSE;FALSE;FALSE;FALSE;FALSE
GVL_Troubleshooting.K_BenneOuvertureFermeture.Idx308_EffectivePermit_Close;FALSE;FALSE;FALSE;FALSE;FALSE;FALSE;FALSE;FALSE;FALSE;FALSE;FALSE
GVL_Troubleshooting.K_BenneOuvertureFermeture.Idx401_BucketBusy;FALSE;FALSE;FALSE;FALSE;FALSE;FALSE;FALSE;FALSE;FALSE;FALSE;FALSE
GVL_Troubleshooting.K_BenneOuvertureFermeture.Idx402_BucketDone;FALSE;FALSE;FALSE;FALSE;FALSE;FALSE;FALSE;FALSE;FALSE;FALSE;FALSE
GVL_Troubleshooting.K_BenneOuvertureFermeture.Idx403_ExtractionControlActive;FALSE;FALSE;FALSE;FALSE;FALSE;FALSE;FALSE;FALSE;FALSE;FALSE;FALSE
GVL_Troubleshooting.K_BenneOuvertureFermeture.Idx501_M2_CmdRev_DQ;FALSE;FALSE;FALSE;FALSE;FALSE;FALSE;FALSE;FALSE;FALSE;FALSE;FALSE
GVL_Troubleshooting.L_TranslationPontM3.Inputs_100.Idx101_PosTremie_DI;TRUE;TRUE;TRUE;TRUE;TRUE;TRUE;TRUE;TRUE;TRUE;TRUE;TRUE
GVL_Troubleshooting.L_TranslationPontM3.Inputs_100.Idx102_PosPV_DI;TRUE;TRUE;TRUE;TRUE;TRUE;TRUE;TRUE;TRUE;TRUE;TRUE;TRUE
GVL_Troubleshooting.L_TranslationPontM3.Inputs_100.Idx103_PosP2_DI;TRUE;TRUE;TRUE;TRUE;TRUE;TRUE;TRUE;TRUE;TRUE;TRUE;TRUE
GVL_Troubleshooting.L_TranslationPontM3.Inputs_100.Idx104_PosP1_DI;TRUE;TRUE;TRUE;TRUE;TRUE;TRUE;TRUE;TRUE;TRUE;TRUE;TRUE
GVL_Troubleshooting.L_TranslationPontM3.Inputs_100.Idx105_PosMaintenance_DI;TRUE;TRUE;TRUE;TRUE;TRUE;TRUE;TRUE;TRUE;TRUE;TRUE;TRUE
GVL_Troubleshooting.L_TranslationPontM3.Inputs_100.Idx106_DriveActualFreq_Hz;REAL#0;REAL#0;REAL#0;REAL#0;REAL#0;REAL#0;REAL#0;REAL#0;REAL#0;REAL#0;REAL#0
GVL_Troubleshooting.L_TranslationPontM3.Inputs_100.Idx107_DriveStatusWord;WORD#128;WORD#128;WORD#128;WORD#128;WORD#128;WORD#128;WORD#128;WORD#128;WORD#128;WORD#128;WORD#128
GVL_Troubleshooting.L_TranslationPontM3.Inputs_100.Idx108_BrakeApplied;TRUE;TRUE;TRUE;TRUE;TRUE;TRUE;TRUE;TRUE;TRUE;TRUE;TRUE
GVL_Troubleshooting.L_TranslationPontM3.Inputs_100.Idx109_DriveThermalOk;TRUE;TRUE;TRUE;TRUE;TRUE;TRUE;TRUE;TRUE;TRUE;TRUE;TRUE
GVL_Troubleshooting.L_TranslationPontM3.Demandes_200.Idx201_JoyXRaw_ANA;INT#5091;INT#5089;INT#5091;INT#5089;INT#5091;INT#5091;INT#5091;INT#5091;INT#5089;INT#5091;INT#5091
GVL_Troubleshooting.L_TranslationPontM3.Demandes_200.Idx202_JoyXScaled_Pct;REAL#0;REAL#0;REAL#0;REAL#0;REAL#0;REAL#0;REAL#0;REAL#0;REAL#0;REAL#0;REAL#0
GVL_Troubleshooting.L_TranslationPontM3.Demandes_200.Idx203_HmiCmd_BtnTremie;FALSE;FALSE;FALSE;FALSE;FALSE;FALSE;FALSE;FALSE;FALSE;FALSE;FALSE
GVL_Troubleshooting.L_TranslationPontM3.Demandes_200.Idx204_HmiCmd_BtnMaintenance;FALSE;FALSE;FALSE;FALSE;FALSE;FALSE;FALSE;FALSE;FALSE;FALSE;FALSE
GVL_Troubleshooting.L_TranslationPontM3.Demandes_200.Idx205_HmiTargetPosition;INT#0;INT#0;INT#0;INT#0;INT#0;INT#0;INT#0;INT#0;INT#0;INT#0;INT#0
GVL_Troubleshooting.L_TranslationPontM3.Demandes_200.Idx206_CycleTargetPosition;INT#0;INT#0;INT#0;INT#0;INT#0;INT#0;INT#0;INT#0;INT#0;INT#0;INT#0
GVL_Troubleshooting.L_TranslationPontM3.Demandes_200.Idx207_ModeActive;E_Mode.MAINT_N1;E_Mode.MAINT_N1;E_Mode.MAINT_N1;E_Mode.MAINT_N1;E_Mode.MAINT_N1;E_Mode.MAINT_N1;E_Mode.MAINT_N1;E_Mode.MAINT_N1;E_Mode.MAINT_N1;E_Mode.MAINT_N1;E_Mode.MAINT_N1
GVL_Troubleshooting.L_TranslationPontM3.Demandes_200.Idx208_BypassNetworkActive;FALSE;FALSE;FALSE;FALSE;FALSE;FALSE;FALSE;FALSE;FALSE;FALSE;FALSE
GVL_Troubleshooting.L_TranslationPontM3.Demandes_200.Idx209_ArbitratedSpeed_Pct;REAL#0;REAL#0;REAL#0;REAL#0;REAL#0;REAL#0;REAL#0;REAL#0;REAL#0;REAL#0;REAL#0
GVL_Troubleshooting.L_TranslationPontM3.Safety_300.Idx301_EmergencyChainClosed;TRUE;TRUE;TRUE;TRUE;TRUE;TRUE;TRUE;TRUE;TRUE;TRUE;TRUE
GVL_Troubleshooting.L_TranslationPontM3.Safety_300.Idx302_SafeStopActive;FALSE;FALSE;FALSE;FALSE;FALSE;FALSE;FALSE;FALSE;FALSE;FALSE;FALSE
GVL_Troubleshooting.L_TranslationPontM3.Safety_300.Idx303_PowerCutOffActive;FALSE;FALSE;FALSE;FALSE;FALSE;FALSE;FALSE;FALSE;FALSE;FALSE;FALSE
GVL_Troubleshooting.L_TranslationPontM3.Safety_300.Idx304_LimitSwitchTremieActive;TRUE;TRUE;TRUE;TRUE;TRUE;TRUE;TRUE;TRUE;TRUE;TRUE;TRUE
GVL_Troubleshooting.L_TranslationPontM3.Safety_300.Idx305_LimitSwitchMaintenanceActive;FALSE;FALSE;FALSE;FALSE;FALSE;FALSE;FALSE;FALSE;FALSE;FALSE;FALSE
GVL_Troubleshooting.L_TranslationPontM3.Safety_300.Idx306_BypassLimitSwitch;FALSE;FALSE;FALSE;FALSE;FALSE;FALSE;FALSE;FALSE;FALSE;FALSE;FALSE
GVL_Troubleshooting.L_TranslationPontM3.Safety_300.Idx307_PositionDecoderIncoherent;FALSE;FALSE;FALSE;FALSE;FALSE;FALSE;FALSE;FALSE;FALSE;FALSE;FALSE
GVL_Troubleshooting.L_TranslationPontM3.Safety_300.Idx308_HeightInterlockBlocking;FALSE;FALSE;FALSE;FALSE;FALSE;FALSE;FALSE;FALSE;FALSE;FALSE;FALSE
GVL_Troubleshooting.L_TranslationPontM3.Safety_300.Idx309_ErrorOperatorComm;FALSE;FALSE;FALSE;FALSE;FALSE;FALSE;FALSE;FALSE;FALSE;FALSE;FALSE
GVL_Troubleshooting.L_TranslationPontM3.Safety_300.Idx310_ErrorDriveComm;FALSE;FALSE;FALSE;FALSE;FALSE;FALSE;FALSE;FALSE;FALSE;FALSE;FALSE
GVL_Troubleshooting.L_TranslationPontM3.Safety_300.Idx311_ErrorPhaseRotation;FALSE;FALSE;FALSE;FALSE;FALSE;FALSE;FALSE;FALSE;FALSE;FALSE;FALSE
GVL_Troubleshooting.L_TranslationPontM3.Safety_300.Idx312_ErrorBrakeThermal;FALSE;FALSE;FALSE;FALSE;FALSE;FALSE;FALSE;FALSE;FALSE;FALSE;FALSE
GVL_Troubleshooting.L_TranslationPontM3.Safety_300.Idx313_ErrorMecaB;FALSE;FALSE;FALSE;FALSE;FALSE;FALSE;FALSE;FALSE;FALSE;FALSE;FALSE
GVL_Troubleshooting.L_TranslationPontM3.Safety_300.Idx314_ErrorMecaA;FALSE;FALSE;FALSE;FALSE;FALSE;FALSE;FALSE;FALSE;FALSE;FALSE;FALSE
GVL_Troubleshooting.L_TranslationPontM3.Safety_300.Idx315_ErrorLimitSwitch;FALSE;FALSE;FALSE;FALSE;FALSE;FALSE;FALSE;FALSE;FALSE;FALSE;FALSE
GVL_Troubleshooting.L_TranslationPontM3.Safety_300.Idx316_ErrorSensorIncoherent;FALSE;FALSE;FALSE;FALSE;FALSE;FALSE;FALSE;FALSE;FALSE;FALSE;FALSE
GVL_Troubleshooting.L_TranslationPontM3.Safety_300.Idx317_ErrorId;WORD#0;WORD#0;WORD#0;WORD#0;WORD#0;WORD#0;WORD#0;WORD#0;WORD#0;WORD#0;WORD#0
GVL_Troubleshooting.L_TranslationPontM3.Safety_300.Idx318_EffectivePermitM3_Tremie;FALSE;FALSE;FALSE;FALSE;FALSE;FALSE;FALSE;FALSE;FALSE;FALSE;FALSE
GVL_Troubleshooting.L_TranslationPontM3.Safety_300.Idx319_EffectivePermitM3_Maintenance;TRUE;TRUE;TRUE;TRUE;TRUE;TRUE;TRUE;TRUE;TRUE;TRUE;TRUE
GVL_Troubleshooting.L_TranslationPontM3.Control_400.Idx401_MotionAllowed;TRUE;TRUE;TRUE;TRUE;TRUE;TRUE;TRUE;TRUE;TRUE;TRUE;TRUE
GVL_Troubleshooting.L_TranslationPontM3.Control_400.Idx402_SetpointFreq_Hz;REAL#0;REAL#0;REAL#0;REAL#0;REAL#0;REAL#0;REAL#0;REAL#0;REAL#0;REAL#0;REAL#0
GVL_Troubleshooting.L_TranslationPontM3.Control_400.Idx403_DriveControlWord;WORD#0;WORD#0;WORD#0;WORD#0;WORD#0;WORD#0;WORD#0;WORD#0;WORD#0;WORD#0;WORD#0
GVL_Troubleshooting.L_TranslationPontM3.Control_400.Idx404_FinalInterlockState;E_State.READY;E_State.READY;E_State.READY;E_State.READY;E_State.READY;E_State.READY;E_State.READY;E_State.READY;E_State.READY;E_State.READY;E_State.READY
GVL_Troubleshooting.L_TranslationPontM3.Control_400.Idx405_FinalInterlockReason;E_TranslationFinalInterlockReason.NONE;E_TranslationFinalInterlockReason.NONE;E_TranslationFinalInterlockReason.NONE;E_TranslationFinalInterlockReason.NONE;E_TranslationFinalInterlockReason.NONE;E_TranslationFinalInterlockReason.NONE;E_TranslationFinalInterlockReason.NONE;E_TranslationFinalInterlockReason.NONE;E_TranslationFinalInterlockReason.NONE;E_TranslationFinalInterlockReason.NONE;E_TranslationFinalInterlockReason.NONE
GVL_Troubleshooting.L_TranslationPontM3.Control_400.Idx406_BrakeCommandOpenConfirmed;FALSE;FALSE;FALSE;FALSE;FALSE;FALSE;FALSE;FALSE;FALSE;FALSE;FALSE
GVL_Troubleshooting.L_TranslationPontM3.Control_400.Idx407_BrakeTimeoutElapsed;TIME#0ms;TIME#0ms;TIME#0ms;TIME#0ms;TIME#0ms;TIME#0ms;TIME#0ms;TIME#0ms;TIME#0ms;TIME#0ms;TIME#0ms
GVL_Troubleshooting.L_TranslationPontM3.Outputs_500.Idx501_CmdDriveControlWord;WORD#0;WORD#0;WORD#0;WORD#0;WORD#0;WORD#0;WORD#0;WORD#0;WORD#0;WORD#0;WORD#0
GVL_Troubleshooting.L_TranslationPontM3.Outputs_500.Idx502_CmdDriveFreq_Hz;UINT#0;UINT#0;UINT#0;UINT#0;UINT#0;UINT#0;UINT#0;UINT#0;UINT#0;UINT#0;UINT#0
GVL_Troubleshooting.L_TranslationPontM3.Outputs_500.Idx503_CmdBrakeRelease_RQ;FALSE;FALSE;FALSE;FALSE;FALSE;FALSE;FALSE;FALSE;FALSE;FALSE;FALSE
GVL_Troubleshooting.M_AssistanceDragage.Idx101_EnableDiveSearch;FALSE;FALSE;FALSE;FALSE;FALSE;FALSE;FALSE;FALSE;FALSE;FALSE;FALSE
GVL_Troubleshooting.M_AssistanceDragage.Idx102_EnableExtractionSequence;FALSE;FALSE;FALSE;FALSE;FALSE;FALSE;FALSE;FALSE;FALSE;FALSE;FALSE
GVL_Troubleshooting.M_AssistanceDragage.Idx103_EnableDumpAtTremie;FALSE;FALSE;FALSE;FALSE;FALSE;FALSE;FALSE;FALSE;FALSE;FALSE;FALSE
GVL_Troubleshooting.M_AssistanceDragage.Idx201_DiveReady;FALSE;FALSE;FALSE;FALSE;FALSE;FALSE;FALSE;FALSE;FALSE;FALSE;FALSE
GVL_Troubleshooting.M_AssistanceDragage.Idx202_DiveBusy;FALSE;FALSE;FALSE;FALSE;FALSE;FALSE;FALSE;FALSE;FALSE;FALSE;FALSE
GVL_Troubleshooting.M_AssistanceDragage.Idx203_DiveDone;FALSE;FALSE;FALSE;FALSE;FALSE;FALSE;FALSE;FALSE;FALSE;FALSE;FALSE
GVL_Troubleshooting.M_AssistanceDragage.Idx204_DiveState;E_DiveSearchState.WAIT_PRECONDITIONS;E_DiveSearchState.WAIT_PRECONDITIONS;E_DiveSearchState.WAIT_PRECONDITIONS;E_DiveSearchState.WAIT_PRECONDITIONS;E_DiveSearchState.WAIT_PRECONDITIONS;E_DiveSearchState.WAIT_PRECONDITIONS;E_DiveSearchState.WAIT_PRECONDITIONS;E_DiveSearchState.WAIT_PRECONDITIONS;E_DiveSearchState.WAIT_PRECONDITIONS;E_DiveSearchState.WAIT_PRECONDITIONS;E_DiveSearchState.WAIT_PRECONDITIONS
GVL_Troubleshooting.M_AssistanceDragage.Idx205_DiveError;FALSE;FALSE;FALSE;FALSE;FALSE;FALSE;FALSE;FALSE;FALSE;FALSE;FALSE
GVL_Troubleshooting.M_AssistanceDragage.Idx206_DiveErrorId;WORD#0;WORD#0;WORD#0;WORD#0;WORD#0;WORD#0;WORD#0;WORD#0;WORD#0;WORD#0;WORD#0
GVL_Troubleshooting.M_AssistanceDragage.Idx207_BottomTouchConfirmed;FALSE;FALSE;FALSE;FALSE;FALSE;FALSE;FALSE;FALSE;FALSE;FALSE;FALSE
GVL_Troubleshooting.M_AssistanceDragage.Idx208_DiveStepAtFault;E_DiveSearchState.WAIT_PRECONDITIONS;E_DiveSearchState.WAIT_PRECONDITIONS;E_DiveSearchState.WAIT_PRECONDITIONS;E_DiveSearchState.WAIT_PRECONDITIONS;E_DiveSearchState.WAIT_PRECONDITIONS;E_DiveSearchState.WAIT_PRECONDITIONS;E_DiveSearchState.WAIT_PRECONDITIONS;E_DiveSearchState.WAIT_PRECONDITIONS;E_DiveSearchState.WAIT_PRECONDITIONS;E_DiveSearchState.WAIT_PRECONDITIONS;E_DiveSearchState.WAIT_PRECONDITIONS
GVL_Troubleshooting.M_AssistanceDragage.Idx301_ExtractionReady;FALSE;FALSE;FALSE;FALSE;FALSE;FALSE;FALSE;FALSE;FALSE;FALSE;FALSE
GVL_Troubleshooting.M_AssistanceDragage.Idx302_ExtractionBusy;FALSE;FALSE;FALSE;FALSE;FALSE;FALSE;FALSE;FALSE;FALSE;FALSE;FALSE
GVL_Troubleshooting.M_AssistanceDragage.Idx303_ExtractionDone;FALSE;FALSE;FALSE;FALSE;FALSE;FALSE;FALSE;FALSE;FALSE;FALSE;FALSE
GVL_Troubleshooting.M_AssistanceDragage.Idx304_ExtractionState;E_ExtractionAssistState.WAIT_BOTTOM_CONFIRMATION;E_ExtractionAssistState.WAIT_BOTTOM_CONFIRMATION;E_ExtractionAssistState.WAIT_BOTTOM_CONFIRMATION;E_ExtractionAssistState.WAIT_BOTTOM_CONFIRMATION;E_ExtractionAssistState.WAIT_BOTTOM_CONFIRMATION;E_ExtractionAssistState.WAIT_BOTTOM_CONFIRMATION;E_ExtractionAssistState.WAIT_BOTTOM_CONFIRMATION;E_ExtractionAssistState.WAIT_BOTTOM_CONFIRMATION;E_ExtractionAssistState.WAIT_BOTTOM_CONFIRMATION;E_ExtractionAssistState.WAIT_BOTTOM_CONFIRMATION;E_ExtractionAssistState.WAIT_BOTTOM_CONFIRMATION
GVL_Troubleshooting.M_AssistanceDragage.Idx305_ExtractionError;FALSE;FALSE;FALSE;FALSE;FALSE;FALSE;FALSE;FALSE;FALSE;FALSE;FALSE
GVL_Troubleshooting.M_AssistanceDragage.Idx306_ExtractionErrorId;WORD#0;WORD#0;WORD#0;WORD#0;WORD#0;WORD#0;WORD#0;WORD#0;WORD#0;WORD#0;WORD#0
GVL_Troubleshooting.M_AssistanceDragage.Idx307_ExtractionStepAtFault;E_ExtractionAssistState.WAIT_BOTTOM_CONFIRMATION;E_ExtractionAssistState.WAIT_BOTTOM_CONFIRMATION;E_ExtractionAssistState.WAIT_BOTTOM_CONFIRMATION;E_ExtractionAssistState.WAIT_BOTTOM_CONFIRMATION;E_ExtractionAssistState.WAIT_BOTTOM_CONFIRMATION;E_ExtractionAssistState.WAIT_BOTTOM_CONFIRMATION;E_ExtractionAssistState.WAIT_BOTTOM_CONFIRMATION;E_ExtractionAssistState.WAIT_BOTTOM_CONFIRMATION;E_ExtractionAssistState.WAIT_BOTTOM_CONFIRMATION;E_ExtractionAssistState.WAIT_BOTTOM_CONFIRMATION;E_ExtractionAssistState.WAIT_BOTTOM_CONFIRMATION
GVL_Troubleshooting.M_AssistanceDragage.Idx401_OperatorActionId;WORD#0;WORD#0;WORD#0;WORD#0;WORD#0;WORD#0;WORD#0;WORD#0;WORD#0;WORD#0;WORD#0
GVL_Troubleshooting.M_AssistanceDragage.Idx501_DumpAtTremieArmed;FALSE;FALSE;FALSE;FALSE;FALSE;FALSE;FALSE;FALSE;FALSE;FALSE;FALSE
GVL_Troubleshooting.M_AssistanceDragage.Idx502_DumpAtTremieAssistActive;FALSE;FALSE;FALSE;FALSE;FALSE;FALSE;FALSE;FALSE;FALSE;FALSE;FALSE
GVL_Troubleshooting.M_AssistanceDragage.Idx503_DumpAtTremieAtTremie;TRUE;TRUE;TRUE;TRUE;TRUE;TRUE;TRUE;TRUE;TRUE;TRUE;TRUE
GVL_Troubleshooting.M_AssistanceDragage.Idx504_DumpAtTremieBucketOpenArmed;FALSE;FALSE;FALSE;FALSE;FALSE;FALSE;FALSE;FALSE;FALSE;FALSE;FALSE
GVL_Troubleshooting.M_AssistanceDragage.Idx505_DumpAtTremieDescentLocked;TRUE;TRUE;TRUE;TRUE;TRUE;TRUE;TRUE;TRUE;TRUE;TRUE;TRUE
GVL_Troubleshooting.M_AssistanceDragage.Idx601_BypassDiveActive;FALSE;FALSE;FALSE;FALSE;FALSE;FALSE;FALSE;FALSE;FALSE;FALSE;FALSE
GVL_Troubleshooting.M_AssistanceDragage.Idx602_BypassKoboldBottomTouched;FALSE;FALSE;FALSE;FALSE;FALSE;FALSE;FALSE;FALSE;FALSE;FALSE;FALSE
GVL_Troubleshooting.N_MotionM1.Step1_PowerEngaged;TRUE;TRUE;TRUE;TRUE;TRUE;TRUE;TRUE;TRUE;TRUE;TRUE;TRUE
GVL_Troubleshooting.N_MotionM1.Step2_ModeAuthorized;TRUE;TRUE;TRUE;TRUE;TRUE;TRUE;TRUE;TRUE;TRUE;TRUE;TRUE
GVL_Troubleshooting.N_MotionM1.Step3_NotBusyOtherTask;TRUE;TRUE;TRUE;TRUE;TRUE;TRUE;TRUE;TRUE;TRUE;TRUE;TRUE
GVL_Troubleshooting.N_MotionM1.HwIn_PowerContactorEngaged_DI;TRUE;TRUE;TRUE;TRUE;TRUE;TRUE;TRUE;TRUE;TRUE;TRUE;TRUE
GVL_Troubleshooting.N_MotionM1.HwIn_BrakeIsOpen_DI;FALSE;FALSE;FALSE;FALSE;FALSE;FALSE;FALSE;FALSE;FALSE;FALSE;FALSE
GVL_Troubleshooting.N_MotionM1.Cmd_BrakeRelease;FALSE;FALSE;FALSE;FALSE;FALSE;FALSE;FALSE;FALSE;FALSE;FALSE;FALSE
GVL_Troubleshooting.N_MotionM1.Step4_MotionRequested;FALSE;FALSE;FALSE;FALSE;FALSE;FALSE;FALSE;FALSE;FALSE;FALSE;FALSE
GVL_Troubleshooting.N_MotionM1.RequestedDirection;INT#0;INT#0;INT#0;INT#0;INT#0;INT#0;INT#0;INT#0;INT#0;INT#0;INT#0
GVL_Troubleshooting.N_MotionM1.RequestedSpeedPct;REAL#0;REAL#0;REAL#0;REAL#0;REAL#0;REAL#0;REAL#0;REAL#0;REAL#0;REAL#0;REAL#0
GVL_Troubleshooting.N_MotionM1.Step5_NoSafetyFault;TRUE;TRUE;TRUE;TRUE;TRUE;TRUE;TRUE;TRUE;TRUE;TRUE;TRUE
GVL_Troubleshooting.N_MotionM1.Step6_DirectionAllowed;FALSE;FALSE;FALSE;FALSE;FALSE;FALSE;FALSE;FALSE;FALSE;FALSE;FALSE
GVL_Troubleshooting.N_MotionM1.Step7_BrakeReleased;FALSE;FALSE;FALSE;FALSE;FALSE;FALSE;FALSE;FALSE;FALSE;FALSE;FALSE
GVL_Troubleshooting.N_MotionM1.Step8_OutputInterlockOk;TRUE;TRUE;TRUE;TRUE;TRUE;TRUE;TRUE;TRUE;TRUE;TRUE;TRUE
GVL_Troubleshooting.N_MotionM1.AllConditionsMet;FALSE;FALSE;FALSE;FALSE;FALSE;FALSE;FALSE;FALSE;FALSE;FALSE;FALSE
GVL_Troubleshooting.N_MotionM1.RelayFwdActive;FALSE;FALSE;FALSE;FALSE;FALSE;FALSE;FALSE;FALSE;FALSE;FALSE;FALSE
GVL_Troubleshooting.N_MotionM1.RelayRevActive;FALSE;FALSE;FALSE;FALSE;FALSE;FALSE;FALSE;FALSE;FALSE;FALSE;FALSE
GVL_Troubleshooting.N_MotionM1.SpeedContactor1Active;FALSE;FALSE;FALSE;FALSE;FALSE;FALSE;FALSE;FALSE;FALSE;FALSE;FALSE
GVL_Troubleshooting.O_MotionM2.Step1_PowerEngaged;TRUE;TRUE;TRUE;TRUE;TRUE;TRUE;TRUE;TRUE;TRUE;TRUE;TRUE
GVL_Troubleshooting.O_MotionM2.Step2_ModeAuthorized;TRUE;TRUE;TRUE;TRUE;TRUE;TRUE;TRUE;TRUE;TRUE;TRUE;TRUE
GVL_Troubleshooting.O_MotionM2.Step3_NotBusyOtherTask;TRUE;TRUE;TRUE;TRUE;TRUE;TRUE;TRUE;TRUE;TRUE;TRUE;TRUE
GVL_Troubleshooting.O_MotionM2.HwIn_PowerContactorEngaged_DI;TRUE;TRUE;TRUE;TRUE;TRUE;TRUE;TRUE;TRUE;TRUE;TRUE;TRUE
GVL_Troubleshooting.O_MotionM2.HwIn_BrakeIsOpen_DI;FALSE;FALSE;FALSE;FALSE;FALSE;FALSE;FALSE;FALSE;FALSE;FALSE;FALSE
GVL_Troubleshooting.O_MotionM2.Cmd_BrakeRelease;FALSE;FALSE;FALSE;FALSE;FALSE;FALSE;FALSE;FALSE;FALSE;FALSE;FALSE
GVL_Troubleshooting.O_MotionM2.Step4_MotionRequested;FALSE;FALSE;FALSE;FALSE;FALSE;FALSE;FALSE;FALSE;FALSE;FALSE;FALSE
GVL_Troubleshooting.O_MotionM2.RequestedDirection;INT#0;INT#0;INT#0;INT#0;INT#0;INT#0;INT#0;INT#0;INT#0;INT#0;INT#0
GVL_Troubleshooting.O_MotionM2.RequestedSpeedPct;REAL#0;REAL#0;REAL#0;REAL#0;REAL#0;REAL#0;REAL#0;REAL#0;REAL#0;REAL#0;REAL#0
GVL_Troubleshooting.O_MotionM2.Step5_NoSafetyFault;TRUE;TRUE;TRUE;TRUE;TRUE;TRUE;TRUE;TRUE;TRUE;TRUE;TRUE
GVL_Troubleshooting.O_MotionM2.Step6_DirectionAllowed;FALSE;FALSE;FALSE;FALSE;FALSE;FALSE;FALSE;FALSE;FALSE;FALSE;FALSE
GVL_Troubleshooting.O_MotionM2.Step7_BrakeReleased;FALSE;FALSE;FALSE;FALSE;FALSE;FALSE;FALSE;FALSE;FALSE;FALSE;FALSE
GVL_Troubleshooting.O_MotionM2.Step8_OutputInterlockOk;TRUE;TRUE;TRUE;TRUE;TRUE;TRUE;TRUE;TRUE;TRUE;TRUE;TRUE
GVL_Troubleshooting.O_MotionM2.AllConditionsMet;FALSE;FALSE;FALSE;FALSE;FALSE;FALSE;FALSE;FALSE;FALSE;FALSE;FALSE
GVL_Troubleshooting.O_MotionM2.RelayFwdActive;FALSE;FALSE;FALSE;FALSE;FALSE;FALSE;FALSE;FALSE;FALSE;FALSE;FALSE
GVL_Troubleshooting.O_MotionM2.RelayRevActive;FALSE;FALSE;FALSE;FALSE;FALSE;FALSE;FALSE;FALSE;FALSE;FALSE;FALSE
GVL_Troubleshooting.O_MotionM2.SpeedContactor1Active;FALSE;FALSE;FALSE;FALSE;FALSE;FALSE;FALSE;FALSE;FALSE;FALSE;FALSE
GVL_Troubleshooting.P_MotionM3.Step1_PowerEngaged;TRUE;TRUE;TRUE;TRUE;TRUE;TRUE;TRUE;TRUE;TRUE;TRUE;TRUE
GVL_Troubleshooting.P_MotionM3.Step2_ModeAuthorized;TRUE;TRUE;TRUE;TRUE;TRUE;TRUE;TRUE;TRUE;TRUE;TRUE;TRUE
GVL_Troubleshooting.P_MotionM3.Step3_NotBusyOtherTask;TRUE;TRUE;TRUE;TRUE;TRUE;TRUE;TRUE;TRUE;TRUE;TRUE;TRUE
GVL_Troubleshooting.P_MotionM3.HwIn_PowerContactorEngaged_DI;TRUE;TRUE;TRUE;TRUE;TRUE;TRUE;TRUE;TRUE;TRUE;TRUE;TRUE
GVL_Troubleshooting.P_MotionM3.HwIn_BrakeIsOpen_DI;FALSE;FALSE;FALSE;FALSE;FALSE;FALSE;FALSE;FALSE;FALSE;FALSE;FALSE
GVL_Troubleshooting.P_MotionM3.Cmd_BrakeRelease;FALSE;FALSE;FALSE;FALSE;FALSE;FALSE;FALSE;FALSE;FALSE;FALSE;FALSE
GVL_Troubleshooting.P_MotionM3.Step4_MotionRequested;FALSE;FALSE;FALSE;FALSE;FALSE;FALSE;FALSE;FALSE;FALSE;FALSE;FALSE
GVL_Troubleshooting.P_MotionM3.RequestedDirection;INT#-1;INT#-1;INT#-1;INT#-1;INT#-1;INT#-1;INT#-1;INT#-1;INT#-1;INT#-1;INT#-1
GVL_Troubleshooting.P_MotionM3.RequestedSpeedPct;REAL#0;REAL#0;REAL#0;REAL#0;REAL#0;REAL#0;REAL#0;REAL#0;REAL#0;REAL#0;REAL#0
GVL_Troubleshooting.P_MotionM3.Step5_NoSafetyFault;TRUE;TRUE;TRUE;TRUE;TRUE;TRUE;TRUE;TRUE;TRUE;TRUE;TRUE
GVL_Troubleshooting.P_MotionM3.Step6_DirectionAllowed;TRUE;TRUE;TRUE;TRUE;TRUE;TRUE;TRUE;TRUE;TRUE;TRUE;TRUE
GVL_Troubleshooting.P_MotionM3.Step7_BrakeReleased;FALSE;FALSE;FALSE;FALSE;FALSE;FALSE;FALSE;FALSE;FALSE;FALSE;FALSE
GVL_Troubleshooting.P_MotionM3.Step8_OutputInterlockOk;TRUE;TRUE;TRUE;TRUE;TRUE;TRUE;TRUE;TRUE;TRUE;TRUE;TRUE
GVL_Troubleshooting.P_MotionM3.AllConditionsMet;FALSE;FALSE;FALSE;FALSE;FALSE;FALSE;FALSE;FALSE;FALSE;FALSE;FALSE
GVL_Troubleshooting.P_MotionM3.RelayFwdActive;FALSE;FALSE;FALSE;FALSE;FALSE;FALSE;FALSE;FALSE;FALSE;FALSE;FALSE
GVL_Troubleshooting.P_MotionM3.RelayRevActive;FALSE;FALSE;FALSE;FALSE;FALSE;FALSE;FALSE;FALSE;FALSE;FALSE;FALSE
GVL_Troubleshooting.P_MotionM3.SpeedContactor1Active;FALSE;FALSE;FALSE;FALSE;FALSE;FALSE;FALSE;FALSE;FALSE;FALSE;FALSE
GVL_Troubleshooting.Q_TraceWinchM1.DescendPermitEffective;FALSE;FALSE;FALSE;FALSE;FALSE;FALSE;FALSE;FALSE;FALSE;FALSE;FALSE
GVL_Troubleshooting.Q_TraceWinchM1.AscentPermitEffective;FALSE;FALSE;FALSE;FALSE;FALSE;FALSE;FALSE;FALSE;FALSE;FALSE;FALSE
GVL_Troubleshooting.Q_TraceWinchM1.AscentPermitApplied;FALSE;FALSE;FALSE;FALSE;FALSE;FALSE;FALSE;FALSE;FALSE;FALSE;FALSE
GVL_Troubleshooting.Q_TraceWinchM1.DescendPermitApplied;FALSE;FALSE;FALSE;FALSE;FALSE;FALSE;FALSE;FALSE;FALSE;FALSE;FALSE
GVL_Troubleshooting.Q_TraceWinchM1.FinalPermitBlocked;FALSE;FALSE;FALSE;FALSE;FALSE;FALSE;FALSE;FALSE;FALSE;FALSE;FALSE
GVL_Troubleshooting.Q_TraceWinchM1.SafeStopActive;FALSE;FALSE;FALSE;FALSE;FALSE;FALSE;FALSE;FALSE;FALSE;FALSE;FALSE
GVL_Troubleshooting.Q_TraceWinchM1.SafeStopSourceSafety;FALSE;FALSE;FALSE;FALSE;FALSE;FALSE;FALSE;FALSE;FALSE;FALSE;FALSE
GVL_Troubleshooting.Q_TraceWinchM1.SafeStopSourceInput;FALSE;FALSE;FALSE;FALSE;FALSE;FALSE;FALSE;FALSE;FALSE;FALSE;FALSE
GVL_Troubleshooting.Q_TraceWinchM1.SafeStopSourceSync;FALSE;FALSE;FALSE;FALSE;FALSE;FALSE;FALSE;FALSE;FALSE;FALSE;FALSE
GVL_Troubleshooting.Q_TraceWinchM1.PowerCutOffActive;FALSE;FALSE;FALSE;FALSE;FALSE;FALSE;FALSE;FALSE;FALSE;FALSE;FALSE
GVL_Troubleshooting.Q_TraceWinchM1.Inhibited;FALSE;FALSE;FALSE;FALSE;FALSE;FALSE;FALSE;FALSE;FALSE;FALSE;FALSE
GVL_Troubleshooting.Q_TraceWinchM1.FinalInterlockError;FALSE;FALSE;FALSE;FALSE;FALSE;FALSE;FALSE;FALSE;FALSE;FALSE;FALSE
GVL_Troubleshooting.Q_TraceWinchM1.FinalInterlockReason;E_WinchFinalInterlockReason.NONE;E_WinchFinalInterlockReason.NONE;E_WinchFinalInterlockReason.NONE;E_WinchFinalInterlockReason.NONE;E_WinchFinalInterlockReason.NONE;E_WinchFinalInterlockReason.NONE;E_WinchFinalInterlockReason.NONE;E_WinchFinalInterlockReason.NONE;E_WinchFinalInterlockReason.NONE;E_WinchFinalInterlockReason.NONE;E_WinchFinalInterlockReason.NONE
GVL_Troubleshooting.Q_TraceWinchM1.BlockReason;E_WinchTraceBlockReason.COUPLING_BLOCKED;E_WinchTraceBlockReason.COUPLING_BLOCKED;E_WinchTraceBlockReason.COUPLING_BLOCKED;E_WinchTraceBlockReason.COUPLING_BLOCKED;E_WinchTraceBlockReason.COUPLING_BLOCKED;E_WinchTraceBlockReason.COUPLING_BLOCKED;E_WinchTraceBlockReason.COUPLING_BLOCKED;E_WinchTraceBlockReason.COUPLING_BLOCKED;E_WinchTraceBlockReason.COUPLING_BLOCKED;E_WinchTraceBlockReason.COUPLING_BLOCKED;E_WinchTraceBlockReason.COUPLING_BLOCKED
GVL_Troubleshooting.Q_TraceWinchM1.BlockReasonTimestamp;UDINT#9059830;UDINT#9059830;UDINT#9059830;UDINT#9059830;UDINT#9059830;UDINT#9059830;UDINT#9059830;UDINT#9059830;UDINT#9059830;UDINT#9059830;UDINT#9059830
GVL_Troubleshooting.Q_TraceWinchM1.StepNumber;INT#0;INT#0;INT#0;INT#0;INT#0;INT#0;INT#0;INT#0;INT#0;INT#0;INT#0
GVL_Troubleshooting.R_TraceWinchM2.DescendPermitEffective;FALSE;FALSE;FALSE;FALSE;FALSE;FALSE;FALSE;FALSE;FALSE;FALSE;FALSE
GVL_Troubleshooting.R_TraceWinchM2.AscentPermitEffective;FALSE;FALSE;FALSE;FALSE;FALSE;FALSE;FALSE;FALSE;FALSE;FALSE;FALSE
GVL_Troubleshooting.R_TraceWinchM2.AscentPermitApplied;FALSE;FALSE;FALSE;FALSE;FALSE;FALSE;FALSE;FALSE;FALSE;FALSE;FALSE
GVL_Troubleshooting.R_TraceWinchM2.DescendPermitApplied;FALSE;FALSE;FALSE;FALSE;FALSE;FALSE;FALSE;FALSE;FALSE;FALSE;FALSE
GVL_Troubleshooting.R_TraceWinchM2.FinalPermitBlocked;FALSE;FALSE;FALSE;FALSE;FALSE;FALSE;FALSE;FALSE;FALSE;FALSE;FALSE
GVL_Troubleshooting.R_TraceWinchM2.SafeStopActive;FALSE;FALSE;FALSE;FALSE;FALSE;FALSE;FALSE;FALSE;FALSE;FALSE;FALSE
GVL_Troubleshooting.R_TraceWinchM2.SafeStopSourceSafety;FALSE;FALSE;FALSE;FALSE;FALSE;FALSE;FALSE;FALSE;FALSE;FALSE;FALSE
GVL_Troubleshooting.R_TraceWinchM2.SafeStopSourceInput;FALSE;FALSE;FALSE;FALSE;FALSE;FALSE;FALSE;FALSE;FALSE;FALSE;FALSE
GVL_Troubleshooting.R_TraceWinchM2.SafeStopSourceSync;FALSE;FALSE;FALSE;FALSE;FALSE;FALSE;FALSE;FALSE;FALSE;FALSE;FALSE
GVL_Troubleshooting.R_TraceWinchM2.PowerCutOffActive;FALSE;FALSE;FALSE;FALSE;FALSE;FALSE;FALSE;FALSE;FALSE;FALSE;FALSE
GVL_Troubleshooting.R_TraceWinchM2.Inhibited;FALSE;FALSE;FALSE;FALSE;FALSE;FALSE;FALSE;FALSE;FALSE;FALSE;FALSE
GVL_Troubleshooting.R_TraceWinchM2.FinalInterlockError;FALSE;FALSE;FALSE;FALSE;FALSE;FALSE;FALSE;FALSE;FALSE;FALSE;FALSE
GVL_Troubleshooting.R_TraceWinchM2.FinalInterlockReason;E_WinchFinalInterlockReason.NONE;E_WinchFinalInterlockReason.NONE;E_WinchFinalInterlockReason.NONE;E_WinchFinalInterlockReason.NONE;E_WinchFinalInterlockReason.NONE;E_WinchFinalInterlockReason.NONE;E_WinchFinalInterlockReason.NONE;E_WinchFinalInterlockReason.NONE;E_WinchFinalInterlockReason.NONE;E_WinchFinalInterlockReason.NONE;E_WinchFinalInterlockReason.NONE
GVL_Troubleshooting.R_TraceWinchM2.BlockReason;E_WinchTraceBlockReason.COUPLING_BLOCKED;E_WinchTraceBlockReason.COUPLING_BLOCKED;E_WinchTraceBlockReason.COUPLING_BLOCKED;E_WinchTraceBlockReason.COUPLING_BLOCKED;E_WinchTraceBlockReason.COUPLING_BLOCKED;E_WinchTraceBlockReason.COUPLING_BLOCKED;E_WinchTraceBlockReason.COUPLING_BLOCKED;E_WinchTraceBlockReason.COUPLING_BLOCKED;E_WinchTraceBlockReason.COUPLING_BLOCKED;E_WinchTraceBlockReason.COUPLING_BLOCKED;E_WinchTraceBlockReason.COUPLING_BLOCKED
GVL_Troubleshooting.R_TraceWinchM2.BlockReasonTimestamp;UDINT#9059830;UDINT#9059830;UDINT#9059830;UDINT#9059830;UDINT#9059830;UDINT#9059830;UDINT#9059830;UDINT#9059830;UDINT#9059830;UDINT#9059830;UDINT#9059830
GVL_Troubleshooting.R_TraceWinchM2.StepNumber;INT#0;INT#0;INT#0;INT#0;INT#0;INT#0;INT#0;INT#0;INT#0;INT#0;INT#0
GVL_Troubleshooting.S_TraceTranslation.MotionPermitEffective;TRUE;TRUE;TRUE;TRUE;TRUE;TRUE;TRUE;TRUE;TRUE;TRUE;TRUE
GVL_Troubleshooting.S_TraceTranslation.EffectivePermitM3_Tremie;FALSE;FALSE;FALSE;FALSE;FALSE;FALSE;FALSE;FALSE;FALSE;FALSE;FALSE
GVL_Troubleshooting.S_TraceTranslation.EffectivePermitM3_Maintenance;TRUE;TRUE;TRUE;TRUE;TRUE;TRUE;TRUE;TRUE;TRUE;TRUE;TRUE
GVL_Troubleshooting.S_TraceTranslation.HeightInterlockBlocking;FALSE;FALSE;FALSE;FALSE;FALSE;FALSE;FALSE;FALSE;FALSE;FALSE;FALSE
GVL_Troubleshooting.S_TraceTranslation.SafeStopActive;FALSE;FALSE;FALSE;FALSE;FALSE;FALSE;FALSE;FALSE;FALSE;FALSE;FALSE
GVL_Troubleshooting.S_TraceTranslation.SafeStopSourceInput;FALSE;FALSE;FALSE;FALSE;FALSE;FALSE;FALSE;FALSE;FALSE;FALSE;FALSE
GVL_Troubleshooting.S_TraceTranslation.SafeStopSourceSafety;FALSE;FALSE;FALSE;FALSE;FALSE;FALSE;FALSE;FALSE;FALSE;FALSE;FALSE
GVL_Troubleshooting.S_TraceTranslation.PowerCutOffActive;FALSE;FALSE;FALSE;FALSE;FALSE;FALSE;FALSE;FALSE;FALSE;FALSE;FALSE
GVL_Troubleshooting.S_TraceTranslation.DriveOperational;TRUE;TRUE;TRUE;TRUE;TRUE;TRUE;TRUE;TRUE;TRUE;TRUE;TRUE
GVL_Troubleshooting.S_TraceTranslation.FinalInterlockError;FALSE;FALSE;FALSE;FALSE;FALSE;FALSE;FALSE;FALSE;FALSE;FALSE;FALSE
GVL_Troubleshooting.S_TraceTranslation.BlockReason;E_TranslationTraceBlockReason.NONE;E_TranslationTraceBlockReason.NONE;E_TranslationTraceBlockReason.NONE;E_TranslationTraceBlockReason.NONE;E_TranslationTraceBlockReason.NONE;E_TranslationTraceBlockReason.NONE;E_TranslationTraceBlockReason.NONE;E_TranslationTraceBlockReason.NONE;E_TranslationTraceBlockReason.NONE;E_TranslationTraceBlockReason.NONE;E_TranslationTraceBlockReason.NONE
GVL_Troubleshooting.S_TraceTranslation.BlockReasonTimestamp;UDINT#9049310;UDINT#9049310;UDINT#9049310;UDINT#9049310;UDINT#9049310;UDINT#9049310;UDINT#9049310;UDINT#9049310;UDINT#9049310;UDINT#9049310;UDINT#9049310
GVL_Troubleshooting.T_Permits.ArmingPermit;TRUE;TRUE;TRUE;TRUE;TRUE;TRUE;TRUE;TRUE;TRUE;TRUE;TRUE
GVL_Troubleshooting.T_Permits.M1SafetyAscentPermit;FALSE;FALSE;FALSE;FALSE;FALSE;FALSE;FALSE;FALSE;FALSE;FALSE;FALSE
GVL_Troubleshooting.T_Permits.M1SafetyDescendPermit;FALSE;FALSE;FALSE;FALSE;FALSE;FALSE;FALSE;FALSE;FALSE;FALSE;FALSE
GVL_Troubleshooting.T_Permits.M1ProcessAscentPermit;TRUE;TRUE;TRUE;TRUE;TRUE;TRUE;TRUE;TRUE;TRUE;TRUE;TRUE
GVL_Troubleshooting.T_Permits.M1ProcessDescendPermit;TRUE;TRUE;TRUE;TRUE;TRUE;TRUE;TRUE;TRUE;TRUE;TRUE;TRUE
GVL_Troubleshooting.T_Permits.EffectivePermitM1_Ascent;FALSE;FALSE;FALSE;FALSE;FALSE;FALSE;FALSE;FALSE;FALSE;FALSE;FALSE
GVL_Troubleshooting.T_Permits.EffectivePermitM1_Descend;FALSE;FALSE;FALSE;FALSE;FALSE;FALSE;FALSE;FALSE;FALSE;FALSE;FALSE
GVL_Troubleshooting.T_Permits.AppliedPermitM1_Ascent;FALSE;FALSE;FALSE;FALSE;FALSE;FALSE;FALSE;FALSE;FALSE;FALSE;FALSE
GVL_Troubleshooting.T_Permits.AppliedPermitM1_Descend;FALSE;FALSE;FALSE;FALSE;FALSE;FALSE;FALSE;FALSE;FALSE;FALSE;FALSE
GVL_Troubleshooting.T_Permits.M1FinalPermitBlocked;FALSE;FALSE;FALSE;FALSE;FALSE;FALSE;FALSE;FALSE;FALSE;FALSE;FALSE
GVL_Troubleshooting.T_Permits.M2SafetyAscentPermit;FALSE;FALSE;FALSE;FALSE;FALSE;FALSE;FALSE;FALSE;FALSE;FALSE;FALSE
GVL_Troubleshooting.T_Permits.M2SafetyDescendPermit;FALSE;FALSE;FALSE;FALSE;FALSE;FALSE;FALSE;FALSE;FALSE;FALSE;FALSE
GVL_Troubleshooting.T_Permits.M2ProcessAscentPermit;TRUE;TRUE;TRUE;TRUE;TRUE;TRUE;TRUE;TRUE;TRUE;TRUE;TRUE
GVL_Troubleshooting.T_Permits.M2ProcessDescendPermit;TRUE;TRUE;TRUE;TRUE;TRUE;TRUE;TRUE;TRUE;TRUE;TRUE;TRUE
GVL_Troubleshooting.T_Permits.EffectivePermitM2_Ascent;FALSE;FALSE;FALSE;FALSE;FALSE;FALSE;FALSE;FALSE;FALSE;FALSE;FALSE
GVL_Troubleshooting.T_Permits.EffectivePermitM2_Descend;FALSE;FALSE;FALSE;FALSE;FALSE;FALSE;FALSE;FALSE;FALSE;FALSE;FALSE
GVL_Troubleshooting.T_Permits.AppliedPermitM2_Ascent;FALSE;FALSE;FALSE;FALSE;FALSE;FALSE;FALSE;FALSE;FALSE;FALSE;FALSE
GVL_Troubleshooting.T_Permits.AppliedPermitM2_Descend;FALSE;FALSE;FALSE;FALSE;FALSE;FALSE;FALSE;FALSE;FALSE;FALSE;FALSE
GVL_Troubleshooting.T_Permits.M2FinalPermitBlocked;FALSE;FALSE;FALSE;FALSE;FALSE;FALSE;FALSE;FALSE;FALSE;FALSE;FALSE
GVL_Troubleshooting.T_Permits.BothActive;FALSE;FALSE;FALSE;FALSE;FALSE;FALSE;FALSE;FALSE;FALSE;FALSE;FALSE
GVL_Troubleshooting.T_Permits.BothBlocked;FALSE;FALSE;FALSE;FALSE;FALSE;FALSE;FALSE;FALSE;FALSE;FALSE;FALSE
GVL_Troubleshooting.T_Permits.BothBlockReason;E_WinchTraceBlockReason.NONE;E_WinchTraceBlockReason.NONE;E_WinchTraceBlockReason.NONE;E_WinchTraceBlockReason.NONE;E_WinchTraceBlockReason.NONE;E_WinchTraceBlockReason.NONE;E_WinchTraceBlockReason.NONE;E_WinchTraceBlockReason.NONE;E_WinchTraceBlockReason.NONE;E_WinchTraceBlockReason.NONE;E_WinchTraceBlockReason.NONE
GVL_Troubleshooting.T_Permits.EffectivePermitM3_Tremie;FALSE;FALSE;FALSE;FALSE;FALSE;FALSE;FALSE;FALSE;FALSE;FALSE;FALSE
GVL_Troubleshooting.T_Permits.EffectivePermitM3_Maintenance;TRUE;TRUE;TRUE;TRUE;TRUE;TRUE;TRUE;TRUE;TRUE;TRUE;TRUE
GVL_Troubleshooting.T_Permits.M3MotionPermitEffective;TRUE;TRUE;TRUE;TRUE;TRUE;TRUE;TRUE;TRUE;TRUE;TRUE;TRUE
GVL_Troubleshooting.T_Permits.DiveDescendPermit;TRUE;TRUE;TRUE;TRUE;TRUE;TRUE;TRUE;TRUE;TRUE;TRUE;TRUE
GVL_Troubleshooting.T_Permits.ExtractionAscentPermit;FALSE;FALSE;FALSE;FALSE;FALSE;FALSE;FALSE;FALSE;FALSE;FALSE;FALSE
GVL_Troubleshooting.T_Permits.ExtractionAssistActive;FALSE;FALSE;FALSE;FALSE;FALSE;FALSE;FALSE;FALSE;FALSE;FALSE;FALSE
GVL_Troubleshooting.T_Permits.EffectivePermitBucket_Open;FALSE;FALSE;FALSE;FALSE;FALSE;FALSE;FALSE;FALSE;FALSE;FALSE;FALSE
GVL_Troubleshooting.T_Permits.EffectivePermitBucket_Close;FALSE;FALSE;FALSE;FALSE;FALSE;FALSE;FALSE;FALSE;FALSE;FALSE;FALSE
GVL_Troubleshooting.T_Permits.BucketOpenRequestActive;FALSE;FALSE;FALSE;FALSE;FALSE;FALSE;FALSE;FALSE;FALSE;FALSE;FALSE
GVL_Troubleshooting.T_Permits.BucketCloseRequestActive;FALSE;FALSE;FALSE;FALSE;FALSE;FALSE;FALSE;FALSE;FALSE;FALSE;FALSE
GVL_Troubleshooting.T_Permits.BucketMotionBlocked;FALSE;FALSE;FALSE;FALSE;FALSE;FALSE;FALSE;FALSE;FALSE;FALSE;FALSE
