nom,tier,type,fichier,ligne,bloc,pou,declaration
Error,T1(brief),BOOL,CODE/A_COMMUN/_TYPES/ST_Fault.st,19,STRUCT,,Error     : BOOL;
ErrorId,T1(brief),WORD,CODE/A_COMMUN/_TYPES/ST_Fault.st,20,STRUCT,,ErrorId   : WORD;
Latched,T2(elargi),BOOL,CODE/A_COMMUN/_TYPES/ST_Fault.st,21,STRUCT,,Latched   : BOOL;
LatchedId,T2(elargi),WORD,CODE/A_COMMUN/_TYPES/ST_Fault.st,22,STRUCT,,LatchedId : WORD;
Error,T1(brief),BOOL,CODE/A_COMMUN/_TYPES/ST_Status.st,21,STRUCT,,Error        : BOOL;
ErrorId,T1(brief),WORD,CODE/A_COMMUN/_TYPES/ST_Status.st,22,STRUCT,,ErrorId      : WORD;
StateAtError,T1(brief),E_State,CODE/A_COMMUN/_TYPES/ST_Status.st,24,STRUCT,,StateAtError : E_State;
Warning,T1(brief),BOOL,CODE/A_COMMUN/_TYPES/ST_Status.st,26,STRUCT,,Warning        : BOOL;
WarningId,T1(brief),WORD,CODE/A_COMMUN/_TYPES/ST_Status.st,27,STRUCT,,WarningId      : WORD;
WarningIdTxt,T1(brief),STRING,CODE/A_COMMUN/_TYPES/ST_Status.st,28,STRUCT,,WarningIdTxt   : STRING;
ErrorIdTxt,T1(brief),STRING,CODE/A_COMMUN/_TYPES/ST_Status.st,29,STRUCT,,ErrorIdTxt     : STRING;
PreflightErrorId,T1(brief),WORD,CODE/A_COMMUN/FB_Acquisition_Preflight.st,46,VAR_OUTPUT,FB_Acquisition_Preflight,PreflightErrorId        : WORD;
PreflightErrorId,T1(brief),= 0,CODE/A_COMMUN/FB_Acquisition_Preflight.st,63,?,FB_Acquisition_Preflight,PreflightErrorId := 0;
Fault,T1(brief),ST_Fault,CODE/A_COMMUN/FB_Brake.st,30,VAR_OUTPUT,FB_Brake,Fault                   : ST_Fault;
ContactorIncoherentError,T1(brief),BOOL,CODE/A_COMMUN/FB_Brake.st,48,VAR,FB_Brake,ContactorIncoherentError: BOOL;
instFault,T1(brief),FB_FaultCore,CODE/A_COMMUN/FB_Brake.st,49,VAR,FB_Brake,instFault               : FB_FaultCore;
ContactorIncoherentError,T1(brief),= FALSE,CODE/A_COMMUN/FB_Brake.st,62,?,FB_Brake,ContactorIncoherentError := FALSE;
Fault,T1(brief),= instFault.Fault,CODE/A_COMMUN/FB_Brake.st,85,?,FB_Brake,Fault := instFault.Fault;
ContactorIncoherentError,T1(brief),= TRUE,CODE/A_COMMUN/FB_Brake.st,119,?,FB_Brake,ContactorIncoherentError   := TRUE;
Fault,T1(brief),= instFault.Fault,CODE/A_COMMUN/FB_Brake.st,131,?,FB_Brake,Fault := instFault.Fault;
ActivationLatched,T2(elargi),BOOL,CODE/A_COMMUN/FB_ContactorProtector.st,26,VAR,FB_ContactorProtector,ActivationLatched : BOOL;
ActivationLatched,T2(elargi),= FALSE,CODE/A_COMMUN/FB_ContactorProtector.st,34,?,FB_ContactorProtector,ActivationLatched := FALSE;
ActivationLatched,T2(elargi),= TRUE,CODE/A_COMMUN/FB_ContactorProtector.st,53,?,FB_ContactorProtector,ActivationLatched := TRUE;
ActivationLatched,T2(elargi),= FALSE,CODE/A_COMMUN/FB_ContactorProtector.st,56,?,FB_ContactorProtector,ActivationLatched := FALSE;
DefaultValueS,T1(brief),REAL := 0.004,CODE/A_COMMUN/FB_CycleTime.st,13,VAR_INPUT,FB_CycleTime,DefaultValueS           : REAL := 0.004;
Fault,T1(brief),ST_Fault,CODE/A_COMMUN/FB_FaultCore.st,29,VAR_OUTPUT,FB_FaultCore,Fault   : ST_Fault;
Error,T1(brief),BOOL,CODE/B_AU_SECURITE/_TYPES/ST_Safety_Emergency_Diag.st,11,STRUCT,,Error                : BOOL;
ErrorId,T1(brief),WORD,CODE/B_AU_SECURITE/_TYPES/ST_Safety_Emergency_Diag.st,12,STRUCT,,ErrorId              : WORD;
Diag,T1(brief),ST_Safety_Emergency_Diag,CODE/B_AU_SECURITE/_TYPES/ST_Safety_Emergency_Status.st,23,STRUCT,,Diag            : ST_Safety_Emergency_Diag;
Fault,T1(brief),ST_Fault,CODE/B_AU_SECURITE/_TYPES/ST_Safety_Emergency_Status.st,26,STRUCT,,Fault           : ST_Fault;
MaintainA_NoFault,T1(brief),BOOL,CODE/B_AU_SECURITE/FB_Safety_EmergencyManagement.st,82,VAR,FB_Safety_EmergencyManagement,MaintainA_NoFault         : BOOL;
MaintainB_NoFault,T1(brief),BOOL,CODE/B_AU_SECURITE/FB_Safety_EmergencyManagement.st,83,VAR,FB_Safety_EmergencyManagement,MaintainB_NoFault         : BOOL;
instFault,T1(brief),FB_FaultCore,CODE/B_AU_SECURITE/FB_Safety_EmergencyManagement.st,105,VAR,FB_Safety_EmergencyManagement,instFault               : FB_FaultCore;
CST_FaultDisplayDebounce,T1(brief),TIME := T#200ms,CODE/B_AU_SECURITE/FB_Safety_EmergencyManagement.st,117,VAR CONSTANT,FB_Safety_EmergencyManagement,CST_FaultDisplayDebounce : TIME := T#200ms;
MaintainA_NoFault,T1(brief),= NOT ForceTestA AND NOT RedundancyTestFailedCause,CODE/B_AU_SECURITE/FB_Safety_EmergencyManagement.st,532,?,FB_Safety_EmergencyManagement,MaintainA_NoFault := NOT ForceTestA AND NOT RedundancyTestFailedCause;
MaintainB_NoFault,T1(brief),= NOT ForceTestB AND NOT RedundancyTestFailedCause,CODE/B_AU_SECURITE/FB_Safety_EmergencyManagement.st,533,?,FB_Safety_EmergencyManagement,MaintainB_NoFault := NOT ForceTestB AND NOT RedundancyTestFailedCause;
CST_ABORT_INVALID_STEP,T2(elargi),INT := 256,CODE/B_AU_SECURITE/GVL_Safety_Emergency.st,38,VAR_GLOBAL,,CST_ABORT_INVALID_STEP       : INT := 256;
DiagnosticsStable,T1(brief),BOOL,CODE/C_DIAG_RESEAUX/FB_AutoResetTransientDiag.st,20,VAR_INPUT,FB_AutoResetTransientDiag,DiagnosticsStable        : BOOL;
Error,T1(brief),BOOL,CODE/C_DIAG_RESEAUX/ST_Diag_Device.st,11,STRUCT,,Error          : BOOL;
ErrorId,T1(brief),WORD,CODE/C_DIAG_RESEAUX/ST_Diag_Device.st,12,STRUCT,,ErrorId        : WORD;
StateAtError,T1(brief),E_Diag_State,CODE/C_DIAG_RESEAUX/ST_Diag_Device.st,14,STRUCT,,StateAtError   : E_Diag_State;
Fault,T1(brief),ST_Fault,CODE/D_JOYSTICK/FB_Joystick.st,46,VAR_OUTPUT,FB_Joystick,Fault                     : ST_Fault;
instFault,T1(brief),FB_FaultCore,CODE/D_JOYSTICK/FB_Joystick.st,83,VAR,FB_Joystick,instFault                 : FB_FaultCore;
RawOutOfRange,T2(elargi),BOOL,CODE/D_JOYSTICK/FB_Joystick.st,101,VAR,FB_Joystick,RawOutOfRange             : BOOL;
Fault,T1(brief),= instFault.Fault,CODE/D_JOYSTICK/FB_Joystick.st,148,?,FB_Joystick,Fault := instFault.Fault;
RawOutOfRangeMargin,T2(elargi),INT  := 500,CODE/D_JOYSTICK/ST_fbJoystick_Cfg.st,18,STRUCT,,RawOutOfRangeMargin  : INT  := 500;
AlarmsIn,T1(brief),UINT,CODE/E_CODEURS/_TYPES/ST_EncoderHw.st,13,STRUCT,,AlarmsIn            : UINT;
WarningsIn,T1(brief),UINT,CODE/E_CODEURS/_TYPES/ST_EncoderHw.st,14,STRUCT,,WarningsIn          : UINT;
AlarmsIn,T1(brief),UINT,CODE/E_CODEURS/_TYPES/ST_fbEncoder_HwIn.st,18,STRUCT,,AlarmsIn           : UINT;
WarningsIn,T1(brief),UINT,CODE/E_CODEURS/_TYPES/ST_fbEncoder_HwIn.st,19,STRUCT,,WarningsIn         : UINT;
HomingFault,T1(brief),ST_Fault,CODE/E_CODEURS/_TYPES/ST_fbEncoder_Measurement.st,26,STRUCT,,HomingFault       : ST_Fault;
AbsFault,T1(brief),ST_Fault,CODE/E_CODEURS/_TYPES/ST_fbEncoder_Measurement.st,28,STRUCT,,AbsFault          : ST_Fault;
Fault,T1(brief),ST_Fault,CODE/E_CODEURS/FB_Encoder.st,54,VAR_OUTPUT,FB_Encoder,Fault                 : ST_Fault;
EncoderFault,T1(brief),BOOL,CODE/E_CODEURS/FB_Encoder.st,65,VAR_OUTPUT,FB_Encoder,EncoderFault          : BOOL;
instFault,T1(brief),FB_FaultCore,CODE/E_CODEURS/FB_Encoder.st,77,VAR,FB_Encoder,instFault      : FB_FaultCore;
EncoderFault,T1(brief),= TRUE,CODE/E_CODEURS/FB_Encoder.st,94,?,FB_Encoder,EncoderFault := TRUE;
Fault,T1(brief),= instFault.Fault,CODE/E_CODEURS/FB_Encoder.st,110,?,FB_Encoder,Fault := instFault.Fault;
EncoderFault,T1(brief),= instRel.EncoderFault,CODE/E_CODEURS/FB_Encoder.st,215,?,FB_Encoder,EncoderFault     := instRel.EncoderFault;
Fault,T1(brief),= instFault.Fault,CODE/E_CODEURS/FB_Encoder.st,235,?,FB_Encoder,Fault := instFault.Fault;
AlarmsIn,T1(brief),UINT,CODE/E_CODEURS/FB_Encoder_Abs.st,21,VAR_INPUT,FB_Encoder_Abs,AlarmsIn            : UINT;
WarningsIn,T1(brief),UINT,CODE/E_CODEURS/FB_Encoder_Abs.st,22,VAR_INPUT,FB_Encoder_Abs,WarningsIn          : UINT;
Fault,T1(brief),ST_Fault,CODE/E_CODEURS/FB_Encoder_Abs.st,35,VAR_OUTPUT,FB_Encoder_Abs,Fault               : ST_Fault;
PresetTimeoutError,T1(brief),BOOL,CODE/E_CODEURS/FB_Encoder_Abs.st,61,VAR,FB_Encoder_Abs,PresetTimeoutError  : BOOL;
instFault,T1(brief),FB_FaultCore,CODE/E_CODEURS/FB_Encoder_Abs.st,64,VAR,FB_Encoder_Abs,instFault           : FB_FaultCore;
PresetTimeoutError,T1(brief),= FALSE,CODE/E_CODEURS/FB_Encoder_Abs.st,81,?,FB_Encoder_Abs,PresetTimeoutError := FALSE;
Fault,T1(brief),= instFault.Fault,CODE/E_CODEURS/FB_Encoder_Abs.st,89,?,FB_Encoder_Abs,Fault := instFault.Fault;
PresetTimeoutError,T1(brief),= TRUE,CODE/E_CODEURS/FB_Encoder_Abs.st,153,?,FB_Encoder_Abs,PresetTimeoutError := TRUE;
Fault,T1(brief),ST_Fault,CODE/E_CODEURS/FB_Encoder_Homing.st,49,VAR_OUTPUT,FB_Encoder_Homing,Fault                  : ST_Fault;
HomingModeError,T1(brief),BOOL,CODE/E_CODEURS/FB_Encoder_Homing.st,86,VAR,FB_Encoder_Homing,HomingModeError        : BOOL;
TargetOutOfRangeError,T1(brief),BOOL,CODE/E_CODEURS/FB_Encoder_Homing.st,87,VAR,FB_Encoder_Homing,TargetOutOfRangeError  : BOOL;
PresetFailError,T1(brief),BOOL,CODE/E_CODEURS/FB_Encoder_Homing.st,88,VAR,FB_Encoder_Homing,PresetFailError        : BOOL;
BootIncoherentError,T1(brief),BOOL,CODE/E_CODEURS/FB_Encoder_Homing.st,89,VAR,FB_Encoder_Homing,BootIncoherentError    : BOOL;
instFault,T1(brief),FB_FaultCore,CODE/E_CODEURS/FB_Encoder_Homing.st,103,VAR,FB_Encoder_Homing,instFault              : FB_FaultCore;
HomingModeError,T1(brief),= FALSE,CODE/E_CODEURS/FB_Encoder_Homing.st,124,?,FB_Encoder_Homing,HomingModeError := FALSE;
TargetOutOfRangeError,T1(brief),= FALSE,CODE/E_CODEURS/FB_Encoder_Homing.st,125,?,FB_Encoder_Homing,TargetOutOfRangeError := FALSE;
PresetFailError,T1(brief),= FALSE,CODE/E_CODEURS/FB_Encoder_Homing.st,126,?,FB_Encoder_Homing,PresetFailError := FALSE;
BootIncoherentError,T1(brief),= FALSE,CODE/E_CODEURS/FB_Encoder_Homing.st,132,?,FB_Encoder_Homing,BootIncoherentError := FALSE;
Fault,T1(brief),= instFault.Fault,CODE/E_CODEURS/FB_Encoder_Homing.st,154,?,FB_Encoder_Homing,Fault := instFault.Fault;
BootIncoherentError,T1(brief),= TRUE,CODE/E_CODEURS/FB_Encoder_Homing.st,186,?,FB_Encoder_Homing,BootIncoherentError := TRUE;
HomingModeError,T1(brief),= TRUE,CODE/E_CODEURS/FB_Encoder_Homing.st,203,?,FB_Encoder_Homing,HomingModeError := TRUE;
TargetOutOfRangeError,T1(brief),= TRUE,CODE/E_CODEURS/FB_Encoder_Homing.st,227,?,FB_Encoder_Homing,TargetOutOfRangeError := TRUE;
PresetFailError,T1(brief),= FALSE,CODE/E_CODEURS/FB_Encoder_Homing.st,269,?,FB_Encoder_Homing,PresetFailError := FALSE;
PresetFailError,T1(brief),= TRUE,CODE/E_CODEURS/FB_Encoder_Homing.st,274,?,FB_Encoder_Homing,PresetFailError := TRUE;
Fault,T1(brief),ST_Fault,CODE/E_CODEURS/FB_Encoder_Safety.st,31,VAR_OUTPUT,FB_Encoder_Safety,Fault                 : ST_Fault;
instFault,T1(brief),FB_FaultCore,CODE/E_CODEURS/FB_Encoder_Safety.st,42,VAR,FB_Encoder_Safety,instFault             : FB_FaultCore;
Fault,T1(brief),= instFault.Fault,CODE/E_CODEURS/FB_Encoder_Safety.st,63,?,FB_Encoder_Safety,Fault := instFault.Fault;
EncoderFault,T1(brief),BOOL,CODE/E_CODEURS/FB_EncoderReliability.st,24,VAR_OUTPUT,FB_EncoderReliability,EncoderFault      : BOOL;
EncoderFaultPresent,T1(brief),BOOL,CODE/F_MODES/FB_Modes.st,46,VAR_INPUT,FB_Modes,EncoderFaultPresent     : BOOL;
Fault,T1(brief),ST_Fault,CODE/F_MODES/FB_Modes.st,78,VAR_OUTPUT,FB_Modes,Fault                   : ST_Fault;
instFault,T1(brief),FB_FaultCore,CODE/F_MODES/FB_Modes.st,87,VAR,FB_Modes,instFault               : FB_FaultCore;
SemiAutoCycleNotReadyFault,T1(brief),BOOL,CODE/F_MODES/FB_Modes.st,100,VAR,FB_Modes,SemiAutoCycleNotReadyFault        : BOOL;
Fault,T1(brief),= instFault.Fault,CODE/F_MODES/FB_Modes.st,185,?,FB_Modes,Fault := instFault.Fault;
ModeChangeBlockReason,T2(elargi),= 'Chgt mode refuse : contacteur M1',CODE/F_MODES/FB_Modes.st,272,?,FB_Modes,ModeChangeBlockReason := 'Chgt mode refuse : contacteur M1';
ModeChangeBlockReason,T2(elargi),= 'Chgt mode refuse : frein M1',CODE/F_MODES/FB_Modes.st,274,?,FB_Modes,ModeChangeBlockReason := 'Chgt mode refuse : frein M1';
ModeChangeBlockReason,T2(elargi),= 'Chgt mode refuse : M1 en mvt',CODE/F_MODES/FB_Modes.st,276,?,FB_Modes,ModeChangeBlockReason := 'Chgt mode refuse : M1 en mvt';
ModeChangeBlockReason,T2(elargi),= 'Chgt mode refuse : contacteur M2',CODE/F_MODES/FB_Modes.st,278,?,FB_Modes,ModeChangeBlockReason := 'Chgt mode refuse : contacteur M2';
ModeChangeBlockReason,T2(elargi),= 'Chgt mode refuse : frein M2',CODE/F_MODES/FB_Modes.st,280,?,FB_Modes,ModeChangeBlockReason := 'Chgt mode refuse : frein M2';
ModeChangeBlockReason,T2(elargi),= 'Chgt mode refuse : M2 en mvt',CODE/F_MODES/FB_Modes.st,282,?,FB_Modes,ModeChangeBlockReason := 'Chgt mode refuse : M2 en mvt';
ModeChangeBlockReason,T2(elargi),= '',CODE/F_MODES/FB_Modes.st,284,?,FB_Modes,ModeChangeBlockReason := '';
HomingError,T1(brief),BOOL,CODE/G_CYCLE/_TYPES/ST_fbMachineHomingCycle_AxisHomingStatus.st,13,STRUCT,,HomingError      : BOOL;
Fault,T1(brief),ST_Fault,CODE/G_CYCLE/FB_CycleMachineHoming.st,57,VAR_OUTPUT,FB_CycleMachineHoming,Fault                       : ST_Fault;
MachineHomingStepAtError,T1(brief),E_MachineHomingStep := E_MachineHomingStep.IDLE,CODE/G_CYCLE/FB_CycleMachineHoming.st,63,VAR_OUTPUT,FB_CycleMachineHoming,MachineHomingStepAtError    : E_MachineHomingStep := E_MachineHomingStep.IDLE;
instFault,T1(brief),FB_FaultCore,CODE/G_CYCLE/FB_CycleMachineHoming.st,90,VAR,FB_CycleMachineHoming,instFault                   : FB_FaultCore;
LatchedEdge,T2(elargi),R_TRIG,CODE/G_CYCLE/FB_CycleMachineHoming.st,92,VAR,FB_CycleMachineHoming,LatchedEdge                 : R_TRIG;
AxisHomingError,T1(brief),BOOL,CODE/G_CYCLE/FB_CycleMachineHoming.st,133,VAR,FB_CycleMachineHoming,AxisHomingError             : BOOL;
HomingLossLatched,T2(elargi),BOOL,CODE/G_CYCLE/FB_CycleMachineHoming.st,142,VAR,FB_CycleMachineHoming,HomingLossLatched           : BOOL;
BucketCloseConfirmedLatched,T2(elargi),BOOL,CODE/G_CYCLE/FB_CycleMachineHoming.st,160,VAR,FB_CycleMachineHoming,BucketCloseConfirmedLatched : BOOL;
CST_CauseHomingErrorM1,T1(brief),INT := 3,CODE/G_CYCLE/FB_CycleMachineHoming.st,167,VAR CONSTANT,FB_CycleMachineHoming,CST_CauseHomingErrorM1      : INT := 3;
CST_CauseHomingErrorM2,T1(brief),INT := 4,CODE/G_CYCLE/FB_CycleMachineHoming.st,168,VAR CONSTANT,FB_CycleMachineHoming,CST_CauseHomingErrorM2      : INT := 4;
AxisHomingError,T1(brief),= M1Status.HomingError OR M2Status.HomingError,CODE/G_CYCLE/FB_CycleMachineHoming.st,253,?,FB_CycleMachineHoming,AxisHomingError  := M1Status.HomingError OR M2Status.HomingError;
HomingLossLatched,T2(elargi),= TRUE,CODE/G_CYCLE/FB_CycleMachineHoming.st,347,?,FB_CycleMachineHoming,HomingLossLatched := TRUE;
HomingLossLatched,T2(elargi),= FALSE,CODE/G_CYCLE/FB_CycleMachineHoming.st,353,?,FB_CycleMachineHoming,HomingLossLatched := FALSE;
HomingLossLatched,T2(elargi),= FALSE,CODE/G_CYCLE/FB_CycleMachineHoming.st,378,?,FB_CycleMachineHoming,HomingLossLatched   := FALSE;
BucketCloseConfirmedLatched,T2(elargi),= FALSE,CODE/G_CYCLE/FB_CycleMachineHoming.st,381,?,FB_CycleMachineHoming,BucketCloseConfirmedLatched := FALSE;
BucketCloseConfirmedLatched,T2(elargi),= TRUE,CODE/G_CYCLE/FB_CycleMachineHoming.st,425,?,FB_CycleMachineHoming,BucketCloseConfirmedLatched := TRUE;
BucketCloseConfirmedLatched,T2(elargi),= FALSE,CODE/G_CYCLE/FB_CycleMachineHoming.st,428,?,FB_CycleMachineHoming,BucketCloseConfirmedLatched := FALSE;
Fault,T1(brief),= instFault.Fault,CODE/G_CYCLE/FB_CycleMachineHoming.st,464,?,FB_CycleMachineHoming,Fault := instFault.Fault;
BucketCloseConfirmedLatched,T2(elargi),= FALSE,CODE/G_CYCLE/FB_CycleMachineHoming.st,566,?,FB_CycleMachineHoming,BucketCloseConfirmedLatched := FALSE;
BucketCloseConfirmedLatched,T2(elargi),= FALSE,CODE/G_CYCLE/FB_CycleMachineHoming.st,574,?,FB_CycleMachineHoming,BucketCloseConfirmedLatched := FALSE;
MachineHomingStepAtError,T1(brief),= MachineHomingStep,CODE/G_CYCLE/FB_CycleMachineHoming.st,867,?,FB_CycleMachineHoming,MachineHomingStepAtError := MachineHomingStep;
EncoderFaultPresent,T1(brief),BOOL,CODE/G_CYCLE/FB_CycleSemiAuto.st,16,VAR_INPUT,FB_CycleSemiAuto,EncoderFaultPresent     : BOOL;
ResumeAfterFault,T1(brief),BOOL,CODE/G_CYCLE/FB_CycleSemiAuto.st,29,VAR_INPUT,FB_CycleSemiAuto,ResumeAfterFault        : BOOL;
WinchSyncError,T1(brief),BOOL,CODE/G_CYCLE/FB_CycleSemiAuto.st,40,VAR_INPUT,FB_CycleSemiAuto,WinchSyncError          : BOOL;
Fault,T1(brief),ST_Fault,CODE/G_CYCLE/FB_CycleSemiAuto.st,109,VAR_OUTPUT,FB_CycleSemiAuto,Fault                   : ST_Fault;
ForceStepRejected,T2(elargi),BOOL,CODE/G_CYCLE/FB_CycleSemiAuto.st,122,VAR_OUTPUT,FB_CycleSemiAuto,ForceStepRejected       : BOOL;
CycleStepAtError,T1(brief),E_AutoCycleStep,CODE/G_CYCLE/FB_CycleSemiAuto.st,137,VAR_OUTPUT,FB_CycleSemiAuto,CycleStepAtError        : E_AutoCycleStep;
M1SpeedStepAtFault,T1(brief),INT,CODE/G_CYCLE/FB_CycleSemiAuto.st,138,VAR_OUTPUT,FB_CycleSemiAuto,M1SpeedStepAtFault      : INT;
M2SpeedStepAtFault,T1(brief),INT,CODE/G_CYCLE/FB_CycleSemiAuto.st,139,VAR_OUTPUT,FB_CycleSemiAuto,M2SpeedStepAtFault      : INT;
ResumeAfterFaultAvailable,T1(brief),BOOL,CODE/G_CYCLE/FB_CycleSemiAuto.st,140,VAR_OUTPUT,FB_CycleSemiAuto,ResumeAfterFaultAvailable : BOOL;
ResumeAfterFaultEdge,T1(brief),R_TRIG,CODE/G_CYCLE/FB_CycleSemiAuto.st,166,VAR,FB_CycleSemiAuto,ResumeAfterFaultEdge    : R_TRIG;
ErrorEdge,T1(brief),R_TRIG,CODE/G_CYCLE/FB_CycleSemiAuto.st,167,VAR,FB_CycleSemiAuto,ErrorEdge               : R_TRIG;
AutoDiveM2Step5TrialLatched,T2(elargi),BOOL := FALSE,CODE/G_CYCLE/FB_CycleSemiAuto.st,179,VAR,FB_CycleSemiAuto,AutoDiveM2Step5TrialLatched : BOOL := FALSE;
instFault,T1(brief),FB_FaultCore,CODE/G_CYCLE/FB_CycleSemiAuto.st,264,VAR,FB_CycleSemiAuto,instFault               : FB_FaultCore;
ForceStepRejected,T2(elargi),= FALSE,CODE/G_CYCLE/FB_CycleSemiAuto.st,299,?,FB_CycleSemiAuto,ForceStepRejected := FALSE;
Fault,T1(brief),= instFault.Fault,CODE/G_CYCLE/FB_CycleSemiAuto.st,551,?,FB_CycleSemiAuto,Fault := instFault.Fault;
ForceStepRejected,T2(elargi),= TRUE,CODE/G_CYCLE/FB_CycleSemiAuto.st,654,?,FB_CycleSemiAuto,ForceStepRejected := TRUE;
ForceStepRejected,T2(elargi),= TRUE,CODE/G_CYCLE/FB_CycleSemiAuto.st,657,?,FB_CycleSemiAuto,ForceStepRejected := TRUE;
ForceStepRejected,T2(elargi),= TRUE,CODE/G_CYCLE/FB_CycleSemiAuto.st,668,?,FB_CycleSemiAuto,ForceStepRejected := TRUE;
AutoDiveM2Step5TrialLatched,T2(elargi),= FALSE,CODE/G_CYCLE/FB_CycleSemiAuto.st,693,?,FB_CycleSemiAuto,AutoDiveM2Step5TrialLatched := FALSE;
CycleStepAtError,T1(brief),= State,CODE/G_CYCLE/FB_CycleSemiAuto.st,824,?,FB_CycleSemiAuto,CycleStepAtError := State;
M1SpeedStepAtFault,T1(brief),= M1_SpeedStepApplied,CODE/G_CYCLE/FB_CycleSemiAuto.st,825,?,FB_CycleSemiAuto,M1SpeedStepAtFault := M1_SpeedStepApplied;
M2SpeedStepAtFault,T1(brief),= M2_SpeedStepApplied,CODE/G_CYCLE/FB_CycleSemiAuto.st,826,?,FB_CycleSemiAuto,M2SpeedStepAtFault := M2_SpeedStepApplied;
AutoDiveM2Step5TrialLatched,T2(elargi),= FALSE,CODE/G_CYCLE/FB_CycleSemiAuto.st,834,?,FB_CycleSemiAuto,AutoDiveM2Step5TrialLatched := FALSE;
AutoDiveM2Step5TrialLatched,T2(elargi),= FALSE,CODE/G_CYCLE/FB_CycleSemiAuto.st,878,?,FB_CycleSemiAuto,AutoDiveM2Step5TrialLatched := FALSE;
AutoDiveM2Step5TrialLatched,T2(elargi),= CfgAutoDiveM2Step5Trial,CODE/G_CYCLE/FB_CycleSemiAuto.st,1034,?,FB_CycleSemiAuto,AutoDiveM2Step5TrialLatched := CfgAutoDiveM2Step5Trial;
AutoDiveM2Step5TrialLatched,T2(elargi),= FALSE,CODE/G_CYCLE/FB_CycleSemiAuto.st,1175,?,FB_CycleSemiAuto,AutoDiveM2Step5TrialLatched := FALSE;
Fault,T1(brief),ST_Fault,CODE/H_TREUILS_BENNE/BENNE/FB_Bucket.st,67,VAR_OUTPUT,FB_Bucket,Fault                           : ST_Fault;
SevereError,T1(brief),BOOL,CODE/H_TREUILS_BENNE/BENNE/FB_Bucket.st,130,VAR,FB_Bucket,SevereError                     : BOOL;
CfgFaultLatched,T1(brief),BOOL,CODE/H_TREUILS_BENNE/BENNE/FB_Bucket.st,139,VAR,FB_Bucket,CfgFaultLatched                 : BOOL;
OffsetMaxFaultLatched,T1(brief),BOOL,CODE/H_TREUILS_BENNE/BENNE/FB_Bucket.st,140,VAR,FB_Bucket,OffsetMaxFaultLatched           : BOOL;
TimeoutFaultLatched,T1(brief),BOOL,CODE/H_TREUILS_BENNE/BENNE/FB_Bucket.st,141,VAR,FB_Bucket,TimeoutFaultLatched             : BOOL;
M1SlipFaultLatched,T1(brief),BOOL,CODE/H_TREUILS_BENNE/BENNE/FB_Bucket.st,142,VAR,FB_Bucket,M1SlipFaultLatched              : BOOL;
instFault,T1(brief),FB_FaultCore,CODE/H_TREUILS_BENNE/BENNE/FB_Bucket.st,145,VAR,FB_Bucket,instFault                       : FB_FaultCore;
CfgFaultLatched,T1(brief),= FALSE,CODE/H_TREUILS_BENNE/BENNE/FB_Bucket.st,175,?,FB_Bucket,CfgFaultLatched       := FALSE;
OffsetMaxFaultLatched,T1(brief),= FALSE,CODE/H_TREUILS_BENNE/BENNE/FB_Bucket.st,176,?,FB_Bucket,OffsetMaxFaultLatched := FALSE;
TimeoutFaultLatched,T1(brief),= FALSE,CODE/H_TREUILS_BENNE/BENNE/FB_Bucket.st,177,?,FB_Bucket,TimeoutFaultLatched   := FALSE;
M1SlipFaultLatched,T1(brief),= FALSE,CODE/H_TREUILS_BENNE/BENNE/FB_Bucket.st,178,?,FB_Bucket,M1SlipFaultLatched    := FALSE;
CfgFaultLatched,T1(brief),= TRUE,CODE/H_TREUILS_BENNE/BENNE/FB_Bucket.st,187,?,FB_Bucket,CfgFaultLatched := TRUE;
OffsetMaxFaultLatched,T1(brief),= TRUE,CODE/H_TREUILS_BENNE/BENNE/FB_Bucket.st,213,?,FB_Bucket,OffsetMaxFaultLatched := TRUE;
TimeoutFaultLatched,T1(brief),= TRUE,CODE/H_TREUILS_BENNE/BENNE/FB_Bucket.st,261,?,FB_Bucket,TimeoutFaultLatched := TRUE;
M1SlipFaultLatched,T1(brief),= TRUE,CODE/H_TREUILS_BENNE/BENNE/FB_Bucket.st,276,?,FB_Bucket,M1SlipFaultLatched := TRUE;
Fault,T1(brief),= instFault.Fault,CODE/H_TREUILS_BENNE/BENNE/FB_Bucket.st,304,?,FB_Bucket,Fault := instFault.Fault;
SevereError,T1(brief),= Fault.Error,CODE/H_TREUILS_BENNE/BENNE/FB_Bucket.st,423,?,FB_Bucket,SevereError := Fault.Error;
Violation,T2(elargi),BOOL,CODE/H_TREUILS_BENNE/FB_DriftGuard.st,21,VAR_OUTPUT,FB_DriftGuard,Violation                       : BOOL;
Violation,T2(elargi),= DriftM > ToleranceM,CODE/H_TREUILS_BENNE/FB_DriftGuard.st,36,?,FB_DriftGuard,Violation := DriftM > ToleranceM;
Violation,T2(elargi),= FALSE,CODE/H_TREUILS_BENNE/FB_DriftGuard.st,40,?,FB_DriftGuard,Violation := FALSE;
EncoderFaultBypass,T1(brief),BOOL,CODE/H_TREUILS_BENNE/FB_Safety_Winch.st,65,VAR_INPUT,FB_Safety_Winch,EncoderFaultBypass              : BOOL;
Fault,T1(brief),ST_Fault,CODE/H_TREUILS_BENNE/FB_Safety_Winch.st,87,VAR_OUTPUT,FB_Safety_Winch,Fault                           : ST_Fault;
OverspeedFault,T1(brief),BOOL,CODE/H_TREUILS_BENNE/FB_Safety_Winch.st,100,VAR_OUTPUT,FB_Safety_Winch,OverspeedFault                  : BOOL;
EncoderFaultLatched,T1(brief),BOOL,CODE/H_TREUILS_BENNE/FB_Safety_Winch.st,153,VAR,FB_Safety_Winch,EncoderFaultLatched             : BOOL;
MotorThermalFaultLatched,T1(brief),BOOL,CODE/H_TREUILS_BENNE/FB_Safety_Winch.st,154,VAR,FB_Safety_Winch,MotorThermalFaultLatched        : BOOL;
PhaseRotationFaultLatched,T1(brief),BOOL,CODE/H_TREUILS_BENNE/FB_Safety_Winch.st,155,VAR,FB_Safety_Winch,PhaseRotationFaultLatched       : BOOL;
MecaAFaultLatched,T1(brief),BOOL,CODE/H_TREUILS_BENNE/FB_Safety_Winch.st,156,VAR,FB_Safety_Winch,MecaAFaultLatched               : BOOL;
MecaBFaultLatched,T1(brief),BOOL,CODE/H_TREUILS_BENNE/FB_Safety_Winch.st,157,VAR,FB_Safety_Winch,MecaBFaultLatched               : BOOL;
MecaCFaultLatched,T1(brief),BOOL,CODE/H_TREUILS_BENNE/FB_Safety_Winch.st,158,VAR,FB_Safety_Winch,MecaCFaultLatched               : BOOL;
BrakeThermalFaultLatched,T1(brief),BOOL,CODE/H_TREUILS_BENNE/FB_Safety_Winch.st,159,VAR,FB_Safety_Winch,BrakeThermalFaultLatched        : BOOL;
MecaDFaultLatched,T1(brief),BOOL,CODE/H_TREUILS_BENNE/FB_Safety_Winch.st,160,VAR,FB_Safety_Winch,MecaDFaultLatched               : BOOL;
MecaEFaultLatched,T1(brief),BOOL,CODE/H_TREUILS_BENNE/FB_Safety_Winch.st,161,VAR,FB_Safety_Winch,MecaEFaultLatched               : BOOL;
MecaEEscaladeFaultLatched,T1(brief),BOOL,CODE/H_TREUILS_BENNE/FB_Safety_Winch.st,162,VAR,FB_Safety_Winch,MecaEEscaladeFaultLatched       : BOOL;
OppositeDirectionFaultLatched,T1(brief),BOOL,CODE/H_TREUILS_BENNE/FB_Safety_Winch.st,163,VAR,FB_Safety_Winch,OppositeDirectionFaultLatched   : BOOL;
NoMovementFaultLatched,T1(brief),BOOL,CODE/H_TREUILS_BENNE/FB_Safety_Winch.st,164,VAR,FB_Safety_Winch,NoMovementFaultLatched          : BOOL;
OverspeedFaultLatched,T1(brief),BOOL,CODE/H_TREUILS_BENNE/FB_Safety_Winch.st,165,VAR,FB_Safety_Winch,OverspeedFaultLatched           : BOOL;
instFault,T1(brief),FB_FaultCore,CODE/H_TREUILS_BENNE/FB_Safety_Winch.st,168,VAR,FB_Safety_Winch,instFault                       : FB_FaultCore;
EncoderFaultLatched,T1(brief),= FALSE,CODE/H_TREUILS_BENNE/FB_Safety_Winch.st,184,?,FB_Safety_Winch,EncoderFaultLatched           := FALSE;
MotorThermalFaultLatched,T1(brief),= FALSE,CODE/H_TREUILS_BENNE/FB_Safety_Winch.st,185,?,FB_Safety_Winch,MotorThermalFaultLatched      := FALSE;
PhaseRotationFaultLatched,T1(brief),= FALSE,CODE/H_TREUILS_BENNE/FB_Safety_Winch.st,186,?,FB_Safety_Winch,PhaseRotationFaultLatched     := FALSE;
MecaAFaultLatched,T1(brief),= FALSE,CODE/H_TREUILS_BENNE/FB_Safety_Winch.st,187,?,FB_Safety_Winch,MecaAFaultLatched             := FALSE;
MecaBFaultLatched,T1(brief),= FALSE,CODE/H_TREUILS_BENNE/FB_Safety_Winch.st,188,?,FB_Safety_Winch,MecaBFaultLatched             := FALSE;
MecaCFaultLatched,T1(brief),= FALSE,CODE/H_TREUILS_BENNE/FB_Safety_Winch.st,189,?,FB_Safety_Winch,MecaCFaultLatched             := FALSE;
BrakeThermalFaultLatched,T1(brief),= FALSE,CODE/H_TREUILS_BENNE/FB_Safety_Winch.st,190,?,FB_Safety_Winch,BrakeThermalFaultLatched      := FALSE;
MecaDFaultLatched,T1(brief),= FALSE,CODE/H_TREUILS_BENNE/FB_Safety_Winch.st,191,?,FB_Safety_Winch,MecaDFaultLatched             := FALSE;
MecaEFaultLatched,T1(brief),= FALSE,CODE/H_TREUILS_BENNE/FB_Safety_Winch.st,192,?,FB_Safety_Winch,MecaEFaultLatched             := FALSE;
MecaEEscaladeFaultLatched,T1(brief),= FALSE,CODE/H_TREUILS_BENNE/FB_Safety_Winch.st,193,?,FB_Safety_Winch,MecaEEscaladeFaultLatched     := FALSE;
OppositeDirectionFaultLatched,T1(brief),= FALSE,CODE/H_TREUILS_BENNE/FB_Safety_Winch.st,194,?,FB_Safety_Winch,OppositeDirectionFaultLatched := FALSE;
NoMovementFaultLatched,T1(brief),= FALSE,CODE/H_TREUILS_BENNE/FB_Safety_Winch.st,195,?,FB_Safety_Winch,NoMovementFaultLatched        := FALSE;
OverspeedFaultLatched,T1(brief),= FALSE,CODE/H_TREUILS_BENNE/FB_Safety_Winch.st,196,?,FB_Safety_Winch,OverspeedFaultLatched         := FALSE;
EncoderFaultLatched,T1(brief),= FALSE,CODE/H_TREUILS_BENNE/FB_Safety_Winch.st,203,?,FB_Safety_Winch,EncoderFaultLatched           := FALSE;
MotorThermalFaultLatched,T1(brief),= FALSE,CODE/H_TREUILS_BENNE/FB_Safety_Winch.st,204,?,FB_Safety_Winch,MotorThermalFaultLatched      := FALSE;
PhaseRotationFaultLatched,T1(brief),= FALSE,CODE/H_TREUILS_BENNE/FB_Safety_Winch.st,205,?,FB_Safety_Winch,PhaseRotationFaultLatched     := FALSE;
MecaAFaultLatched,T1(brief),= FALSE,CODE/H_TREUILS_BENNE/FB_Safety_Winch.st,206,?,FB_Safety_Winch,MecaAFaultLatched             := FALSE;
MecaBFaultLatched,T1(brief),= FALSE,CODE/H_TREUILS_BENNE/FB_Safety_Winch.st,207,?,FB_Safety_Winch,MecaBFaultLatched             := FALSE;
MecaCFaultLatched,T1(brief),= FALSE,CODE/H_TREUILS_BENNE/FB_Safety_Winch.st,208,?,FB_Safety_Winch,MecaCFaultLatched             := FALSE;
BrakeThermalFaultLatched,T1(brief),= FALSE,CODE/H_TREUILS_BENNE/FB_Safety_Winch.st,209,?,FB_Safety_Winch,BrakeThermalFaultLatched      := FALSE;
MecaDFaultLatched,T1(brief),= FALSE,CODE/H_TREUILS_BENNE/FB_Safety_Winch.st,210,?,FB_Safety_Winch,MecaDFaultLatched             := FALSE;
MecaEFaultLatched,T1(brief),= FALSE,CODE/H_TREUILS_BENNE/FB_Safety_Winch.st,211,?,FB_Safety_Winch,MecaEFaultLatched             := FALSE;
MecaEEscaladeFaultLatched,T1(brief),= FALSE,CODE/H_TREUILS_BENNE/FB_Safety_Winch.st,212,?,FB_Safety_Winch,MecaEEscaladeFaultLatched     := FALSE;
OppositeDirectionFaultLatched,T1(brief),= FALSE,CODE/H_TREUILS_BENNE/FB_Safety_Winch.st,213,?,FB_Safety_Winch,OppositeDirectionFaultLatched := FALSE;
NoMovementFaultLatched,T1(brief),= FALSE,CODE/H_TREUILS_BENNE/FB_Safety_Winch.st,214,?,FB_Safety_Winch,NoMovementFaultLatched        := FALSE;
OverspeedFaultLatched,T1(brief),= FALSE,CODE/H_TREUILS_BENNE/FB_Safety_Winch.st,215,?,FB_Safety_Winch,OverspeedFaultLatched         := FALSE;
MecaAFaultLatched,T1(brief),= FALSE,CODE/H_TREUILS_BENNE/FB_Safety_Winch.st,251,?,FB_Safety_Winch,MecaAFaultLatched         := FALSE;
MecaEFaultLatched,T1(brief),= FALSE,CODE/H_TREUILS_BENNE/FB_Safety_Winch.st,252,?,FB_Safety_Winch,MecaEFaultLatched         := FALSE;
MecaEEscaladeFaultLatched,T1(brief),= FALSE,CODE/H_TREUILS_BENNE/FB_Safety_Winch.st,253,?,FB_Safety_Winch,MecaEEscaladeFaultLatched := FALSE;
EncoderFaultLatched,T1(brief),= TRUE,CODE/H_TREUILS_BENNE/FB_Safety_Winch.st,278,?,FB_Safety_Winch,EncoderFaultLatched := TRUE;
MotorThermalFaultLatched,T1(brief),= TRUE,CODE/H_TREUILS_BENNE/FB_Safety_Winch.st,286,?,FB_Safety_Winch,MotorThermalFaultLatched := TRUE;
PhaseRotationFaultLatched,T1(brief),= TRUE,CODE/H_TREUILS_BENNE/FB_Safety_Winch.st,303,?,FB_Safety_Winch,PhaseRotationFaultLatched := TRUE;
BrakeThermalFaultLatched,T1(brief),= TRUE,CODE/H_TREUILS_BENNE/FB_Safety_Winch.st,366,?,FB_Safety_Winch,BrakeThermalFaultLatched := TRUE;
MecaEFaultLatched,T1(brief),= TRUE,CODE/H_TREUILS_BENNE/FB_Safety_Winch.st,397,?,FB_Safety_Winch,MecaEFaultLatched := TRUE;
MecaEEscaladeFaultLatched,T1(brief),= TRUE,CODE/H_TREUILS_BENNE/FB_Safety_Winch.st,412,?,FB_Safety_Winch,MecaEEscaladeFaultLatched := TRUE;
OverspeedFaultLatched,T1(brief),= TRUE,CODE/H_TREUILS_BENNE/FB_Safety_Winch.st,454,?,FB_Safety_Winch,OverspeedFaultLatched := TRUE;
OverspeedFault,T1(brief),= OverspeedFaultLatched,CODE/H_TREUILS_BENNE/FB_Safety_Winch.st,485,?,FB_Safety_Winch,OverspeedFault := OverspeedFaultLatched;
Fault,T1(brief),= instFault.Fault,CODE/H_TREUILS_BENNE/FB_Safety_Winch.st,489,?,FB_Safety_Winch,Fault := instFault.Fault;
ConfigError,T1(brief),BOOL,CODE/H_TREUILS_BENNE/FB_SpeedStep.st,24,VAR_OUTPUT,FB_SpeedStep,ConfigError                     : BOOL;
ConfigErrorId,T1(brief),WORD,CODE/H_TREUILS_BENNE/FB_SpeedStep.st,25,VAR_OUTPUT,FB_SpeedStep,ConfigErrorId                   : WORD;
_ConfigErrorIdInt,T1(brief),WORD,CODE/H_TREUILS_BENNE/FB_SpeedStep.st,29,VAR,FB_SpeedStep,_ConfigErrorIdInt               : WORD;
_ConfigErrorIdInt,T1(brief),= 16#0000,CODE/H_TREUILS_BENNE/FB_SpeedStep.st,43,?,FB_SpeedStep,_ConfigErrorIdInt := 16#0000;
_ConfigErrorIdInt,T1(brief),= _ConfigErrorIdInt OR 16#0001,CODE/H_TREUILS_BENNE/FB_SpeedStep.st,49,?,FB_SpeedStep,_ConfigErrorIdInt := _ConfigErrorIdInt OR 16#0001;
_ConfigErrorIdInt,T1(brief),= _ConfigErrorIdInt OR 16#0001,CODE/H_TREUILS_BENNE/FB_SpeedStep.st,53,?,FB_SpeedStep,_ConfigErrorIdInt := _ConfigErrorIdInt OR 16#0001;
ConfigErrorId,T1(brief),= _ConfigErrorIdInt,CODE/H_TREUILS_BENNE/FB_SpeedStep.st,55,?,FB_SpeedStep,ConfigErrorId := _ConfigErrorIdInt;
Diag,T1(brief),ST_SyncContactorDiag,CODE/H_TREUILS_BENNE/FB_SyncContactor.st,51,VAR_OUTPUT,FB_SyncContactor,Diag                            : ST_SyncContactorDiag;
SyncDeviationFault,T1(brief),BOOL,CODE/H_TREUILS_BENNE/FB_SyncDeviation.st,40,VAR_OUTPUT,FB_SyncDeviation,SyncDeviationFault              : BOOL;
DeviationFaultTimer,T1(brief),TON,CODE/H_TREUILS_BENNE/FB_SyncDeviation.st,45,VAR,FB_SyncDeviation,DeviationFaultTimer            : TON;
FaultActive,T1(brief),BOOL,CODE/H_TREUILS_BENNE/FB_SyncDeviation.st,49,VAR,FB_SyncDeviation,FaultActive                     : BOOL;
WarnLatched,T2(elargi),BOOL,CODE/H_TREUILS_BENNE/FB_SyncDeviation.st,50,VAR,FB_SyncDeviation,WarnLatched                     : BOOL;
WarnLatched,T2(elargi),= FALSE,CODE/H_TREUILS_BENNE/FB_SyncDeviation.st,58,?,FB_SyncDeviation,WarnLatched := FALSE;
WarnLatched,T2(elargi),= FALSE,CODE/H_TREUILS_BENNE/FB_SyncDeviation.st,87,?,FB_SyncDeviation,WarnLatched := FALSE;
WarnLatched,T2(elargi),= TRUE,CODE/H_TREUILS_BENNE/FB_SyncDeviation.st,89,?,FB_SyncDeviation,WarnLatched := TRUE;
WarnLatched,T2(elargi),= FALSE,CODE/H_TREUILS_BENNE/FB_SyncDeviation.st,91,?,FB_SyncDeviation,WarnLatched := FALSE;
SyncDeviationFault,T1(brief),= DeviationFaultTimer.Q,CODE/H_TREUILS_BENNE/FB_SyncDeviation.st,96,?,FB_SyncDeviation,SyncDeviationFault := DeviationFaultTimer.Q;
SyncDeviationFault,T1(brief),= FALSE,CODE/H_TREUILS_BENNE/FB_SyncDeviation.st,99,?,FB_SyncDeviation,SyncDeviationFault := FALSE;
WarnLatched,T2(elargi),= FALSE,CODE/H_TREUILS_BENNE/FB_SyncDeviation.st,100,?,FB_SyncDeviation,WarnLatched := FALSE;
Fault,T1(brief),ST_Fault,CODE/H_TREUILS_BENNE/FB_Winch.st,41,VAR_OUTPUT,FB_Winch,Fault                           : ST_Fault;
SpeedStepConfigFaultLatched,T1(brief),BOOL,CODE/H_TREUILS_BENNE/FB_Winch.st,94,VAR,FB_Winch,SpeedStepConfigFaultLatched     : BOOL;
instFault,T1(brief),FB_FaultCore,CODE/H_TREUILS_BENNE/FB_Winch.st,97,VAR,FB_Winch,instFault                       : FB_FaultCore;
SpeedStepConfigFaultLatched,T1(brief),= FALSE,CODE/H_TREUILS_BENNE/FB_Winch.st,109,?,FB_Winch,SpeedStepConfigFaultLatched := FALSE;
SpeedStepConfigFaultLatched,T1(brief),= TRUE,CODE/H_TREUILS_BENNE/FB_Winch.st,114,?,FB_Winch,SpeedStepConfigFaultLatched := TRUE;
Fault,T1(brief),= instFault.Fault,CODE/H_TREUILS_BENNE/FB_Winch.st,130,?,FB_Winch,Fault := instFault.Fault;
Fault,T1(brief),ST_Fault,CODE/H_TREUILS_BENNE/FB_WinchLoadEstimator.st,32,VAR_OUTPUT,FB_WinchLoadEstimator,Fault                           : ST_Fault;
ConfigOrSpeedFault,T1(brief),BOOL,CODE/H_TREUILS_BENNE/FB_WinchLoadEstimator.st,48,VAR,FB_WinchLoadEstimator,ConfigOrSpeedFault              : BOOL;
instFault,T1(brief),FB_FaultCore,CODE/H_TREUILS_BENNE/FB_WinchLoadEstimator.st,51,VAR,FB_WinchLoadEstimator,instFault                       : FB_FaultCore;
ConfigOrSpeedFault,T1(brief),= FALSE,CODE/H_TREUILS_BENNE/FB_WinchLoadEstimator.st,62,?,FB_WinchLoadEstimator,ConfigOrSpeedFault := FALSE;
Fault,T1(brief),= instFault.Fault,CODE/H_TREUILS_BENNE/FB_WinchLoadEstimator.st,71,?,FB_WinchLoadEstimator,Fault := instFault.Fault;
ConfigOrSpeedFault,T1(brief),= TRUE,CODE/H_TREUILS_BENNE/FB_WinchLoadEstimator.st,94,?,FB_WinchLoadEstimator,ConfigOrSpeedFault := TRUE;
ConfigOrSpeedFault,T1(brief),= TRUE,CODE/H_TREUILS_BENNE/FB_WinchLoadEstimator.st,113,?,FB_WinchLoadEstimator,ConfigOrSpeedFault := TRUE;
ConfigOrSpeedFault,T1(brief),= TRUE,CODE/H_TREUILS_BENNE/FB_WinchLoadEstimator.st,143,?,FB_WinchLoadEstimator,ConfigOrSpeedFault := TRUE;
Fault,T1(brief),ST_Fault,CODE/H_TREUILS_BENNE/FB_WinchOutputInterlock.st,53,VAR_OUTPUT,FB_WinchOutputInterlock,Fault                           : ST_Fault;
StateAtError,T1(brief),E_WinchFinalInterlockState,CODE/H_TREUILS_BENNE/FB_WinchOutputInterlock.st,55,VAR_OUTPUT,FB_WinchOutputInterlock,StateAtError                    : E_WinchFinalInterlockState;
ErrorEdge,T1(brief),R_TRIG,CODE/H_TREUILS_BENNE/FB_WinchOutputInterlock.st,90,VAR,FB_WinchOutputInterlock,ErrorEdge                       : R_TRIG;
ContactorStuckLatched,T2(elargi),BOOL,CODE/H_TREUILS_BENNE/FB_WinchOutputInterlock.st,115,VAR,FB_WinchOutputInterlock,ContactorStuckLatched           : BOOL;
Error,T1(brief),BOOL,CODE/H_TREUILS_BENNE/FB_WinchOutputInterlock.st,121,VAR,FB_WinchOutputInterlock,Error                           : BOOL;
ErrorId,T1(brief),WORD,CODE/H_TREUILS_BENNE/FB_WinchOutputInterlock.st,122,VAR,FB_WinchOutputInterlock,ErrorId                         : WORD;
instFault,T1(brief),FB_FaultCore,CODE/H_TREUILS_BENNE/FB_WinchOutputInterlock.st,125,VAR,FB_WinchOutputInterlock,instFault                       : FB_FaultCore;
StateAtError,T1(brief),= State,CODE/H_TREUILS_BENNE/FB_WinchOutputInterlock.st,196,?,FB_WinchOutputInterlock,StateAtError := State;
ContactorStuckLatched,T2(elargi),= TRUE,CODE/H_TREUILS_BENNE/FB_WinchOutputInterlock.st,317,?,FB_WinchOutputInterlock,ContactorStuckLatched := TRUE;
ContactorStuckLatched,T2(elargi),= FALSE,CODE/H_TREUILS_BENNE/FB_WinchOutputInterlock.st,513,?,FB_WinchOutputInterlock,ContactorStuckLatched := FALSE;
ErrorId,T1(brief),= ErrorId OR 16#0001,CODE/H_TREUILS_BENNE/FB_WinchOutputInterlock.st,516,?,FB_WinchOutputInterlock,ErrorId := ErrorId OR 16#0001;
ErrorId,T1(brief),= ErrorId AND 16#FFFE,CODE/H_TREUILS_BENNE/FB_WinchOutputInterlock.st,518,?,FB_WinchOutputInterlock,ErrorId := ErrorId AND 16#FFFE;
Fault,T1(brief),= instFault.Fault,CODE/H_TREUILS_BENNE/FB_WinchOutputInterlock.st,532,?,FB_WinchOutputInterlock,Fault := instFault.Fault;
Fault,T1(brief),ST_Fault,CODE/H_TREUILS_BENNE/FB_WinchSync.st,55,VAR_OUTPUT,FB_WinchSync,Fault                           : ST_Fault;
SyncDeviationFault,T1(brief),BOOL,CODE/H_TREUILS_BENNE/FB_WinchSync.st,63,VAR_OUTPUT,FB_WinchSync,SyncDeviationFault              : BOOL;
instFault,T1(brief),FB_FaultCore,CODE/H_TREUILS_BENNE/FB_WinchSync.st,76,VAR,FB_WinchSync,instFault                       : FB_FaultCore;
Fault,T1(brief),= instFault.Fault,CODE/H_TREUILS_BENNE/FB_WinchSync.st,105,?,FB_WinchSync,Fault := instFault.Fault;
SyncDeviationFault,T1(brief),= instDeviation.SyncDeviationFault,CODE/H_TREUILS_BENNE/FB_WinchSync.st,145,?,FB_WinchSync,SyncDeviationFault := instDeviation.SyncDeviationFault;
Fault,T1(brief),= instFault.Fault,CODE/H_TREUILS_BENNE/FB_WinchSync.st,190,?,FB_WinchSync,Fault := instFault.Fault;
Fault,T1(brief),ST_Fault,CODE/I_TRANSLATION/FB_Safety_Translation.st,55,VAR_OUTPUT,FB_Safety_Translation,Fault               : ST_Fault;
ErrorOperatorComm,T1(brief),BOOL,CODE/I_TRANSLATION/FB_Safety_Translation.st,58,VAR_OUTPUT,FB_Safety_Translation,ErrorOperatorComm   : BOOL;
ErrorDriveComm,T1(brief),BOOL,CODE/I_TRANSLATION/FB_Safety_Translation.st,59,VAR_OUTPUT,FB_Safety_Translation,ErrorDriveComm      : BOOL;
ErrorPhaseRotation,T1(brief),BOOL,CODE/I_TRANSLATION/FB_Safety_Translation.st,60,VAR_OUTPUT,FB_Safety_Translation,ErrorPhaseRotation  : BOOL;
ErrorBrakeThermal,T1(brief),BOOL,CODE/I_TRANSLATION/FB_Safety_Translation.st,61,VAR_OUTPUT,FB_Safety_Translation,ErrorBrakeThermal   : BOOL;
ErrorMecaB,T1(brief),BOOL,CODE/I_TRANSLATION/FB_Safety_Translation.st,62,VAR_OUTPUT,FB_Safety_Translation,ErrorMecaB          : BOOL;
ErrorMecaA,T1(brief),BOOL,CODE/I_TRANSLATION/FB_Safety_Translation.st,63,VAR_OUTPUT,FB_Safety_Translation,ErrorMecaA          : BOOL;
ErrorLimitSwitch,T1(brief),BOOL,CODE/I_TRANSLATION/FB_Safety_Translation.st,64,VAR_OUTPUT,FB_Safety_Translation,ErrorLimitSwitch    : BOOL;
ErrorSensorIncoherent,T1(brief),BOOL,CODE/I_TRANSLATION/FB_Safety_Translation.st,65,VAR_OUTPUT,FB_Safety_Translation,ErrorSensorIncoherent: BOOL;
PhaseRotationFault,T1(brief),BOOL,CODE/I_TRANSLATION/FB_Safety_Translation.st,83,VAR,FB_Safety_Translation,PhaseRotationFault  : BOOL;
BrakeThermalFault,T1(brief),BOOL,CODE/I_TRANSLATION/FB_Safety_Translation.st,84,VAR,FB_Safety_Translation,BrakeThermalFault   : BOOL;
MecaBFault,T1(brief),BOOL,CODE/I_TRANSLATION/FB_Safety_Translation.st,85,VAR,FB_Safety_Translation,MecaBFault          : BOOL;
MecaAFault,T1(brief),BOOL,CODE/I_TRANSLATION/FB_Safety_Translation.st,86,VAR,FB_Safety_Translation,MecaAFault          : BOOL;
SensorIncoherentFault,T1(brief),BOOL,CODE/I_TRANSLATION/FB_Safety_Translation.st,87,VAR,FB_Safety_Translation,SensorIncoherentFault: BOOL;
instFault,T1(brief),FB_FaultCore,CODE/I_TRANSLATION/FB_Safety_Translation.st,90,VAR,FB_Safety_Translation,instFault           : FB_FaultCore;
PhaseRotationFault,T1(brief),= FALSE,CODE/I_TRANSLATION/FB_Safety_Translation.st,102,?,FB_Safety_Translation,PhaseRotationFault    := FALSE;
BrakeThermalFault,T1(brief),= FALSE,CODE/I_TRANSLATION/FB_Safety_Translation.st,103,?,FB_Safety_Translation,BrakeThermalFault     := FALSE;
MecaBFault,T1(brief),= FALSE,CODE/I_TRANSLATION/FB_Safety_Translation.st,104,?,FB_Safety_Translation,MecaBFault            := FALSE;
MecaAFault,T1(brief),= FALSE,CODE/I_TRANSLATION/FB_Safety_Translation.st,105,?,FB_Safety_Translation,MecaAFault            := FALSE;
SensorIncoherentFault,T1(brief),= FALSE,CODE/I_TRANSLATION/FB_Safety_Translation.st,106,?,FB_Safety_Translation,SensorIncoherentFault := FALSE;
PhaseRotationFault,T1(brief),= FALSE,CODE/I_TRANSLATION/FB_Safety_Translation.st,111,?,FB_Safety_Translation,PhaseRotationFault    := FALSE;
BrakeThermalFault,T1(brief),= FALSE,CODE/I_TRANSLATION/FB_Safety_Translation.st,112,?,FB_Safety_Translation,BrakeThermalFault     := FALSE;
MecaBFault,T1(brief),= FALSE,CODE/I_TRANSLATION/FB_Safety_Translation.st,113,?,FB_Safety_Translation,MecaBFault            := FALSE;
MecaAFault,T1(brief),= FALSE,CODE/I_TRANSLATION/FB_Safety_Translation.st,114,?,FB_Safety_Translation,MecaAFault            := FALSE;
SensorIncoherentFault,T1(brief),= FALSE,CODE/I_TRANSLATION/FB_Safety_Translation.st,115,?,FB_Safety_Translation,SensorIncoherentFault := FALSE;
PhaseRotationFault,T1(brief),= TRUE,CODE/I_TRANSLATION/FB_Safety_Translation.st,141,?,FB_Safety_Translation,PhaseRotationFault := TRUE;
BrakeThermalFault,T1(brief),= TRUE,CODE/I_TRANSLATION/FB_Safety_Translation.st,149,?,FB_Safety_Translation,BrakeThermalFault := TRUE;
SensorIncoherentFault,T1(brief),= TRUE,CODE/I_TRANSLATION/FB_Safety_Translation.st,213,?,FB_Safety_Translation,SensorIncoherentFault := TRUE;
Fault,T1(brief),= instFault.Fault,CODE/I_TRANSLATION/FB_Safety_Translation.st,234,?,FB_Safety_Translation,Fault := instFault.Fault;
ErrorOperatorComm,T1(brief),= FALSE,CODE/I_TRANSLATION/FB_Safety_Translation.st,242,?,FB_Safety_Translation,ErrorOperatorComm := FALSE;
ErrorDriveComm,T1(brief),= FALSE,CODE/I_TRANSLATION/FB_Safety_Translation.st,243,?,FB_Safety_Translation,ErrorDriveComm := FALSE;
ErrorPhaseRotation,T1(brief),= FALSE,CODE/I_TRANSLATION/FB_Safety_Translation.st,244,?,FB_Safety_Translation,ErrorPhaseRotation := FALSE;
ErrorBrakeThermal,T1(brief),= FALSE,CODE/I_TRANSLATION/FB_Safety_Translation.st,245,?,FB_Safety_Translation,ErrorBrakeThermal := FALSE;
ErrorMecaB,T1(brief),= FALSE,CODE/I_TRANSLATION/FB_Safety_Translation.st,246,?,FB_Safety_Translation,ErrorMecaB := FALSE;
ErrorMecaA,T1(brief),= FALSE,CODE/I_TRANSLATION/FB_Safety_Translation.st,247,?,FB_Safety_Translation,ErrorMecaA := FALSE;
ErrorLimitSwitch,T1(brief),= FALSE,CODE/I_TRANSLATION/FB_Safety_Translation.st,248,?,FB_Safety_Translation,ErrorLimitSwitch := FALSE;
ErrorSensorIncoherent,T1(brief),= FALSE,CODE/I_TRANSLATION/FB_Safety_Translation.st,249,?,FB_Safety_Translation,ErrorSensorIncoherent := FALSE;
ErrorOperatorComm,T1(brief),= instCauses[0].Active,CODE/I_TRANSLATION/FB_Safety_Translation.st,270,?,FB_Safety_Translation,ErrorOperatorComm     := instCauses[0].Active;
ErrorDriveComm,T1(brief),= instCauses[1].Active,CODE/I_TRANSLATION/FB_Safety_Translation.st,271,?,FB_Safety_Translation,ErrorDriveComm        := instCauses[1].Active;
ErrorPhaseRotation,T1(brief),= instCauses[2].Active,CODE/I_TRANSLATION/FB_Safety_Translation.st,272,?,FB_Safety_Translation,ErrorPhaseRotation    := instCauses[2].Active;
ErrorBrakeThermal,T1(brief),= instCauses[3].Active,CODE/I_TRANSLATION/FB_Safety_Translation.st,273,?,FB_Safety_Translation,ErrorBrakeThermal     := instCauses[3].Active;
ErrorMecaB,T1(brief),= instCauses[4].Active,CODE/I_TRANSLATION/FB_Safety_Translation.st,274,?,FB_Safety_Translation,ErrorMecaB            := instCauses[4].Active;
ErrorMecaA,T1(brief),= instCauses[5].Active,CODE/I_TRANSLATION/FB_Safety_Translation.st,275,?,FB_Safety_Translation,ErrorMecaA            := instCauses[5].Active;
ErrorLimitSwitch,T1(brief),= instCauses[6].Active,CODE/I_TRANSLATION/FB_Safety_Translation.st,276,?,FB_Safety_Translation,ErrorLimitSwitch      := instCauses[6].Active;
ErrorSensorIncoherent,T1(brief),= instCauses[7].Active,CODE/I_TRANSLATION/FB_Safety_Translation.st,277,?,FB_Safety_Translation,ErrorSensorIncoherent := instCauses[7].Active;
Fault,T1(brief),ST_Fault,CODE/I_TRANSLATION/FB_Translation.st,54,VAR_OUTPUT,FB_Translation,Fault                       : ST_Fault;
DriveFaultLatching,T1(brief),BOOL,CODE/I_TRANSLATION/FB_Translation.st,87,VAR,FB_Translation,DriveFaultLatching          : BOOL;
instFault,T1(brief),FB_FaultCore,CODE/I_TRANSLATION/FB_Translation.st,88,VAR,FB_Translation,instFault                   : FB_FaultCore;
DriveFaultLatching,T1(brief),= FALSE,CODE/I_TRANSLATION/FB_Translation.st,99,?,FB_Translation,DriveFaultLatching := FALSE;
DriveFaultLatching,T1(brief),= TRUE,CODE/I_TRANSLATION/FB_Translation.st,103,?,FB_Translation,DriveFaultLatching := TRUE;
Fault,T1(brief),= instFault.Fault,CODE/I_TRANSLATION/FB_Translation.st,133,?,FB_Translation,Fault := instFault.Fault;
Fault,T1(brief),ST_Fault,CODE/I_TRANSLATION/FB_TranslationOutputInterlock.st,30,VAR_OUTPUT,FB_TranslationOutputInterlock,Fault                        : ST_Fault;
instFault,T1(brief),FB_FaultCore,CODE/I_TRANSLATION/FB_TranslationOutputInterlock.st,60,VAR,FB_TranslationOutputInterlock,instFault                    : FB_FaultCore;
Fault,T1(brief),= instFault.Fault,CODE/I_TRANSLATION/FB_TranslationOutputInterlock.st,120,?,FB_TranslationOutputInterlock,Fault := instFault.Fault;
Error,T1(brief),BOOL,CODE/J_SUPERVISION/_TYPES/1_TREUILS_BENNE/ST_BucketHMIState.st,18,STRUCT,,Error               : BOOL;
ErrorId,T1(brief),WORD,CODE/J_SUPERVISION/_TYPES/1_TREUILS_BENNE/ST_BucketHMIState.st,19,STRUCT,,ErrorId             : WORD;
EncoderFault,T1(brief),BOOL,CODE/J_SUPERVISION/_TYPES/1_TREUILS_BENNE/ST_BypassWinch.st,16,STRUCT,,EncoderFault      : BOOL;
Idx310_ErrorOperatorComm,T1(brief),BOOL,CODE/J_SUPERVISION/_TYPES/1_TREUILS_BENNE/ST_Chain_Winch_Safety.st,13,STRUCT,,Idx310_ErrorOperatorComm : BOOL;
Idx311_ErrorEncoder,T1(brief),BOOL,CODE/J_SUPERVISION/_TYPES/1_TREUILS_BENNE/ST_Chain_Winch_Safety.st,14,STRUCT,,Idx311_ErrorEncoder      : BOOL;
Idx312_ErrorPhaseRotation,T1(brief),BOOL,CODE/J_SUPERVISION/_TYPES/1_TREUILS_BENNE/ST_Chain_Winch_Safety.st,15,STRUCT,,Idx312_ErrorPhaseRotation: BOOL;
Idx313_ErrorMecaA,T1(brief),BOOL,CODE/J_SUPERVISION/_TYPES/1_TREUILS_BENNE/ST_Chain_Winch_Safety.st,16,STRUCT,,Idx313_ErrorMecaA        : BOOL;
Idx314_ErrorMecaB,T1(brief),BOOL,CODE/J_SUPERVISION/_TYPES/1_TREUILS_BENNE/ST_Chain_Winch_Safety.st,17,STRUCT,,Idx314_ErrorMecaB        : BOOL;
Idx315_ErrorMecaC,T1(brief),BOOL,CODE/J_SUPERVISION/_TYPES/1_TREUILS_BENNE/ST_Chain_Winch_Safety.st,18,STRUCT,,Idx315_ErrorMecaC        : BOOL;
Idx316_ErrorMecaD,T1(brief),BOOL,CODE/J_SUPERVISION/_TYPES/1_TREUILS_BENNE/ST_Chain_Winch_Safety.st,19,STRUCT,,Idx316_ErrorMecaD        : BOOL;
Idx317_ErrorMecaE,T1(brief),BOOL,CODE/J_SUPERVISION/_TYPES/1_TREUILS_BENNE/ST_Chain_Winch_Safety.st,20,STRUCT,,Idx317_ErrorMecaE        : BOOL;
Idx318_ErrorBrakeThermal,T1(brief),BOOL,CODE/J_SUPERVISION/_TYPES/1_TREUILS_BENNE/ST_Chain_Winch_Safety.st,21,STRUCT,,Idx318_ErrorBrakeThermal : BOOL;
Idx319_ErrorOppositeDir,T1(brief),BOOL,CODE/J_SUPERVISION/_TYPES/1_TREUILS_BENNE/ST_Chain_Winch_Safety.st,22,STRUCT,,Idx319_ErrorOppositeDir  : BOOL;
Idx320_ErrorNoMovement,T1(brief),BOOL,CODE/J_SUPERVISION/_TYPES/1_TREUILS_BENNE/ST_Chain_Winch_Safety.st,23,STRUCT,,Idx320_ErrorNoMovement   : BOOL;
Idx302_BucketFaultActive,T1(brief),BOOL,CODE/J_SUPERVISION/_TYPES/1_TREUILS_BENNE/ST_ChainBucket.st,35,STRUCT,,Idx302_BucketFaultActive     : BOOL;
Idx305_KoboldBottomTouchLatched,T2(elargi),BOOL,CODE/J_SUPERVISION/_TYPES/1_TREUILS_BENNE/ST_ChainBucket.st,38,STRUCT,,Idx305_KoboldBottomTouchLatched    : BOOL;
Idx306_ErrorIdRaw,T1(brief),WORD,CODE/J_SUPERVISION/_TYPES/1_TREUILS_BENNE/ST_ChainBucket.st,39,STRUCT,,Idx306_ErrorIdRaw             : WORD;
Idx302_SyncFaultActive,T1(brief),BOOL,CODE/J_SUPERVISION/_TYPES/1_TREUILS_BENNE/ST_ChainWinchSync.st,12,STRUCT,,Idx302_SyncFaultActive       : BOOL;
COD1_Alarms,T1(brief),UINT,CODE/J_SUPERVISION/_TYPES/1_TREUILS_BENNE/ST_HwWinch.st,21,STRUCT,,COD1_Alarms              : UINT;
COD1_Warnings,T1(brief),UINT,CODE/J_SUPERVISION/_TYPES/1_TREUILS_BENNE/ST_HwWinch.st,22,STRUCT,,COD1_Warnings            : UINT;
COD2_Alarms,T1(brief),UINT,CODE/J_SUPERVISION/_TYPES/1_TREUILS_BENNE/ST_HwWinch.st,27,STRUCT,,COD2_Alarms              : UINT;
COD2_Warnings,T1(brief),UINT,CODE/J_SUPERVISION/_TYPES/1_TREUILS_BENNE/ST_HwWinch.st,28,STRUCT,,COD2_Warnings            : UINT;
SyncContactorDiag,T1(brief),ST_SyncContactorDiag,CODE/J_SUPERVISION/_TYPES/1_TREUILS_BENNE/ST_OutputsInterPrg.st,37,STRUCT,,SyncContactorDiag          : ST_SyncContactorDiag;
Error,T1(brief),BOOL,CODE/J_SUPERVISION/_TYPES/1_TREUILS_BENNE/ST_SafetyWinch.st,8,STRUCT,,Error             : BOOL;
ErrorId,T1(brief),WORD,CODE/J_SUPERVISION/_TYPES/1_TREUILS_BENNE/ST_SafetyWinch.st,9,STRUCT,,ErrorId           : WORD;
LatchedId,T2(elargi),WORD,CODE/J_SUPERVISION/_TYPES/1_TREUILS_BENNE/ST_SafetyWinch.st,10,STRUCT,,LatchedId         : WORD;
ThermalFault,T1(brief),BOOL,CODE/J_SUPERVISION/_TYPES/1_TREUILS_BENNE/ST_SafetyWinch.st,15,STRUCT,,ThermalFault      : BOOL;
EncoderFault,T1(brief),BOOL,CODE/J_SUPERVISION/_TYPES/1_TREUILS_BENNE/ST_SafetyWinch.st,16,STRUCT,,EncoderFault      : BOOL;
ErrorOperatorComm,T1(brief),BOOL,CODE/J_SUPERVISION/_TYPES/1_TREUILS_BENNE/ST_SafetyWinch.st,28,STRUCT,,ErrorOperatorComm : BOOL;
ErrorEncoder,T1(brief),BOOL,CODE/J_SUPERVISION/_TYPES/1_TREUILS_BENNE/ST_SafetyWinch.st,29,STRUCT,,ErrorEncoder      : BOOL;
ErrorPhaseRotation,T1(brief),BOOL,CODE/J_SUPERVISION/_TYPES/1_TREUILS_BENNE/ST_SafetyWinch.st,30,STRUCT,,ErrorPhaseRotation: BOOL;
ErrorBrakeThermal,T1(brief),BOOL,CODE/J_SUPERVISION/_TYPES/1_TREUILS_BENNE/ST_SafetyWinch.st,31,STRUCT,,ErrorBrakeThermal : BOOL;
ErrorMecaA,T1(brief),BOOL,CODE/J_SUPERVISION/_TYPES/1_TREUILS_BENNE/ST_SafetyWinch.st,32,STRUCT,,ErrorMecaA        : BOOL;
ErrorMecaB,T1(brief),BOOL,CODE/J_SUPERVISION/_TYPES/1_TREUILS_BENNE/ST_SafetyWinch.st,33,STRUCT,,ErrorMecaB        : BOOL;
ErrorMecaC,T1(brief),BOOL,CODE/J_SUPERVISION/_TYPES/1_TREUILS_BENNE/ST_SafetyWinch.st,34,STRUCT,,ErrorMecaC        : BOOL;
ErrorMecaD,T1(brief),BOOL,CODE/J_SUPERVISION/_TYPES/1_TREUILS_BENNE/ST_SafetyWinch.st,35,STRUCT,,ErrorMecaD        : BOOL;
ErrorMecaE,T1(brief),BOOL,CODE/J_SUPERVISION/_TYPES/1_TREUILS_BENNE/ST_SafetyWinch.st,36,STRUCT,,ErrorMecaE        : BOOL;
ErrorOppositeDir,T1(brief),BOOL,CODE/J_SUPERVISION/_TYPES/1_TREUILS_BENNE/ST_SafetyWinch.st,37,STRUCT,,ErrorOppositeDir  : BOOL;
ErrorNoMovement,T1(brief),BOOL,CODE/J_SUPERVISION/_TYPES/1_TREUILS_BENNE/ST_SafetyWinch.st,38,STRUCT,,ErrorNoMovement   : BOOL;
ErrorOverspeed,T1(brief),BOOL,CODE/J_SUPERVISION/_TYPES/1_TREUILS_BENNE/ST_SafetyWinch.st,39,STRUCT,,ErrorOverspeed    : BOOL;
FinalInterlockError,T1(brief),BOOL,CODE/J_SUPERVISION/_TYPES/1_TREUILS_BENNE/ST_TraceWinch.st,33,STRUCT,,FinalInterlockError     : BOOL;
BlockReason,T2(elargi),E_WinchTraceBlockReason,CODE/J_SUPERVISION/_TYPES/1_TREUILS_BENNE/ST_TraceWinch.st,37,STRUCT,,BlockReason             : E_WinchTraceBlockReason;
BlockReasonTimestamp,T2(elargi),UDINT,CODE/J_SUPERVISION/_TYPES/1_TREUILS_BENNE/ST_TraceWinch.st,38,STRUCT,,BlockReasonTimestamp    : UDINT;
WinchSyncError,T1(brief),BOOL,CODE/J_SUPERVISION/_TYPES/1_TREUILS_BENNE/ST_WinchInterPrg.st,32,STRUCT,,WinchSyncError               : BOOL;
BucketError,T1(brief),BOOL,CODE/J_SUPERVISION/_TYPES/1_TREUILS_BENNE/ST_WinchInterPrg.st,41,STRUCT,,BucketError                  : BOOL;
BothBlockReason,T2(elargi),E_WinchTraceBlockReason,CODE/J_SUPERVISION/_TYPES/1_TREUILS_BENNE/ST_WinchInterPrg.st,75,STRUCT,,BothBlockReason              : E_WinchTraceBlockReason;
SpeedMonitorError,T1(brief),BOOL,CODE/J_SUPERVISION/_TYPES/1_TREUILS_BENNE/ST_WinchState.st,15,STRUCT,,SpeedMonitorError       : BOOL;
SpeedMonitorErrorId,T1(brief),WORD,CODE/J_SUPERVISION/_TYPES/1_TREUILS_BENNE/ST_WinchState.st,16,STRUCT,,SpeedMonitorErrorId     : WORD;
AxisBlockReason,T2(elargi),E_WinchTraceBlockReason,CODE/J_SUPERVISION/_TYPES/1_TREUILS_BENNE/ST_WinchState.st,23,STRUCT,,AxisBlockReason         : E_WinchTraceBlockReason;
Error,T1(brief),BOOL,CODE/J_SUPERVISION/_TYPES/1_TREUILS_BENNE/ST_WinchState.st,27,STRUCT,,Error                   : BOOL;
ErrorId,T1(brief),WORD,CODE/J_SUPERVISION/_TYPES/1_TREUILS_BENNE/ST_WinchState.st,28,STRUCT,,ErrorId                 : WORD;
FinalInterlockError,T1(brief),BOOL,CODE/J_SUPERVISION/_TYPES/1_TREUILS_BENNE/ST_WinchState.st,40,STRUCT,,FinalInterlockError     : BOOL;
FinalInterlockErrorId,T1(brief),WORD,CODE/J_SUPERVISION/_TYPES/1_TREUILS_BENNE/ST_WinchState.st,41,STRUCT,,FinalInterlockErrorId   : WORD;
Idx309_ErrorOperatorComm,T1(brief),BOOL,CODE/J_SUPERVISION/_TYPES/2_TRANSLATION/ST_Chain_Translation_Safety.st,12,STRUCT,,Idx309_ErrorOperatorComm : BOOL;
Idx310_ErrorDriveComm,T1(brief),BOOL,CODE/J_SUPERVISION/_TYPES/2_TRANSLATION/ST_Chain_Translation_Safety.st,13,STRUCT,,Idx310_ErrorDriveComm    : BOOL;
Idx311_ErrorPhaseRotation,T1(brief),BOOL,CODE/J_SUPERVISION/_TYPES/2_TRANSLATION/ST_Chain_Translation_Safety.st,14,STRUCT,,Idx311_ErrorPhaseRotation: BOOL;
Idx312_ErrorBrakeThermal,T1(brief),BOOL,CODE/J_SUPERVISION/_TYPES/2_TRANSLATION/ST_Chain_Translation_Safety.st,15,STRUCT,,Idx312_ErrorBrakeThermal : BOOL;
Idx313_ErrorMecaB,T1(brief),BOOL,CODE/J_SUPERVISION/_TYPES/2_TRANSLATION/ST_Chain_Translation_Safety.st,16,STRUCT,,Idx313_ErrorMecaB        : BOOL;
Idx314_ErrorMecaA,T1(brief),BOOL,CODE/J_SUPERVISION/_TYPES/2_TRANSLATION/ST_Chain_Translation_Safety.st,17,STRUCT,,Idx314_ErrorMecaA        : BOOL;
Idx315_ErrorLimitSwitch,T1(brief),BOOL,CODE/J_SUPERVISION/_TYPES/2_TRANSLATION/ST_Chain_Translation_Safety.st,18,STRUCT,,Idx315_ErrorLimitSwitch  : BOOL;
Idx316_ErrorSensorIncoherent,T1(brief),BOOL,CODE/J_SUPERVISION/_TYPES/2_TRANSLATION/ST_Chain_Translation_Safety.st,19,STRUCT,,Idx316_ErrorSensorIncoherent: BOOL;
Idx317_ErrorId,T1(brief),WORD,CODE/J_SUPERVISION/_TYPES/2_TRANSLATION/ST_Chain_Translation_Safety.st,20,STRUCT,,Idx317_ErrorId           : WORD;
Error,T1(brief),BOOL,CODE/J_SUPERVISION/_TYPES/2_TRANSLATION/ST_SafetyTranslation.st,8,STRUCT,,Error             : BOOL;
ErrorId,T1(brief),WORD,CODE/J_SUPERVISION/_TYPES/2_TRANSLATION/ST_SafetyTranslation.st,9,STRUCT,,ErrorId           : WORD;
LatchedId,T2(elargi),WORD,CODE/J_SUPERVISION/_TYPES/2_TRANSLATION/ST_SafetyTranslation.st,10,STRUCT,,LatchedId         : WORD;
ErrorOperatorComm,T1(brief),BOOL,CODE/J_SUPERVISION/_TYPES/2_TRANSLATION/ST_SafetyTranslation.st,11,STRUCT,,ErrorOperatorComm : BOOL;
ErrorDriveComm,T1(brief),BOOL,CODE/J_SUPERVISION/_TYPES/2_TRANSLATION/ST_SafetyTranslation.st,12,STRUCT,,ErrorDriveComm    : BOOL;
ErrorPhaseRotation,T1(brief),BOOL,CODE/J_SUPERVISION/_TYPES/2_TRANSLATION/ST_SafetyTranslation.st,13,STRUCT,,ErrorPhaseRotation: BOOL;
ErrorBrakeThermal,T1(brief),BOOL,CODE/J_SUPERVISION/_TYPES/2_TRANSLATION/ST_SafetyTranslation.st,14,STRUCT,,ErrorBrakeThermal : BOOL;
ErrorMecaB,T1(brief),BOOL,CODE/J_SUPERVISION/_TYPES/2_TRANSLATION/ST_SafetyTranslation.st,15,STRUCT,,ErrorMecaB        : BOOL;
ErrorMecaA,T1(brief),BOOL,CODE/J_SUPERVISION/_TYPES/2_TRANSLATION/ST_SafetyTranslation.st,16,STRUCT,,ErrorMecaA        : BOOL;
ErrorLimitSwitch,T1(brief),BOOL,CODE/J_SUPERVISION/_TYPES/2_TRANSLATION/ST_SafetyTranslation.st,17,STRUCT,,ErrorLimitSwitch  : BOOL;
ErrorSensorIncoherent,T1(brief),BOOL,CODE/J_SUPERVISION/_TYPES/2_TRANSLATION/ST_SafetyTranslation.st,18,STRUCT,,ErrorSensorIncoherent : BOOL;
FinalInterlockError,T1(brief),BOOL,CODE/J_SUPERVISION/_TYPES/2_TRANSLATION/ST_TraceTranslation.st,32,STRUCT,,FinalInterlockError      : BOOL;
BlockReason,T2(elargi),E_TranslationTraceBlockReason,CODE/J_SUPERVISION/_TYPES/2_TRANSLATION/ST_TraceTranslation.st,35,STRUCT,,BlockReason              : E_TranslationTraceBlockReason;
BlockReasonTimestamp,T2(elargi),UDINT,CODE/J_SUPERVISION/_TYPES/2_TRANSLATION/ST_TraceTranslation.st,36,STRUCT,,BlockReasonTimestamp     : UDINT;
AxisBlockReason,T2(elargi),E_TranslationTraceBlockReason,CODE/J_SUPERVISION/_TYPES/2_TRANSLATION/ST_TranslationState.st,10,STRUCT,,AxisBlockReason         : E_TranslationTraceBlockReason;
Error,T1(brief),BOOL,CODE/J_SUPERVISION/_TYPES/2_TRANSLATION/ST_TranslationState.st,14,STRUCT,,Error                   : BOOL;
ErrorId,T1(brief),WORD,CODE/J_SUPERVISION/_TYPES/2_TRANSLATION/ST_TranslationState.st,15,STRUCT,,ErrorId                 : WORD;
FinalInterlockError,T1(brief),BOOL,CODE/J_SUPERVISION/_TYPES/2_TRANSLATION/ST_TranslationState.st,28,STRUCT,,FinalInterlockError     : BOOL;
FinalInterlockErrorId,T1(brief),WORD,CODE/J_SUPERVISION/_TYPES/2_TRANSLATION/ST_TranslationState.st,29,STRUCT,,FinalInterlockErrorId   : WORD;
Idx204_Error,T1(brief),BOOL,CODE/J_SUPERVISION/_TYPES/3_CYCLE_ET_MODES/ST_ChainCycleSemiAuto.st,25,STRUCT,,Idx204_Error                     : BOOL;
Idx205_ErrorId,T1(brief),WORD,CODE/J_SUPERVISION/_TYPES/3_CYCLE_ET_MODES/ST_ChainCycleSemiAuto.st,26,STRUCT,,Idx205_ErrorId                   : WORD;
Idx217_FaultLatched,T1(brief),BOOL,CODE/J_SUPERVISION/_TYPES/3_CYCLE_ET_MODES/ST_ChainCycleSemiAuto.st,27,STRUCT,,Idx217_FaultLatched              : BOOL;
Idx218_FaultLatchedId,T1(brief),WORD,CODE/J_SUPERVISION/_TYPES/3_CYCLE_ET_MODES/ST_ChainCycleSemiAuto.st,28,STRUCT,,Idx218_FaultLatchedId            : WORD;
Idx208_StepAtError,T1(brief),E_AutoCycleStep,CODE/J_SUPERVISION/_TYPES/3_CYCLE_ET_MODES/ST_ChainCycleSemiAuto.st,35,STRUCT,,Idx208_StepAtError               : E_AutoCycleStep;
Idx306_WinchSyncError,T1(brief),BOOL,CODE/J_SUPERVISION/_TYPES/3_CYCLE_ET_MODES/ST_ChainCycleSemiAuto.st,51,STRUCT,,Idx306_WinchSyncError            : BOOL;
Idx310_M1SpeedStepAtFault,T1(brief),INT,CODE/J_SUPERVISION/_TYPES/3_CYCLE_ET_MODES/ST_ChainCycleSemiAuto.st,55,STRUCT,,Idx310_M1SpeedStepAtFault        : INT;
Idx311_M2SpeedStepAtFault,T1(brief),INT,CODE/J_SUPERVISION/_TYPES/3_CYCLE_ET_MODES/ST_ChainCycleSemiAuto.st,56,STRUCT,,Idx311_M2SpeedStepAtFault        : INT;
BtnResumeAfterFault,T1(brief),BOOL,CODE/J_SUPERVISION/_TYPES/3_CYCLE_ET_MODES/ST_CycleCmd.st,9,STRUCT,,BtnResumeAfterFault : BOOL;
Error,T1(brief),BOOL,CODE/J_SUPERVISION/_TYPES/3_CYCLE_ET_MODES/ST_CycleState.st,9,STRUCT,,Error                  : BOOL;
ErrorId,T1(brief),WORD,CODE/J_SUPERVISION/_TYPES/3_CYCLE_ET_MODES/ST_CycleState.st,10,STRUCT,,ErrorId                : WORD;
WinchSyncError,T1(brief),BOOL,CODE/J_SUPERVISION/_TYPES/3_CYCLE_ET_MODES/ST_CycleState.st,19,STRUCT,,WinchSyncError         : BOOL;
CycleStepAtError,T1(brief),E_AutoCycleStep,CODE/J_SUPERVISION/_TYPES/3_CYCLE_ET_MODES/ST_CycleState.st,28,STRUCT,,CycleStepAtError       : E_AutoCycleStep;
ForceStepRejected,T2(elargi),BOOL,CODE/J_SUPERVISION/_TYPES/3_CYCLE_ET_MODES/ST_CycleState.st,46,STRUCT,,ForceStepRejected      : BOOL;
ResumeAfterFaultAvailable,T1(brief),BOOL,CODE/J_SUPERVISION/_TYPES/3_CYCLE_ET_MODES/ST_CycleState.st,48,STRUCT,,ResumeAfterFaultAvailable : BOOL;
BtnFaultReset,T1(brief),BOOL,CODE/J_SUPERVISION/_TYPES/3_CYCLE_ET_MODES/ST_ModesCmd.st,7,STRUCT,,BtnFaultReset      : BOOL;
ModesFault,T1(brief),ST_Fault,CODE/J_SUPERVISION/_TYPES/3_CYCLE_ET_MODES/ST_ModesCycleInterPrg.st,21,STRUCT,,ModesFault    : ST_Fault;
AnyFaultActive,T1(brief),BOOL,CODE/J_SUPERVISION/_TYPES/3_CYCLE_ET_MODES/ST_ModesState.st,7,STRUCT,,AnyFaultActive        : BOOL;
Fault,T1(brief),ST_Fault,CODE/J_SUPERVISION/_TYPES/3_CYCLE_ET_MODES/ST_SequencePublicState.st,11,STRUCT,,Fault               : ST_Fault;
StepAtFault,T1(brief),E_AutoCycleStep,CODE/J_SUPERVISION/_TYPES/3_CYCLE_ET_MODES/ST_SequencePublicState.st,14,STRUCT,,StepAtFault         : E_AutoCycleStep;
ForceStepRejected,T2(elargi),BOOL,CODE/J_SUPERVISION/_TYPES/3_CYCLE_ET_MODES/ST_SequencePublicState.st,35,STRUCT,,ForceStepRejected   : BOOL;
ResumeAfterFaultAvailable,T1(brief),BOOL,CODE/J_SUPERVISION/_TYPES/3_CYCLE_ET_MODES/ST_SequencePublicState.st,41,STRUCT,,ResumeAfterFaultAvailable : BOOL;
M1SpeedStepAtFault,T1(brief),INT,CODE/J_SUPERVISION/_TYPES/3_CYCLE_ET_MODES/ST_SequencePublicState.st,42,STRUCT,,M1SpeedStepAtFault  : INT;
M2SpeedStepAtFault,T1(brief),INT,CODE/J_SUPERVISION/_TYPES/3_CYCLE_ET_MODES/ST_SequencePublicState.st,43,STRUCT,,M2SpeedStepAtFault  : INT;
Fault,T1(brief),ST_Fault,CODE/J_SUPERVISION/_TYPES/4_JOYSTICK_ACQUISITION/ST_AcquisitionEncoderQualified.st,14,STRUCT,,Fault                    : ST_Fault;
EncoderFault,T1(brief),BOOL,CODE/J_SUPERVISION/_TYPES/4_JOYSTICK_ACQUISITION/ST_AcquisitionEncoderQualified.st,17,STRUCT,,EncoderFault             : BOOL;
Fault,T1(brief),ST_Fault,CODE/J_SUPERVISION/_TYPES/4_JOYSTICK_ACQUISITION/ST_AcquisitionJoystickQualified.st,18,STRUCT,,Fault               : ST_Fault;
Alarms,T1(brief),UINT,CODE/J_SUPERVISION/_TYPES/4_JOYSTICK_ACQUISITION/ST_EncoderHMI.st,9,STRUCT,,Alarms           : UINT;
Warnings,T1(brief),UINT,CODE/J_SUPERVISION/_TYPES/4_JOYSTICK_ACQUISITION/ST_EncoderHMI.st,10,STRUCT,,Warnings         : UINT;
Error,T1(brief),BOOL,CODE/J_SUPERVISION/_TYPES/4_JOYSTICK_ACQUISITION/ST_EncoderHMI.st,14,STRUCT,,Error            : BOOL;
ErrorId,T1(brief),WORD,CODE/J_SUPERVISION/_TYPES/4_JOYSTICK_ACQUISITION/ST_EncoderHMI.st,15,STRUCT,,ErrorId          : WORD;
HomingError,T1(brief),BOOL,CODE/J_SUPERVISION/_TYPES/4_JOYSTICK_ACQUISITION/ST_EncoderHMI.st,21,STRUCT,,HomingError             : BOOL;
HomingErrorId,T1(brief),WORD,CODE/J_SUPERVISION/_TYPES/4_JOYSTICK_ACQUISITION/ST_EncoderHMI.st,22,STRUCT,,HomingErrorId           : WORD;
HomingStateAtError,T1(brief),E_State,CODE/J_SUPERVISION/_TYPES/4_JOYSTICK_ACQUISITION/ST_EncoderHMI.st,24,STRUCT,,HomingStateAtError      : E_State;
Error,T1(brief),BOOL,CODE/J_SUPERVISION/_TYPES/4_JOYSTICK_ACQUISITION/ST_JoystickState.st,17,STRUCT,,Error        : BOOL;
ErrorId,T1(brief),WORD,CODE/J_SUPERVISION/_TYPES/4_JOYSTICK_ACQUISITION/ST_JoystickState.st,18,STRUCT,,ErrorId      : WORD;
Fault,T1(brief),ST_Fault,CODE/J_SUPERVISION/_TYPES/6_DIAG_ET_CHAINES/ST_EmergencyState.st,29,STRUCT,,Fault           : ST_Fault;
Diag,T1(brief),ST_Safety_Emergency_Diag,CODE/J_SUPERVISION/_TYPES/6_DIAG_ET_CHAINES/ST_EmergencyState.st,38,STRUCT,,Diag : ST_Safety_Emergency_Diag;
RejectErrorMask,T1(brief),WORD,CODE/J_SUPERVISION/_TYPES/6_DIAG_ET_CHAINES/ST_HomingChecklist.st,34,STRUCT,,RejectErrorMask              : WORD;
Fault,T1(brief),BOOL,CODE/J_SUPERVISION/_TYPES/6_DIAG_ET_CHAINES/ST_InputModuleDiagHMI.st,17,STRUCT,,Fault            : BOOL;
Fault,T1(brief),BOOL,CODE/J_SUPERVISION/_TYPES/6_DIAG_ET_CHAINES/ST_IOModuleDiag.st,19,STRUCT,,Fault            : BOOL;
Step5_NoSafetyFault,T1(brief),BOOL,CODE/J_SUPERVISION/_TYPES/6_DIAG_ET_CHAINES/ST_MotionChecklist.st,24,STRUCT,,Step5_NoSafetyFault          : BOOL;
CanError,T1(brief),BOOL,CODE/J_SUPERVISION/_TYPES/6_DIAG_ET_CHAINES/ST_NetworkDiagHMI.st,10,STRUCT,,CanError            : BOOL;
CanErrorId,T1(brief),WORD,CODE/J_SUPERVISION/_TYPES/6_DIAG_ET_CHAINES/ST_NetworkDiagHMI.st,11,STRUCT,,CanErrorId          : WORD;
EcatError,T1(brief),BOOL,CODE/J_SUPERVISION/_TYPES/6_DIAG_ET_CHAINES/ST_NetworkDiagHMI.st,17,STRUCT,,EcatError           : BOOL;
EcatErrorId,T1(brief),WORD,CODE/J_SUPERVISION/_TYPES/6_DIAG_ET_CHAINES/ST_NetworkDiagHMI.st,18,STRUCT,,EcatErrorId         : WORD;
SafetyError,T1(brief),BOOL,CODE/J_SUPERVISION/_TYPES/6_DIAG_ET_CHAINES/ST_SafetyChecklist.st,41,STRUCT,,SafetyError                  : BOOL;
ArmingErrorId,T1(brief),WORD,CODE/J_SUPERVISION/_TYPES/6_DIAG_ET_CHAINES/ST_SafetyChecklist.st,42,STRUCT,,ArmingErrorId               : WORD;
BrakeThermalFault,T1(brief),BOOL,CODE/J_SUPERVISION/_TYPES/7_COMMUN_CONFIG/ST_CommunHMI.st,17,STRUCT,,BrakeThermalFault         : BOOL;
PhaseRotationFault,T1(brief),BOOL,CODE/J_SUPERVISION/_TYPES/7_COMMUN_CONFIG/ST_CommunHMI.st,18,STRUCT,,PhaseRotationFault        : BOOL;
HydraulicThermalFault,T1(brief),BOOL,CODE/J_SUPERVISION/_TYPES/7_COMMUN_CONFIG/ST_CommunHMI.st,21,STRUCT,,HydraulicThermalFault     : BOOL;
KoboldBottomTouchLatched,T2(elargi),BOOL,CODE/J_SUPERVISION/_TYPES/7_COMMUN_CONFIG/ST_CommunHMI.st,51,STRUCT,,KoboldBottomTouchLatched : BOOL;
Vh0800EndBit05Reserved,T2(elargi),BOOL,CODE/J_SUPERVISION/_TYPES/7_COMMUN_CONFIG/ST_IoHw_In.st,21,STRUCT,,Vh0800EndBit05Reserved : BOOL;
Error,T1(brief),BOOL,CODE/J_SUPERVISION/_TYPES/7_COMMUN_CONFIG/ST_SyncState.st,11,STRUCT,,Error      : BOOL;
ErrorId,T1(brief),WORD,CODE/J_SUPERVISION/_TYPES/7_COMMUN_CONFIG/ST_SyncState.st,12,STRUCT,,ErrorId    : WORD;
HasAlarm,T1(brief),BOOL,CODE/J_SUPERVISION/_TYPES/8_BANDEAU_ET_IHM/ST_AlarmBanner.st,10,STRUCT,,HasAlarm    : BOOL;
AlarmBanner,T1(brief),ST_AlarmBanner,CODE/J_SUPERVISION/_TYPES/8_BANDEAU_ET_IHM/ST_HmiBanner.st,15,STRUCT,,AlarmBanner          : ST_AlarmBanner;
BothBlockReason,T2(elargi),E_WinchTraceBlockReason,CODE/J_SUPERVISION/_TYPES/8_BANDEAU_ET_IHM/ST_PermitVisibilityHMI.st,25,STRUCT,,BothBlockReason : E_WinchTraceBlockReason;
PreflightErrorId,T1(brief),WORD,CODE/J_SUPERVISION/_TYPES/8_BANDEAU_ET_IHM/ST_PreflightHMI.st,7,STRUCT,,PreflightErrorId : WORD;
CST_T330ReserveMinMargin_M,T2(elargi),REAL := 1.00,CODE/J_SUPERVISION/FB_CfgT330Normalizer.st,51,VAR CONSTANT,FB_CfgT330Normalizer,CST_T330ReserveMinMargin_M : REAL := 1.00;
CycleErrorId,T1(brief),WORD,CODE/J_SUPERVISION/FB_Hmi_BannerFormatter.st,22,VAR_INPUT,FB_Hmi_BannerFormatter,CycleErrorId         : WORD;
CycleStepAtError,T1(brief),E_AutoCycleStep,CODE/J_SUPERVISION/FB_Hmi_BannerFormatter.st,23,VAR_INPUT,FB_Hmi_BannerFormatter,CycleStepAtError     : E_AutoCycleStep;
TranslationMotionErrorId,T1(brief),WORD,CODE/J_SUPERVISION/FB_Hmi_BannerFormatter.st,60,VAR_INPUT,FB_Hmi_BannerFormatter,TranslationMotionErrorId       : WORD;
TranslationFinalInterlockErrorId,T1(brief),WORD,CODE/J_SUPERVISION/FB_Hmi_BannerFormatter.st,61,VAR_INPUT,FB_Hmi_BannerFormatter,TranslationFinalInterlockErrorId : WORD;
BucketErrorId,T1(brief),WORD,CODE/J_SUPERVISION/FB_Hmi_BannerFormatter.st,69,VAR_INPUT,FB_Hmi_BannerFormatter,BucketErrorId        : WORD;
SyncErrorId,T1(brief),WORD,CODE/J_SUPERVISION/FB_Hmi_BannerFormatter.st,70,VAR_INPUT,FB_Hmi_BannerFormatter,SyncErrorId          : WORD;
SyncContactorDiag,T1(brief),ST_SyncContactorDiag,CODE/J_SUPERVISION/FB_Hmi_BannerFormatter.st,71,VAR_INPUT,FB_Hmi_BannerFormatter,SyncContactorDiag    : ST_SyncContactorDiag;
DiveErrorId,T1(brief),WORD,CODE/J_SUPERVISION/FB_Hmi_BannerFormatter.st,72,VAR_INPUT,FB_Hmi_BannerFormatter,DiveErrorId          : WORD;
ExtractionErrorId,T1(brief),WORD,CODE/J_SUPERVISION/FB_Hmi_BannerFormatter.st,73,VAR_INPUT,FB_Hmi_BannerFormatter,ExtractionErrorId    : WORD;
EmergencyErrorId,T1(brief),WORD,CODE/J_SUPERVISION/FB_Hmi_BannerFormatter.st,74,VAR_INPUT,FB_Hmi_BannerFormatter,EmergencyErrorId     : WORD;
AlarmHoldTime,T1(brief),TIME := T#1s,CODE/J_SUPERVISION/FB_Hmi_BannerFormatter.st,80,VAR_INPUT,FB_Hmi_BannerFormatter,AlarmHoldTime        : TIME := T#1s;
PowerOrChainFault,T1(brief),BOOL,CODE/J_SUPERVISION/FB_Hmi_BannerFormatter.st,93,VAR,FB_Hmi_BannerFormatter,PowerOrChainFault    : BOOL;
HardwareModuleOrBusFault,T1(brief),BOOL,CODE/J_SUPERVISION/FB_Hmi_BannerFormatter.st,94,VAR,FB_Hmi_BannerFormatter,HardwareModuleOrBusFault : BOOL;
CycleFaultActive,T1(brief),BOOL,CODE/J_SUPERVISION/FB_Hmi_BannerFormatter.st,104,VAR,FB_Hmi_BannerFormatter,CycleFaultActive          : BOOL;
AbortMsgLatched,T2(elargi),BOOL,CODE/J_SUPERVISION/FB_Hmi_BannerFormatter.st,114,VAR,FB_Hmi_BannerFormatter,AbortMsgLatched      : BOOL;
TonAlarmBanner,T1(brief),TON,CODE/J_SUPERVISION/FB_Hmi_BannerFormatter.st,117,VAR,FB_Hmi_BannerFormatter,TonAlarmBanner       : TON;
AlarmCount,T1(brief),INT,CODE/J_SUPERVISION/FB_Hmi_BannerFormatter.st,119,VAR,FB_Hmi_BannerFormatter,AlarmCount           : INT;
AlarmIndex,T1(brief),INT,CODE/J_SUPERVISION/FB_Hmi_BannerFormatter.st,121,VAR,FB_Hmi_BannerFormatter,AlarmIndex           : INT;
TofFaultLocalIo,T1(brief),TOF,CODE/J_SUPERVISION/FB_Hmi_BannerFormatter.st,124,VAR,FB_Hmi_BannerFormatter,TofFaultLocalIo      : TOF;
TofFaultVh0800,T1(brief),TOF,CODE/J_SUPERVISION/FB_Hmi_BannerFormatter.st,125,VAR,FB_Hmi_BannerFormatter,TofFaultVh0800       : TOF;
TofFaultVh0808,T1(brief),TOF,CODE/J_SUPERVISION/FB_Hmi_BannerFormatter.st,126,VAR,FB_Hmi_BannerFormatter,TofFaultVh0808       : TOF;
TofFaultVh0008Er,T1(brief),TOF,CODE/J_SUPERVISION/FB_Hmi_BannerFormatter.st,127,VAR,FB_Hmi_BannerFormatter,TofFaultVh0008Er     : TOF;
TofFaultVh0008Er1,T1(brief),TOF,CODE/J_SUPERVISION/FB_Hmi_BannerFormatter.st,128,VAR,FB_Hmi_BannerFormatter,TofFaultVh0008Er1    : TOF;
TofFaultCanBus,T1(brief),TOF,CODE/J_SUPERVISION/FB_Hmi_BannerFormatter.st,129,VAR,FB_Hmi_BannerFormatter,TofFaultCanBus       : TOF;
TofFaultJoy1,T1(brief),TOF,CODE/J_SUPERVISION/FB_Hmi_BannerFormatter.st,130,VAR,FB_Hmi_BannerFormatter,TofFaultJoy1         : TOF;
TofFaultEcatBus,T1(brief),TOF,CODE/J_SUPERVISION/FB_Hmi_BannerFormatter.st,131,VAR,FB_Hmi_BannerFormatter,TofFaultEcatBus      : TOF;
TofFaultEncM1,T1(brief),TOF,CODE/J_SUPERVISION/FB_Hmi_BannerFormatter.st,132,VAR,FB_Hmi_BannerFormatter,TofFaultEncM1        : TOF;
TofFaultEncM2,T1(brief),TOF,CODE/J_SUPERVISION/FB_Hmi_BannerFormatter.st,133,VAR,FB_Hmi_BannerFormatter,TofFaultEncM2        : TOF;
TofFaultVarM3,T1(brief),TOF,CODE/J_SUPERVISION/FB_Hmi_BannerFormatter.st,134,VAR,FB_Hmi_BannerFormatter,TofFaultVarM3        : TOF;
CST_NbMaxAlarmes,T1(brief),INT := 50,CODE/J_SUPERVISION/FB_Hmi_BannerFormatter.st,153,VAR CONSTANT,FB_Hmi_BannerFormatter,CST_NbMaxAlarmes     : INT := 50;
CST_WinchErrorIdCableLimitDescent,T1(brief),WORD := 16#0040,CODE/J_SUPERVISION/FB_Hmi_BannerFormatter.st,161,VAR CONSTANT,FB_Hmi_BannerFormatter,CST_WinchErrorIdCableLimitDescent : WORD := 16#0040;
StepAtErrorStr,T1(brief),= '',CODE/J_SUPERVISION/FB_Hmi_BannerFormatter.st,264,?,FB_Hmi_BannerFormatter,StepAtErrorStr   := '';
StepAtErrorStr,T1(brief),= '?',CODE/J_SUPERVISION/FB_Hmi_BannerFormatter.st,290,?,FB_Hmi_BannerFormatter,StepAtErrorStr := '?';
AbortMsgLatched,T2(elargi),= FALSE,CODE/J_SUPERVISION/FB_Hmi_BannerFormatter.st,453,?,FB_Hmi_BannerFormatter,AbortMsgLatched := FALSE;
CycleFaultMsgStr,T1(brief),= '',CODE/J_SUPERVISION/FB_Hmi_BannerFormatter.st,529,?,FB_Hmi_BannerFormatter,CycleFaultMsgStr := '';
CycleFaultCauseStr,T1(brief),= 'limite profondeur',CODE/J_SUPERVISION/FB_Hmi_BannerFormatter.st,535,?,FB_Hmi_BannerFormatter,CycleFaultCauseStr := 'limite profondeur';
CycleFaultCauseStr,T1(brief),= 'synchro M1/M2',CODE/J_SUPERVISION/FB_Hmi_BannerFormatter.st,537,?,FB_Hmi_BannerFormatter,CycleFaultCauseStr := 'synchro M1/M2';
CycleFaultCauseStr,T1(brief),= 'ecart vitesse M1/M2',CODE/J_SUPERVISION/FB_Hmi_BannerFormatter.st,539,?,FB_Hmi_BannerFormatter,CycleFaultCauseStr := 'ecart vitesse M1/M2';
CycleFaultCauseStr,T1(brief),= 'com IHM perdue',CODE/J_SUPERVISION/FB_Hmi_BannerFormatter.st,541,?,FB_Hmi_BannerFormatter,CycleFaultCauseStr := 'com IHM perdue';
CycleFaultCauseStr,T1(brief),= 'tempo etape',CODE/J_SUPERVISION/FB_Hmi_BannerFormatter.st,543,?,FB_Hmi_BannerFormatter,CycleFaultCauseStr := 'tempo etape';
CycleFaultCauseStr,T1(brief),= 'stabilisation',CODE/J_SUPERVISION/FB_Hmi_BannerFormatter.st,545,?,FB_Hmi_BannerFormatter,CycleFaultCauseStr := 'stabilisation';
CycleFaultCauseStr,T1(brief),= 'ecart position M1/M2',CODE/J_SUPERVISION/FB_Hmi_BannerFormatter.st,547,?,FB_Hmi_BannerFormatter,CycleFaultCauseStr := 'ecart position M1/M2';
CycleFaultCauseStr,T1(brief),= 'hors FDC haut',CODE/J_SUPERVISION/FB_Hmi_BannerFormatter.st,549,?,FB_Hmi_BannerFormatter,CycleFaultCauseStr := 'hors FDC haut';
CycleFaultCauseStr,T1(brief),= 'palier 5 interdit',CODE/J_SUPERVISION/FB_Hmi_BannerFormatter.st,551,?,FB_Hmi_BannerFormatter,CycleFaultCauseStr := 'palier 5 interdit';
CycleFaultCauseStr,T1(brief),= 'palier 4 non confirme',CODE/J_SUPERVISION/FB_Hmi_BannerFormatter.st,553,?,FB_Hmi_BannerFormatter,CycleFaultCauseStr := 'palier 4 non confirme';
CycleFaultCauseStr,T1(brief),= 'arret meca non confirme',CODE/J_SUPERVISION/FB_Hmi_BannerFormatter.st,555,?,FB_Hmi_BannerFormatter,CycleFaultCauseStr := 'arret meca non confirme';
AlarmCount,T1(brief),= 0,CODE/J_SUPERVISION/FB_Hmi_BannerFormatter.st,809,?,FB_Hmi_BannerFormatter,AlarmCount := 0;
AlarmCount,T1(brief),= AlarmCount + 1,CODE/J_SUPERVISION/FB_Hmi_BannerFormatter.st,1017,?,FB_Hmi_BannerFormatter,AlarmCount := AlarmCount + 1;
AlarmIndex,T1(brief),= 0,CODE/J_SUPERVISION/FB_Hmi_BannerFormatter.st,1227,?,FB_Hmi_BannerFormatter,AlarmIndex := 0;
AlarmIndex,T1(brief),= 0,CODE/J_SUPERVISION/FB_Hmi_BannerFormatter.st,1236,?,FB_Hmi_BannerFormatter,AlarmIndex := 0;
InputModuleFault,T1(brief),BOOL,CODE/J_SUPERVISION/FB_TroubleshootingView.st,27,VAR_INPUT,FB_TroubleshootingView,InputModuleFault         : BOOL;
EmergencyDiag,T1(brief),ST_Safety_Emergency_Diag,CODE/J_SUPERVISION/FB_TroubleshootingView.st,67,VAR_INPUT,FB_TroubleshootingView,EmergencyDiag            : ST_Safety_Emergency_Diag;
CycleError,T1(brief),BOOL,CODE/J_SUPERVISION/FB_TroubleshootingView.st,76,VAR_INPUT,FB_TroubleshootingView,CycleError               : BOOL;
CycleErrorId,T1(brief),WORD,CODE/J_SUPERVISION/FB_TroubleshootingView.st,77,VAR_INPUT,FB_TroubleshootingView,CycleErrorId             : WORD;
CycleFaultLatched,T1(brief),BOOL,CODE/J_SUPERVISION/FB_TroubleshootingView.st,78,VAR_INPUT,FB_TroubleshootingView,CycleFaultLatched        : BOOL;
CycleFaultLatchedId,T1(brief),WORD,CODE/J_SUPERVISION/FB_TroubleshootingView.st,79,VAR_INPUT,FB_TroubleshootingView,CycleFaultLatchedId      : WORD;
CycleStepAtError,T1(brief),E_AutoCycleStep,CODE/J_SUPERVISION/FB_TroubleshootingView.st,86,VAR_INPUT,FB_TroubleshootingView,CycleStepAtError         : E_AutoCycleStep;
CycleWinchSyncError,T1(brief),BOOL,CODE/J_SUPERVISION/FB_TroubleshootingView.st,99,VAR_INPUT,FB_TroubleshootingView,CycleWinchSyncError      : BOOL;
CycleM1SpeedStepAtFault,T1(brief),INT,CODE/J_SUPERVISION/FB_TroubleshootingView.st,103,VAR_INPUT,FB_TroubleshootingView,CycleM1SpeedStepAtFault  : INT;
CycleM2SpeedStepAtFault,T1(brief),INT,CODE/J_SUPERVISION/FB_TroubleshootingView.st,104,VAR_INPUT,FB_TroubleshootingView,CycleM2SpeedStepAtFault  : INT;
CountSaturated,T2(elargi),BOOL,CODE/L_SIMULATION/FB_Sim_Encoder.st,61,VAR_OUTPUT,FB_Sim_Encoder,CountSaturated : BOOL;
CountSaturated,T2(elargi),= FALSE,CODE/L_SIMULATION/FB_Sim_Encoder.st,94,?,FB_Sim_Encoder,CountSaturated := FALSE;
CountSaturated,T2(elargi),= FALSE,CODE/L_SIMULATION/FB_Sim_Encoder.st,178,?,FB_Sim_Encoder,CountSaturated := FALSE;
CountSaturated,T2(elargi),= TRUE,CODE/L_SIMULATION/FB_Sim_Encoder.st,181,?,FB_Sim_Encoder,CountSaturated := TRUE;
CountSaturated,T2(elargi),= TRUE,CODE/L_SIMULATION/FB_Sim_Encoder.st,184,?,FB_Sim_Encoder,CountSaturated := TRUE;
BrakeFaultCloseWhileRunning,T1(brief),BOOL := FALSE,CODE/L_SIMULATION/FB_Sim_Translation.st,20,VAR_INPUT,FB_Sim_Translation,BrakeFaultCloseWhileRunning : BOOL := FALSE;
BrakeFaultCloseDelay_S,T1(brief),REAL := 0.0,CODE/L_SIMULATION/FB_Sim_Translation.st,21,VAR_INPUT,FB_Sim_Translation,BrakeFaultCloseDelay_S : REAL := 0.0;
BrakeFaultCloseActive,T1(brief),BOOL,CODE/L_SIMULATION/FB_Sim_Translation.st,66,VAR_OUTPUT,FB_Sim_Translation,BrakeFaultCloseActive : BOOL;
BrakeFaultCloseActive,T1(brief),= FALSE,CODE/L_SIMULATION/FB_Sim_Translation.st,152,?,FB_Sim_Translation,BrakeFaultCloseActive := FALSE;
BrakeFaultCloseActive,T1(brief),= instBrake.FaultCloseActive,CODE/L_SIMULATION/FB_Sim_Translation.st,209,?,FB_Sim_Translation,BrakeFaultCloseActive := instBrake.FaultCloseActive;
FaultCloseWhileRunning,T1(brief),BOOL := FALSE,CODE/L_SIMULATION/FB_Sim_TranslationBrake.st,17,VAR_INPUT,FB_Sim_TranslationBrake,FaultCloseWhileRunning : BOOL := FALSE;
FaultCloseDelay_S,T1(brief),REAL := 0.0,CODE/L_SIMULATION/FB_Sim_TranslationBrake.st,18,VAR_INPUT,FB_Sim_TranslationBrake,FaultCloseDelay_S : REAL := 0.0;
FaultCloseActive,T1(brief),BOOL,CODE/L_SIMULATION/FB_Sim_TranslationBrake.st,25,VAR_OUTPUT,FB_Sim_TranslationBrake,FaultCloseActive : BOOL;
FaultTimer_S,T1(brief),REAL,CODE/L_SIMULATION/FB_Sim_TranslationBrake.st,30,VAR,FB_Sim_TranslationBrake,FaultTimer_S : REAL;
FaultCloseActive,T1(brief),= FALSE,CODE/L_SIMULATION/FB_Sim_TranslationBrake.st,41,?,FB_Sim_TranslationBrake,FaultCloseActive := FALSE;
FaultTimer_S,T1(brief),= 0.0,CODE/L_SIMULATION/FB_Sim_TranslationBrake.st,44,?,FB_Sim_TranslationBrake,FaultTimer_S := 0.0;
FaultTimer_S,T1(brief),= FaultTimer_S + CycleTime_S,CODE/L_SIMULATION/FB_Sim_TranslationBrake.st,50,?,FB_Sim_TranslationBrake,FaultTimer_S := FaultTimer_S + CycleTime_S;
FaultTimer_S,T1(brief),= 0.0,CODE/L_SIMULATION/FB_Sim_TranslationBrake.st,52,?,FB_Sim_TranslationBrake,FaultTimer_S := 0.0;
SimWinchElectricalDiagnosticsActive,T1(brief),BOOL := FALSE,CODE/L_SIMULATION/FB_SimBench.st,84,VAR_INPUT,FB_SimBench,SimWinchElectricalDiagnosticsActive : BOOL := FALSE;
SimM2TensionedCableFaultInject,T1(brief),BOOL := FALSE,CODE/L_SIMULATION/FB_SimBench.st,85,VAR_INPUT,FB_SimBench,SimM2TensionedCableFaultInject : BOOL := FALSE;
SimM3BrakeFaultCloseWhileRunning,T1(brief),BOOL := FALSE,CODE/L_SIMULATION/FB_SimBench.st,100,VAR_INPUT,FB_SimBench,SimM3BrakeFaultCloseWhileRunning : BOOL := FALSE;
SimM3BrakeFaultCloseDelayS,T1(brief),REAL := 0.0,CODE/L_SIMULATION/FB_SimBench.st,101,VAR_INPUT,FB_SimBench,SimM3BrakeFaultCloseDelayS       : REAL := 0.0;
M3BrakeFaultCloseActive,T1(brief),BOOL,CODE/L_SIMULATION/FB_SimBench.st,164,VAR_OUTPUT,FB_SimBench,M3BrakeFaultCloseActive    : BOOL;
M3BrakeFaultCloseActive,T1(brief),= instSimTranslation.BrakeFaultCloseActive,CODE/L_SIMULATION/FB_SimBench.st,583,?,FB_SimBench,M3BrakeFaultCloseActive := instSimTranslation.BrakeFaultCloseActive;
SimM3BrakeFaultCloseWhileRunning,T1(brief),BOOL := FALSE,CODE/L_SIMULATION/GVL_Simulation.st,67,VAR_GLOBAL,,SimM3BrakeFaultCloseWhileRunning : BOOL := FALSE;
SimM3BrakeFaultCloseDelayS,T1(brief),REAL := 0.0,CODE/L_SIMULATION/GVL_Simulation.st,68,VAR_GLOBAL,,SimM3BrakeFaultCloseDelayS       : REAL := 0.0;
SimWinchElectricalDiagnosticsActive,T1(brief),BOOL := TRUE,CODE/L_SIMULATION/GVL_Simulation.st,101,VAR_GLOBAL,,SimWinchElectricalDiagnosticsActive : BOOL := TRUE;
SimM2TensionedCableFaultInject,T1(brief),BOOL := FALSE,CODE/L_SIMULATION/GVL_Simulation.st,109,VAR_GLOBAL,,SimM2TensionedCableFaultInject      : BOOL := FALSE;
instDiagCanOpen,T1(brief),FB_Diag_CanOpen,CODE/M_MAIN/PRG_02_Acquisition.st,31,VAR,PRG_02_Acquisition,instDiagCanOpen          : FB_Diag_CanOpen;
instDiagEthercat,T1(brief),FB_Diag_Ethercat,CODE/M_MAIN/PRG_02_Acquisition.st,32,VAR,PRG_02_Acquisition,instDiagEthercat         : FB_Diag_Ethercat;
instAutoResetTransientDiag,T1(brief),FB_AutoResetTransientDiag,CODE/M_MAIN/PRG_02_Acquisition.st,33,VAR,PRG_02_Acquisition,instAutoResetTransientDiag : FB_AutoResetTransientDiag;
BothBlockReason,T2(elargi),E_WinchTraceBlockReason,CODE/M_MAIN/PRG_04_Treuils_Benne.st,188,VAR,PRG_04_Treuils_Benne,BothBlockReason         : E_WinchTraceBlockReason;
KoboldBottomTouchLatched,T2(elargi),BOOL,CODE/M_MAIN/PRG_04_Treuils_Benne.st,196,VAR,PRG_04_Treuils_Benne,KoboldBottomTouchLatched: BOOL;
KoboldBottomTouchLatched,T2(elargi),= FALSE,CODE/M_MAIN/PRG_04_Treuils_Benne.st,726,?,PRG_04_Treuils_Benne,KoboldBottomTouchLatched := FALSE;
KoboldBottomTouchLatched,T2(elargi),= TRUE,CODE/M_MAIN/PRG_04_Treuils_Benne.st,748,?,PRG_04_Treuils_Benne,KoboldBottomTouchLatched := TRUE;
BothBlockReason,T2(elargi),= E_WinchTraceBlockReason.NONE,CODE/M_MAIN/PRG_04_Treuils_Benne.st,1147,?,PRG_04_Treuils_Benne,BothBlockReason         := E_WinchTraceBlockReason.NONE;
BothBlockReason,T2(elargi),= E_WinchTraceBlockReason.COUPLING_BLOCKED,CODE/M_MAIN/PRG_04_Treuils_Benne.st,1151,?,PRG_04_Treuils_Benne,BothBlockReason         := E_WinchTraceBlockReason.COUPLING_BLOCKED;
BothBlockReason,T2(elargi),= E_WinchTraceBlockReason.NONE,CODE/M_MAIN/PRG_04_Treuils_Benne.st,1154,?,PRG_04_Treuils_Benne,BothBlockReason         := E_WinchTraceBlockReason.NONE;
EmergencyDiag,T1(brief),ST_Safety_Emergency_Diag,CODE/M_MAIN/PRG_06_Outputs.st,25,VAR_OUTPUT,PRG_06_Outputs,EmergencyDiag                : ST_Safety_Emergency_Diag;
EmergencyFault,T1(brief),ST_Fault,CODE/M_MAIN/PRG_06_Outputs.st,28,VAR_OUTPUT,PRG_06_Outputs,EmergencyFault               : ST_Fault;
EmergencyDiag,T1(brief),= instSafetyEmergencyManagement.Status.Diag,CODE/M_MAIN/PRG_06_Outputs.st,542,?,PRG_06_Outputs,EmergencyDiag := instSafetyEmergencyManagement.Status.Diag;
EmergencyFault,T1(brief),= instSafetyEmergencyManagement.Status.Fault,CODE/M_MAIN/PRG_06_Outputs.st,545,?,PRG_06_Outputs,EmergencyFault := instSafetyEmergencyManagement.Status.Fault;
FaultMachineReset_IHM,T1(brief),BOOL,CODE/M_MAIN/PRG_07_Supervision.st,18,VAR_OUTPUT,PRG_07_Supervision,FaultMachineReset_IHM : BOOL;
instDiagIhmHeartbeat,T1(brief),FB_Diag_IhmHeartbeat,CODE/M_MAIN/PRG_07_Supervision.st,36,VAR,PRG_07_Supervision,instDiagIhmHeartbeat   : FB_Diag_IhmHeartbeat;
