Domaine;Nom_du_defaut;Declaration_et_condition;Ecriture_du_bit_TRUE;Remonte_en_banniere;Message_utilisateur;Silencieuse;Categorie_securite;Remarque
Treuil M1;ErrorID:01 - perte communication operateur treuil;CODE/H_TREUILS_BENNE/FB_Safety_Winch.st:269 (instCauses[0].Active);FB_Safety_Winch.st:269 -> bit ErrorId construit en FB_FaultCore.st:53;OUI - FB_Hmi_BannerFormatter.st:852;OUI - "[M1] ErrorID:01 - perte com operateur";NON;Safety (interlock mouvement, PLr non declare dans le code);Conforme - mappe par G506 bit 0
Treuil M1;ErrorID:02 - perte ou defaut codeur;FB_Safety_Winch.st:280 (Active): latch FB_Safety_Winch.st:278 (EncoderFaultLatched := TRUE);FB_Safety_Winch.st:278 -> FB_FaultCore.st:53;OUI - FB_Hmi_BannerFormatter.st:855;OUI - "[M1] ErrorID:02 - perte codeur";NON;Safety;Conforme - G506 bit 1
Treuil M1;ErrorID:03 - surchauffe thermique moteur;FB_Safety_Winch.st:288 (Active): latch FB_Safety_Winch.st:286;FB_Safety_Winch.st:286 -> FB_FaultCore.st:53;NON en actif (exclu du carrousel) - OUI en [HISTO] FB_Hmi_BannerFormatter.st:1119;OUI - "[HISTO] [M1] ErrorID:03 - surchauffe moteur";NON;Safety (classe WARNING);Ecart assume - exclusion AF-07 v2.3 section 6 lignes 290-291, exemption nominative G506 bit 2. Aucune action operateur dediee.
Treuil M1;ErrorID:04 - mou de cable;FB_Safety_Winch.st:294 (Active, live);FB_Safety_Winch.st:294 -> FB_FaultCore.st:53;NON en actif - OUI en [HISTO] FB_Hmi_BannerFormatter.st:1122;OUI - "[HISTO] [M1] ErrorID:04 - mou de cable";NON;Safety (classe WARNING);Exclusion AF-07 section 6, exemption G506 bit 3
Treuil M1;ErrorID:05 - rotation phases;FB_Safety_Winch.st:305 (Active): latch FB_Safety_Winch.st:303;FB_Safety_Winch.st:303 -> FB_FaultCore.st:53;OUI - FB_Hmi_BannerFormatter.st:858;OUI - "[M1] ErrorID:05 - rotation phases";NON;Safety;Conforme - G506 bit 4
Treuil M1;Fin de course haut capteur atteint (bit 5);FB_Safety_Winch.st:311 (Active, live);FB_Safety_Winch.st:311 -> FB_FaultCore.st:53;NON (aucun libelle ne decode 16#0020) - NON en [HISTO] (16#0020 absent de la table HISTO M1);Message generique OUI - "[TREUIL] Limite haute" FB_Hmi_BannerFormatter.st:757;NON;Safety (etat de fin de course, pas un defaut);Exemption nominative G506 bit 5 (etat normal + DI commune M1/M2). Ecart mineur : aucun libelle [HISTO] alors que la cause est latching=FALSE donc jamais historisee - coherent.
Treuil M1;ErrorID:07 - limite basse cable atteinte (bit 6);FB_Safety_Winch.st:320 (Active, live);FB_Safety_Winch.st:320 -> FB_FaultCore.st:53;OUI - FB_Hmi_BannerFormatter.st:895;OUI - "[M1] Limite basse cable atteinte" + action "[TREUIL] Limite basse cable M1 - remonter" FB_Hmi_BannerFormatter.st:781;NON;Safety;Conforme - seul bit safety nomme en dur par constante CST_WinchErrorIdCableLimitDescent (FB_Hmi_BannerFormatter.st:161). Absent de [HISTO] (latching=FALSE) : coherent.
Treuil M1;ErrorID:08 - Meca A deplacement sans commande;FB_Safety_Winch.st:335 (Active): latch FB_Safety_Winch.st:334;FB_Safety_Winch.st:334 -> FB_FaultCore.st:53;OUI - FB_Hmi_BannerFormatter.st:861;OUI - "[M1] ErrorID:08 - MecaA - deplacement sans commande";NON;Safety (ISO 13849 - surveille l'immobilite);Conforme - G506 bit 7
Treuil M1;ErrorID:09 - Meca B arret non confirme;FB_Safety_Winch.st:348 (Active): latch FB_Safety_Winch.st:343;FB_Safety_Winch.st:343 -> FB_FaultCore.st:53;OUI - FB_Hmi_BannerFormatter.st:864;OUI - "[M1] ErrorID:09 - MecaB - arret non confirme apres stop";NON;Safety;Conforme - G506 bit 8
Treuil M1;ErrorID:10 - Meca C glissement benne figee;FB_Safety_Winch.st:360 (Active): latch FB_Safety_Winch.st:359;FB_Safety_Winch.st:359 -> FB_FaultCore.st:53;OUI - FB_Hmi_BannerFormatter.st:867;OUI - "[M1] ErrorID:10 - MecaC - glissement pendant benne figee";NON;Safety;Conforme - G506 bit 9
Treuil M1;ErrorID:11 - surchauffe thermique frein;FB_Safety_Winch.st:368 (Active): latch FB_Safety_Winch.st:366;FB_Safety_Winch.st:366 -> FB_FaultCore.st:53;NON en actif - OUI en [HISTO] FB_Hmi_BannerFormatter.st:1137;OUI - "[HISTO] [M1] ErrorID:11 - surchauffe frein";NON;Safety (classe WARNING);Exclusion carrousel actif, exemption nominative G506 bit 10. Aucune action operateur dediee.
Treuil M1;ErrorID:12 - Meca D non-arret au capteur haut;FB_Safety_Winch.st:385 (Active): latch FB_Safety_Winch.st:381;FB_Safety_Winch.st:381 -> FB_FaultCore.st:53;OUI - FB_Hmi_BannerFormatter.st:870;OUI - "[M1] ErrorID:12 - MecaD - non-arret au capteur haut";NON;Safety;Conforme - G506 bit 11
Treuil M1;ErrorID:13 - Meca E ecart synchro critique;FB_Safety_Winch.st:399 (Active): latch FB_Safety_Winch.st:397;FB_Safety_Winch.st:397 -> FB_FaultCore.st:53;OUI - FB_Hmi_BannerFormatter.st:873;OUI - "[M1] ErrorID:13 - MecaE - ecart synchro M1/M2 critique";NON;Safety (SYNC = priorite 1 du brief);Conforme - G506 bit 12. Seuil dedie _WinchCriticalSyncTolerance_M (GVL_PERSISTENT.st:59, defaut 7,0 m).
Treuil M1;ErrorID:13 - escalade ecart synchro (bit 13);FB_Safety_Winch.st:414 (Active): latch FB_Safety_Winch.st:407 et :412;FB_Safety_Winch.st:407/412 -> FB_FaultCore.st:53;OUI en actif (meme libelle que le bit 12) - NON en [HISTO] (16#2000 absent de la table HISTO M1);OUI - "[M1] ErrorID:13 - MecaE - ecart synchro M1/M2 critique";NON;Safety (declenche PowerCutOff);ECART MINEUR - le bit 13 escalade vers PowerCutOff mais n'a AUCUNE entree [HISTO] : apres disparition de la cause et avant Reset, l'escalade disparait du bandeau alors qu'elle est latchee.
Treuil M1;ErrorID:15 - sens reel oppose a la commande;FB_Safety_Winch.st:427 (Active): latch FB_Safety_Winch.st:426;FB_Safety_Winch.st:426 -> FB_FaultCore.st:53;OUI - FB_Hmi_BannerFormatter.st:876;OUI - "[M1] ErrorID:15 - sens oppose";NON;Safety;Conforme - G506 bit 14
Treuil M1;ErrorID:16 - absence mouvement malgre commande;FB_Safety_Winch.st:445 (Active): latch FB_Safety_Winch.st:444;FB_Safety_Winch.st:444 -> FB_FaultCore.st:53;OUI - FB_Hmi_BannerFormatter.st:879;OUI - "[M1] ErrorID:16 - discordance commande/retour/mouvement";NON;Safety;Conforme - G506 bit 15
Treuil M1;Survitesse treuil detectee (SafeStop) - hors bitfield;CODE/H_TREUILS_BENNE/FB_Safety_Winch.st:100 (OverspeedFault) / latch FB_Safety_Winch.st:454;FB_Safety_Winch.st:454 (OverspeedFaultLatched := TRUE) puis FB_Safety_Winch.st:485;OUI - FB_Hmi_BannerFormatter.st:882;OUI - "[M1] Survitesse treuil detectee (SafeStop)";NON;Safety (latch dedie, hors ErrorId);ECART - hors bitfield donc absent de LatchedId : le defaut ne peut JAMAIS apparaitre en [HISTO], seul l'etat actif (maintien du latch) le montre. Mappe par G506 via WINCH_EXTRA_LABELS.
Treuil M2;ErrorID:01 - perte communication operateur treuil;FB_Safety_Winch.st:269 (meme code, instance M2);FB_Safety_Winch.st:269 -> FB_FaultCore.st:53 (instance M2);OUI - FB_Hmi_BannerFormatter.st:900;OUI - "[M2] ErrorID:01 - perte com operateur";NON;Safety;Conforme symetrique M1
Treuil M2;ErrorID:02 - perte ou defaut codeur;FB_Safety_Winch.st:280 (latch :278);FB_Safety_Winch.st:278 -> FB_FaultCore.st:53;OUI - FB_Hmi_BannerFormatter.st:903;OUI - "[M2] ErrorID:02 - perte codeur";NON;Safety;Conforme symetrique M1
Treuil M2;ErrorID:03 - surchauffe thermique moteur;FB_Safety_Winch.st:288 (latch :286);FB_Safety_Winch.st:286 -> FB_FaultCore.st:53;NON en actif - OUI en [HISTO] FB_Hmi_BannerFormatter.st:1160;OUI - "[HISTO] [M2] ErrorID:03 - surchauffe moteur";NON;Safety (WARNING);Exclusion AF-07 section 6 (idem M1)
Treuil M2;ErrorID:04 - mou de cable;FB_Safety_Winch.st:294 (live);FB_Safety_Winch.st:294 -> FB_FaultCore.st:53;NON en actif - OUI en [HISTO] FB_Hmi_BannerFormatter.st:1163;OUI - "[HISTO] [M2] ErrorID:04 - mou de cable";NON;Safety (WARNING);Exclusion AF-07 section 6 (idem M1)
Treuil M2;ErrorID:05 - rotation phases;FB_Safety_Winch.st:305 (latch :303);FB_Safety_Winch.st:303 -> FB_FaultCore.st:53;OUI - FB_Hmi_BannerFormatter.st:906;OUI - "[M2] ErrorID:05 - rotation phases";NON;Safety;Conforme symetrique M1
Treuil M2;Fin de course haut capteur atteint (bit 5);FB_Safety_Winch.st:311 (live);FB_Safety_Winch.st:311 -> FB_FaultCore.st:53;NON (16#0020 non decode) - NON en [HISTO];Message generique OUI - "[TREUIL] Limite haute" FB_Hmi_BannerFormatter.st:757;NON;Safety (etat);Exemption G506 bit 5, idem M1
Treuil M2;ErrorID:07 - limite basse cable atteinte (bit 6);FB_Safety_Winch.st:320 (live);FB_Safety_Winch.st:320 -> FB_FaultCore.st:53;OUI - FB_Hmi_BannerFormatter.st:934;OUI - "[M2] Limite basse cable atteinte" + action FB_Hmi_BannerFormatter.st:783;NON;Safety;Conforme symetrique M1
Treuil M2;ErrorID:08 - Meca A deplacement sans commande;FB_Safety_Winch.st:335 (latch :334);FB_Safety_Winch.st:334 -> FB_FaultCore.st:53;OUI - FB_Hmi_BannerFormatter.st:909;OUI - "[M2] ErrorID:08 - MecaA - deplacement sans commande";NON;Safety;Conforme symetrique M1
Treuil M2;ErrorID:09 - Meca B arret non confirme;FB_Safety_Winch.st:348 (latch :343);FB_Safety_Winch.st:343 -> FB_FaultCore.st:53;OUI - FB_Hmi_BannerFormatter.st:912;OUI - "[M2] ErrorID:09 - MecaB - arret non confirme apres stop";NON;Safety;Conforme symetrique M1
Treuil M2;ErrorID:10 - Meca C glissement benne figee;FB_Safety_Winch.st:360 (latch :359);FB_Safety_Winch.st:359 -> FB_FaultCore.st:53;OUI - FB_Hmi_BannerFormatter.st:915;OUI - "[M2] ErrorID:10 - MecaC - glissement pendant benne figee";NON;Safety;Conforme symetrique M1
Treuil M2;ErrorID:11 - surchauffe thermique frein;FB_Safety_Winch.st:368 (latch :366);FB_Safety_Winch.st:366 -> FB_FaultCore.st:53;NON en actif - OUI en [HISTO] FB_Hmi_BannerFormatter.st:1178;OUI - "[HISTO] [M2] ErrorID:11 - surchauffe frein";NON;Safety (WARNING);Exclusion carrousel actif (idem M1)
Treuil M2;ErrorID:12 - Meca D non-arret au capteur haut;FB_Safety_Winch.st:385 (latch :381);FB_Safety_Winch.st:381 -> FB_FaultCore.st:53;OUI - FB_Hmi_BannerFormatter.st:918;OUI - "[M2] ErrorID:12 - MecaD - non-arret au capteur haut";NON;Safety;Conforme symetrique M1
Treuil M2;ErrorID:13 - Meca E ecart synchro critique;FB_Safety_Winch.st:399 (latch :397);FB_Safety_Winch.st:397 -> FB_FaultCore.st:53;OUI - FB_Hmi_BannerFormatter.st:921;OUI - "[M2] ErrorID:13 - MecaE - ecart synchro M1/M2 critique";NON;Safety (SYNC priorite 1);Conforme symetrique M1
Treuil M2;ErrorID:13 - escalade ecart synchro (bit 13);FB_Safety_Winch.st:414 (latch :407 et :412);FB_Safety_Winch.st:407/412 -> FB_FaultCore.st:53;OUI en actif - NON en [HISTO] (16#2000 absent de la table HISTO M2);OUI - "[M2] ErrorID:13 - MecaE - ecart synchro M1/M2 critique";NON;Safety (PowerCutOff);ECART MINEUR - idem M1 : pas d'entree [HISTO] pour le bit escalade
Treuil M2;ErrorID:15 - sens reel oppose a la commande;FB_Safety_Winch.st:427 (latch :426);FB_Safety_Winch.st:426 -> FB_FaultCore.st:53;OUI - FB_Hmi_BannerFormatter.st:924;OUI - "[M2] ErrorID:15 - sens oppose";NON;Safety;Conforme symetrique M1
Treuil M2;ErrorID:16 - absence mouvement malgre commande;FB_Safety_Winch.st:445 (latch :444);FB_Safety_Winch.st:444 -> FB_FaultCore.st:53;OUI - FB_Hmi_BannerFormatter.st:927;OUI - "[M2] ErrorID:16 - discordance commande/retour/mouvement";NON;Safety;Conforme symetrique M1
Treuil M2;Survitesse treuil detectee (SafeStop) - hors bitfield;FB_Safety_Winch.st:100 / latch FB_Safety_Winch.st:454;FB_Safety_Winch.st:454 puis :485;OUI - FB_Hmi_BannerFormatter.st:930;OUI - "[M2] Survitesse treuil detectee (SafeStop)";NON;Safety;ECART - hors bitfield, jamais en [HISTO] (idem M1)
Treuil M1/M2 (mouvement);FB_Winch bit 1 - "contacteur colle" (cause fantome);CODE/H_TREUILS_BENNE/FB_Winch.st:120 (instCauses[1].Active := FALSE en dur);AUCUNE (Active := FALSE litteral, ligne 120) - bit jamais pose;NON;NON;OUI (bit mort, aucune sortie);Process;CAUSE FANTOME DOCUMENTEE - le commentaire FB_Winch.st:117-119 indique que la detection contacteur colle est transferee a FB_Safety_Winch/PRG_06. Slot conserve pour compatibilite. Aucun impact machine (bit toujours 0).
Treuil M1/M2 (mouvement);FB_Winch bit 2 - configuration table des paliers vitesse invalide;FB_Winch.st:124 (Active): latch FB_Winch.st:114 (SpeedStepConfigFaultLatched := TRUE, condition FB_Winch.st:113);FB_Winch.st:114 -> FB_FaultCore.st:53 (instance FB_Winch);NON - aucun libelle ne decode GVL_IHM.M1TreuilRetenue.State.ErrorId (le formateur ne recoit que WinchMxSafety.ErrorId, PRG_07:766-767);NON - le texte 'Configuration table des paliers vitesse invalide' (FB_Winch.st:126) n'est lu par AUCUN code;OUI (voyant allume, zero texte);Process;ECART MAJEUR classe T255-D - FB_Winch.Fault.Error est agrege dans WinchMxSafety.Error (FB_WinchStateProjection.st:236/264) puis dans AnyFaultActive (PRG_07:591-592) : le voyant s'allume sans qu'aucun message ne nomme la cause. Non couvert par G506 (qui ne controle que SafetyMx.Fault.ErrorId).
Treuil M1/M2 (mouvement);FB_WinchLoadEstimator bit 0 - parametrage/vitesse estimation charge invalide;CODE/H_TREUILS_BENNE/FB_WinchLoadEstimator.st:65 (Active): latch FB_WinchLoadEstimator.st:66;FB_WinchLoadEstimator.st:66 -> FB_FaultCore.st:53;NON - sortie Fault jamais consommee (aucune lecture de instWinchLoadEstimatorM1/M2.Fault dans CODE/);NON - texte FB_WinchLoadEstimator.st:67 orphelin;OUI (aucune sortie du tout);Process;ECART MAJEUR - defaut produit, jamais publie, jamais affiche (seules .SpeedBand et .EstimatedLoadPct sont consommees, PRG_04:1425/1507/1552-1553)
Treuil M1/M2 (barriere finale);FB_WinchOutputInterlock bit 0 - timeout confirmation ouverture frein treuil;CODE/H_TREUILS_BENNE/FB_WinchOutputInterlock.st:528 (Active): latch FB_WinchOutputInterlock.st:529;FB_WinchOutputInterlock.st:529 -> FB_FaultCore.st:53 puis WinchMxState.FinalInterlockErrorId (FB_WinchStateProjection.st:115/182);NON - le formateur ne recoit AUCUN FinalInterlockErrorId treuil (seul M3 est cable, PRG_07:763);NON - texte FB_WinchOutputInterlock.st:530 orphelin;OUI (variable IHM seule, aucun texte);Safety (bloque le mouvement, ISO 13849);ECART MAJEUR - bloque le demarrage du treuil sans aucune alarme ni texte ; visible seulement comme GVL_IHM.M1TreuilRetenue.State.FinalInterlockErrorId (PRG_07:489-490). Asymetrie avec M3 (barriere finale M3 = libelle dedie FB_Hmi_BannerFormatter.st:973).
Synchronisation M1/M2;SYNC ErrorID:01 - alerte ecart synchronisation (bit 0);CODE/H_TREUILS_BENNE/FB_WinchSync.st:171 (Active, live);FB_WinchSync.st:171 -> FB_FaultCore.st:53 -> SyncState.ErrorId (PRG_04:1738);OUI - FB_Hmi_BannerFormatter.st:997;OUI - "[SYNC] ErrorID:01 - ecart M1/M2";NON;Process (warning de degradation palier 1);Conforme - seuil 1 = CfgSyncTolerance_M 3,0 m (ST_SyncCfg.st:6)
Synchronisation M1/M2;SYNC ErrorID:02 - discordance contacteurs (bit 1);FB_WinchSync.st:175 (Active): latch FB_WinchSync.st:176;FB_WinchSync.st:176 -> FB_FaultCore.st:53;OUI - FB_Hmi_BannerFormatter.st:1000;OUI - "[SYNC] ErrorID:02 - incoherence commande";NON;Safety;Conforme - mais voir E-SYNC-2 : ce bit est utilise comme source de SafeStopSync (PRG_04:1847/1893) sous un nom trompeur
Synchronisation M1/M2;SYNC ErrorID:03 - ECART CRITIQUE synchronisation M1/M2 (bit 2);CODE/H_TREUILS_BENNE/FB_WinchSync.st:179 (Active): latch FB_WinchSync.st:180;FB_WinchSync.st:180 -> FB_FaultCore.st:53 -> SyncState.ErrorId (PRG_04:1738) -> formateur SyncErrorId PRG_07:770;NON - AUCUN libelle AlarmArray ne decode 16#0004 (le carrousel ne traite que 16#0001 et 16#0002, FB_Hmi_BannerFormatter.st:996 et :999);NON - texte FB_WinchSync.st:181 orphelin;OUI (voyant agrege allume, aucun message);Safety CRITIQUE (SYNC = priorite 1 du brief);ECART CRITIQUE - l'attenuation supposee par MecaE est INCOMPLETE : seuil bit2 = CfgSyncCriticalTolerance_M defaut 6,0 m (ST_SyncCfg.st:7) alors que MecaE (bit 12/13 des safety, libelle) utilise _WinchCriticalSyncTolerance_M defaut 7,0 m (GVL_PERSISTENT.st:59) -> toute la bande d'ecart 6,0-7,0 m declenche un defaut safety latche SANS AUCUN message operateur. Non couvert par G506 (SyncErrorId non controle par bit).
Synchronisation M1/M2;Trace SafeStopSourceSync - attribution erronee du bit;CODE/M_MAIN/PRG_04_Treuils_Benne.st:1847 et :1893 ((instWinchSync.Fault.ErrorId AND 16#0002) <> 0);lecture seule (pas une ecriture);NON (n'est pas un defaut, c'est une attribution de cause);NON;NON;Diagnostic (trace terrain);ECART - 16#0002 = bit 1 = "Discordance contacteurs" (FB_WinchSync.st:177) et non l'ecart de synchronisation (bit 2 = 16#0004). La trace attribue donc un SafeStop a la synchro sur la mauvaise cause et ne teste jamais le bit 2.
Benne;BENNE ErrorID:01 - configuration geometrie benne invalide;CODE/H_TREUILS_BENNE/BENNE/FB_Bucket.st:189 (Active): latch FB_Bucket.st:190;FB_Bucket.st:190 -> FB_FaultCore.st:53 -> BucketState.ErrorId (PRG_04:1777) -> formateur PRG_07:769;OUI - FB_Hmi_BannerFormatter.st:980;OUI - "[BENNE] ErrorID:01 - configuration geometrie invalide";NON;Safety;Conforme - branche ELSE de reset FB_Bucket.st:295 (Active := FALSE) coherente
Benne;BENNE ErrorID:02 - depassement ecart maximum autorise;FB_Bucket.st:215 (Active): latch FB_Bucket.st:216;FB_Bucket.st:216 -> FB_FaultCore.st:53;OUI - FB_Hmi_BannerFormatter.st:983;OUI - "[BENNE] ErrorID:02 - depassement ecart max autorise";NON;Safety;Conforme
Benne;BENNE ErrorID:03 - timeout commande deplacement benne;FB_Bucket.st:269 (Active): latch FB_Bucket.st:270;FB_Bucket.st:270 -> FB_FaultCore.st:53;OUI - FB_Hmi_BannerFormatter.st:986;OUI - "[BENNE] ErrorID:03 - timeout commande deplacement";NON;Safety;Conforme - libelle garde par EncM1Valid AND EncM2Valid
Benne;BENNE ErrorID:04 - glissement treuil M1 pendant manoeuvre;FB_Bucket.st:278 (Active): latch FB_Bucket.st:279;FB_Bucket.st:279 -> FB_FaultCore.st:53;OUI - FB_Hmi_BannerFormatter.st:989;OUI - "[BENNE] ErrorID:04 - glissement treuil M1";NON;Safety;Conforme
Benne;BENNE ErrorID:05 - codeurs treuils non references;FB_Bucket.st:286 (Active, live) - latching FALSE FB_Bucket.st:287;FB_Bucket.st:286 -> FB_FaultCore.st:53;OUI - FB_Hmi_BannerFormatter.st:992;OUI - "[BENNE] ErrorID:05 - codeurs treuils non references";NON;Safety;Conforme
Translation M3 safety;M3 ErrorID:01 - perte communication operateur;CODE/I_TRANSLATION/FB_Safety_Translation.st:123 (Active, live);FB_Safety_Translation.st:123 -> FB_FaultCore.st:53 -> TranslationSafety (PRG_05:739-741) -> PRG_07:768;OUI - FB_Hmi_BannerFormatter.st:939;OUI - "[M3] ErrorID:01 - perte com operateur";NON;Safety;Conforme
Translation M3 safety;M3 ErrorID:02 - perte communication EtherCAT variateur;FB_Safety_Translation.st:132 (Active, live);FB_Safety_Translation.st:132 -> FB_FaultCore.st:53;OUI - FB_Hmi_BannerFormatter.st:942;OUI - "[M3] ErrorID:02 - perte EtherCAT";NON;Safety;Conforme
Translation M3 safety;M3 ErrorID:03 - defaut rotation de phases;FB_Safety_Translation.st:143 (Active): latch FB_Safety_Translation.st:144;FB_Safety_Translation.st:144 -> FB_FaultCore.st:53;OUI - FB_Hmi_BannerFormatter.st:945;OUI - "[M3] ErrorID:03 - rotation phases";NON;Safety;Conforme
Translation M3 safety;M3 ErrorID:04 - surchauffe thermique frein translation;FB_Safety_Translation.st:151 (Active): latch FB_Safety_Translation.st:152;FB_Safety_Translation.st:152 -> FB_FaultCore.st:53;NON en actif - OUI en [HISTO] FB_Hmi_BannerFormatter.st:1204;OUI - "[HISTO] [M3] ErrorID:04 - surchauffe frein";NON;Safety (WARNING);ECART DE COHERENCE - meme classe thermique que les bits treuil 2/3/10 exclus du carrousel actif par AF-07 section 6, MAIS cette exclusion n'est NI documentee pour M3 NI couverte par G506 (qui ne verifie par bit que les treuils). Defaut safety latche, aucune action operateur.
Translation M3 safety;M3 ErrorID:05 - absence confirmation arret (Meca B);FB_Safety_Translation.st:175 (Active): latch FB_Safety_Translation.st:176;FB_Safety_Translation.st:176 -> FB_FaultCore.st:53;OUI - FB_Hmi_BannerFormatter.st:948;OUI - "[M3] ErrorID:05 - MecaB - arret non confirme apres stop";NON;Safety;Conforme
Translation M3 safety;M3 ErrorID:06 - mouvement non commande (Meca A);FB_Safety_Translation.st:191 (Active): latch FB_Safety_Translation.st:192;FB_Safety_Translation.st:192 -> FB_FaultCore.st:53;OUI - FB_Hmi_BannerFormatter.st:951;OUI - "[M3] ErrorID:06 - MecaA - deplacement sans commande";NON;Safety;Conforme
Translation M3 safety;M3 ErrorID:07 - depassement limite extreme;FB_Safety_Translation.st:203 (Active, live);FB_Safety_Translation.st:203 -> FB_FaultCore.st:53;OUI - FB_Hmi_BannerFormatter.st:954;OUI - "[M3] ErrorID:07 - butee extreme";NON;Safety;Conforme
Translation M3 safety;M3 ErrorID:08 - incoherence combinaison capteurs;FB_Safety_Translation.st:215 (Active): latch FB_Safety_Translation.st:216;FB_Safety_Translation.st:216 -> FB_FaultCore.st:53;OUI - FB_Hmi_BannerFormatter.st:957;OUI - "[M3] ErrorID:08 - capteurs incoherents";NON;Safety;Conforme
Translation M3 mouvement;FB_Translation bit 0 - defaut sequence ou retour frein (via FB_Brake);CODE/I_TRANSLATION/FB_Translation.st:106 (Active := Brake.Fault.Error, live);FB_Translation.st:106 -> FB_FaultCore.st:53 -> TranslationState.ErrorId (PRG_05:679) -> PRG_07:762;OUI - FB_Hmi_BannerFormatter.st:964;OUI - "[M3] Defaut sequence / retour frein translation";NON;Safety;Conforme - libelle plus generique que la cause source ("Incoherence retour contacteur frein", FB_Brake.st:128)
Translation M3 mouvement;FB_Translation bit 3 - defaut variateur AC600;FB_Translation.st:110 (Active): latch FB_Translation.st:111 (DriveFaultLatching);FB_Translation.st:111 -> FB_FaultCore.st:53;OUI - FB_Hmi_BannerFormatter.st:967;OUI - "[M3] Defaut variateur translation AC600";NON;Process (variateur);Conforme
Translation M3 mouvement;FB_Translation bit 6 - limite extreme atteinte;FB_Translation.st:127 (Active := TonLimitSwitchOverrun.Q, live);FB_Translation.st:127 -> FB_FaultCore.st:53;OUI - FB_Hmi_BannerFormatter.st:970;OUI - "[M3] Limite extreme translation atteinte";NON;Process;Conforme - doublon apparent avec M3 safety bit 6 (16#0040) via deux producteurs distincts (FB_Translation et FB_Safety_Translation) : deux libelles pour une meme cause physique, source d'ambiguite d'acquittement.
Translation M3 barriere;FB_TranslationOutputInterlock bit 0 - timeout confirmation ouverture frein;CODE/I_TRANSLATION/FB_TranslationOutputInterlock.st:115 (Active): latch FB_TranslationOutputInterlock.st:116;FB_TranslationOutputInterlock.st:116 -> FB_FaultCore.st:53 -> TranslationState.FinalInterlockErrorId (PRG_05:726) -> PRG_07:763;OUI - FB_Hmi_BannerFormatter.st:973;OUI - "[M3] Barriere finale translation (frein / redemarrage) - Reset";NON;Safety;Conforme - le libelle agrege (non zero) masque le numero de bit : une seule cause existe aujourd'hui, OK ; a reveoir si un 2e bit apparait.
Frein (commun);FB_Brake bit 0 - incoherence retour contacteur frein;CODE/A_COMMUN/FB_Brake.st:126 (Active): latch FB_Brake.st:127 (branche enable) et FB_Brake.st:82 (branche disable);FB_Brake.st:127 -> FB_FaultCore.st:53;OUI - via FB_Translation cause 0 (FB_Translation.st:106) -> label FB_Hmi_BannerFormatter.st:964;OUI - "[M3] Defaut sequence / retour frein translation";NON;Safety;Conforme pour M3 - FB_Brake n'est instancie QUE dans FB_Translation (aucune instance treuil : ST_WinchFinalInterlockRequest.st:16 documente le retrait). Deux ecritures de cause (L82 et L126) : la branche disable pose Latching=TRUE avec Active=FALSE, donc latche possible sans cause - a verifier hors T356.
Encodeur M1;FB_Encoder bit 0 - perte materiel/communication codeur EtherCAT;CODE/E_CODEURS/FB_Encoder.st:226 (Active := NOT instAbs.EncoderAvailable, live);FB_Encoder.st:226 -> FB_FaultCore.st:53 -> Data.EncoderM1.Fault (PRG_02:636);NON - jamais transmis au formateur;NON - texte FB_Encoder.st:227 orphelin;OUI (aucune sortie IHM : Data.EncoderM1.Fault n'est lu nulle part dans CODE/);Safety;ECART MAJEUR - le Fault agrege de la facade codeur est publie sur le bus inter-PRG (PRG_02:636/691) puis JAMAIS consomme. La perte codeur n'est visible que via le bit 1 des safety (FB_Safety_Winch.st:277-280) qui a un libelle.
Encodeur M1;FB_Encoder bit 1 - incoherence mesure / saut de position;FB_Encoder.st:228 (Active := instSafety.EncoderIncoherent, live);FB_Encoder.st:228 -> FB_FaultCore.st:53 -> Data.EncoderM1.Fault;NON;NON;OUI;Safety (ISO 13849 - integrite de la mesure);ECART MAJEUR - meme chemin mort que le bit 0
Encodeur M1;FB_Encoder bit 2 - echec confirmation transaction preset;FB_Encoder.st:230 (Active): latch FB_Encoder.st:230 (Latching TRUE);FB_Encoder.st:230 -> FB_FaultCore.st:53 -> Data.EncoderM1.Fault;NON;NON;OUI;Safety (fiabilite du datum);ECART MAJEUR - meme chemin mort. Un echec de preset (reference perdue) n'est ni affiche ni historise alors qu'il conditionne le homing.
Encodeur M1;FB_Encoder_Abs bit 0 - defaut communication EtherCAT codeur absolu;CODE/E_CODEURS/FB_Encoder_Abs.st:75 (Active, live);FB_Encoder_Abs.st:75 -> FB_FaultCore.st:53 -> Measurement.AbsFault (FB_Encoder.st:204) -> WinchM1State.Encoder.Error/ErrorId (FB_WinchStateProjection.st:129-130) -> GVL_IHM (PRG_07:489);NON - aucun libelle;NON - texte FB_Encoder_Abs.st:77 orphelin;PARTIEL (variable GVL_IHM uniquement, aucun texte ni voyant);Safety;ECART MAJEUR - visible sur un ecran de depannage sous forme de code binaire, jamais nomme a l'operateur
Encodeur M1;FB_Encoder_Abs bit 1 - timeout sequence preset SDO;FB_Encoder_Abs.st:83 (Active): latch FB_Encoder_Abs.st:84;FB_Encoder_Abs.st:84 -> FB_FaultCore.st:53 -> WinchM1State.Encoder.ErrorId;NON;NON;PARTIEL;Safety;ECART MAJEUR - idem bit 0
Encodeur M1;FB_Encoder_Homing bit 0 - homing non autorise dans ce mode;CODE/E_CODEURS/FB_Encoder_Homing.st:136 (Active): latch FB_Encoder_Homing.st:137;FB_Encoder_Homing.st:137 -> FB_FaultCore.st:53 -> Measurement.HomingFault (FB_Encoder.st:202) -> WinchM1State.Encoder.HomingErrorId (FB_WinchStateProjection.st:134-135);NON - aucun libelle;NON - texte FB_Encoder_Homing.st:138 orphelin;PARTIEL;Safety;ECART MAJEUR - cause nommee nulle part ; remonte aussi en cause 3 du cycle machine (FB_CycleMachineHoming.st:446) elle-meme non libellee
Encodeur M1;FB_Encoder_Homing bit 1 - cible de homing hors plage;FB_Encoder_Homing.st:140 (Active): latch FB_Encoder_Homing.st:141;FB_Encoder_Homing.st:141 -> FB_FaultCore.st:53;NON;NON;PARTIEL;Safety;ECART MAJEUR - idem bit 0
Encodeur M1;FB_Encoder_Homing bit 2 - echec confirmation transaction preset;FB_Encoder_Homing.st:144 (Active): latch FB_Encoder_Homing.st:145;FB_Encoder_Homing.st:145 -> FB_FaultCore.st:53;NON;NON;PARTIEL;Safety;ECART MAJEUR - idem bit 0
Encodeur M1;FB_Encoder_Homing bit 3 - incoherence position codeur au demarrage;FB_Encoder_Homing.st:148 (Active): latch FB_Encoder_Homing.st:149;FB_Encoder_Homing.st:149 -> FB_FaultCore.st:53;NON;NON;PARTIEL;Safety;ECART MAJEUR - idem bit 0
Encodeur M1;FB_Encoder_Safety bit 0 - depassement bornes physiques absolues cable;CODE/E_CODEURS/FB_Encoder_Safety.st:53 (Active, live);FB_Encoder_Safety.st:53 -> FB_FaultCore.st:53 -> EncoderIncoherent (FB_Encoder_Safety.st:81) -> Measurement.EncoderIncoherent (FB_Encoder.st:198) -> gate FB_EncoderReliability.EncoderFault (FB_EncoderReliability.st:30);NON - EncoderIncoherent n'entre dans AUCUNE entree du formateur, aucun libelle;NON - texte FB_Encoder_Safety.st:55 orphelin;OUI (bloque le mouvement sans aucune sortie utilisateur);Safety (ISO 13849 - hors bornes = mesure non fiable);ECART CRITIQUE - un depassement de bornes physiques absolues bloque les mouvements (PRG_03:95/194, FB_CycleSemiAuto.st:573) et n'allume NI voyant NI message ; ST_EncoderHMI n'a aucun champ pour ce signal (ST_EncoderHMI.st:7-27).
Encodeur M1;FB_Encoder_Safety bit 1 - incoherence position au redemarrage;FB_Encoder_Safety.st:57 (Active, live);FB_Encoder_Safety.st:57 -> FB_FaultCore.st:53 -> EncoderIncoherent;NON;NON;OUI;Safety;ECART CRITIQUE - idem bit 0 (HomingSuspect)
Encodeur M2;FB_Encoder bit 0 - perte materiel/communication codeur EtherCAT;FB_Encoder.st:226 (instance M2);FB_Encoder.st:226 -> Data.EncoderM2.Fault (PRG_02:691);NON;NON;OUI;Safety;ECART MAJEUR - symetrique M1
Encodeur M2;FB_Encoder bit 1 - incoherence mesure / saut de position;FB_Encoder.st:228;FB_Encoder.st:228 -> Data.EncoderM2.Fault;NON;NON;OUI;Safety;ECART MAJEUR - symetrique M1
Encodeur M2;FB_Encoder bit 2 - echec confirmation transaction preset;FB_Encoder.st:230;FB_Encoder.st:230 -> Data.EncoderM2.Fault;NON;NON;OUI;Safety;ECART MAJEUR - symetrique M1
Encodeur M2;FB_Encoder_Abs bits 0 et 1;FB_Encoder_Abs.st:75 et :83 (instance M2);FB_Encoder_Abs.st:76/84 -> WinchM2State.Encoder.ErrorId (FB_WinchStateProjection.st:196-197);NON;NON;PARTIEL;Safety;ECART MAJEUR - symetrique M1
Encodeur M2;FB_Encoder_Homing bits 0 a 3;FB_Encoder_Homing.st:136/140/144/148 (instance M2);FB_Encoder_Homing.st:137/141/145/149 -> WinchM2State.Encoder.HomingErrorId (FB_WinchStateProjection.st:201-202);NON;NON;PARTIEL;Safety;ECART MAJEUR - symetrique M1
Encodeur M2;FB_Encoder_Safety bits 0 et 1;FB_Encoder_Safety.st:53 et :57 (instance M2);FB_Encoder_Safety.st:54/58 -> EncoderIncoherent M2;NON;NON;OUI;Safety;ECART CRITIQUE - symetrique M1
Cycle semi-auto;CYCLE ErrorID:01 - limite legale de profondeur;CODE/G_CYCLE/FB_CycleSemiAuto.st:446 (Active): latch FB_CycleSemiAuto.st:451;FB_CycleSemiAuto.st:446 -> FB_FaultCore.st:53 -> CycleSemiAuto.State.ErrorId (PRG_07:660-662) -> formateur PRG_07:728;OUI - FB_Hmi_BannerFormatter.st:1068;OUI - "[CYCLE] ErrorID:01 - limite legale atteinte";NON;Safety (limite d'exploitation);Conforme
Cycle semi-auto;CYCLE ErrorID:02 - desynchronisme treuils M1/M2 bloquant;FB_CycleSemiAuto.st:458 (Active): latch :465;FB_CycleSemiAuto.st:458 -> FB_FaultCore.st:53;OUI - FB_Hmi_BannerFormatter.st:1071;OUI - "[CYCLE] ErrorID:02 - defaut synchro treuils";NON;Safety (SYNC priorite 1);Conforme - attenue l'ecart E-SYNC-1 pour la bande 6-7 m pendant un cycle actif uniquement
Cycle semi-auto;CYCLE ErrorID:03 - ecart de vitesse M1/M2 confirme en montee;FB_CycleSemiAuto.st:468 (Active): latch :469;FB_CycleSemiAuto.st:468 -> FB_FaultCore.st:53;OUI - FB_Hmi_BannerFormatter.st:1086;OUI - "[CYCLE] ErrorID:03 - ecart vitesse montee";NON;Safety;Conforme
Cycle semi-auto;CYCLE ErrorID:04 - perte communication IHM pendant cycle;FB_CycleSemiAuto.st:472 (Active): latch :473;FB_CycleSemiAuto.st:472 -> FB_FaultCore.st:53;OUI - FB_Hmi_BannerFormatter.st:1080;OUI - "[CYCLE] ErrorID:06 - perte communication IHM";NON;Safety;Conforme - numerotation ErrorID decouplee de l'index de bit (bit3 -> ErrorID:06) : convention respectee mais piege de lecture
Cycle semi-auto;CYCLE ErrorID:05 - depassement tempo maximale d'etape;FB_CycleSemiAuto.st:476 (Active): latch :477;FB_CycleSemiAuto.st:476 -> FB_FaultCore.st:53;OUI - FB_Hmi_BannerFormatter.st:1083;OUI - "[CYCLE] ErrorID:07 - timeout etape";NON;Safety;Conforme
Cycle semi-auto;CYCLE ErrorID:06 - defaut de stabilisation / tolerance ecart codeurs;FB_CycleSemiAuto.st:482 (Active): latch :484;FB_CycleSemiAuto.st:482 -> FB_FaultCore.st:53;OUI - FB_Hmi_BannerFormatter.st:1074;OUI - "[CYCLE] ErrorID:04 - ecart codeurs remontee";NON;Safety;Conforme
Cycle semi-auto;CYCLE bit 6 - Reserve (synchronisme arbitre par PRG_04);FB_CycleSemiAuto.st:490 (Active := FALSE en dur);AUCUNE - Active litteral FALSE;NON;NON;OUI (slot reserve inerte);Process;Conforme - slot volontairement inerte (commentaire FB_CycleSemiAuto.st:488-492) ; aucun libelle attendu, coherent
Cycle semi-auto;CYCLE ErrorID:08 - treuils hors FDC haut pendant translation P1;FB_CycleSemiAuto.st:497 (Active): latch :500;FB_CycleSemiAuto.st:497 -> FB_FaultCore.st:53;OUI - FB_Hmi_BannerFormatter.st:1089;OUI - "[CYCLE] ErrorID:08 - hors FDC haut translation P1";NON;Safety;Conforme
Cycle semi-auto;CYCLE ErrorID:09 - palier 5 interdit en plongee;FB_CycleSemiAuto.st:506 (Active): latch :511;FB_CycleSemiAuto.st:506 -> FB_FaultCore.st:53;OUI - FB_Hmi_BannerFormatter.st:1092;OUI - "[CYCLE] ErrorID:09 - palier 5 interdit en plongee";NON;Process;Conforme
Cycle semi-auto;CYCLE ErrorID:10 - palier 4 non confirme Kobold;FB_CycleSemiAuto.st:517 (Active): latch :520;FB_CycleSemiAuto.st:517 -> FB_FaultCore.st:53;OUI - FB_Hmi_BannerFormatter.st:1095;OUI - "[CYCLE] ErrorID:10 - palier 4 non confirme Kobold";NON;Process;Conforme
Cycle semi-auto;CYCLE bit 10 - Reserve (attente arret mecanique AX3);FB_CycleSemiAuto.st:523 (Active := FALSE en dur);AUCUNE - Active litteral FALSE;NON;NON;OUI (slot reserve inerte);Process;Conforme - slot volontairement inerte (commentaire FB_CycleSemiAuto.st:523-525)
Cycle semi-auto;CYCLE ErrorID:12 - consigne profondeur invalide;FB_CycleSemiAuto.st:527 (Active): latch :530;FB_CycleSemiAuto.st:527 -> FB_FaultCore.st:53;OUI - FB_Hmi_BannerFormatter.st:1098;OUI - "[CYCLE] ErrorID:12 - consigne profondeur invalide";NON;Process;Conforme
Cycle machine / homing;Cause 0 - perte de datum machine en mouvement;CODE/G_CYCLE/FB_CycleMachineHoming.st:434 (Active, index symbolique CST_CauseHomingLostInMotion=0): latch :435;FB_CycleMachineHoming.st:434 -> FB_FaultCore.st:53;NON - MachineHoming.Fault n'est PAS publie (PRG_02:582-595 ne recopie que Step/Instruction/HomingLoss/Failed) et le formateur ne recoit que Step+Instruction;PARTIEL - texte generique "Reference perdue - Arret controle" (FB_CycleMachineHoming.st:789) via FB_Hmi_BannerFormatter.st:302-303;PARTIEL (cause non nommee);Safety (arret controle);ECART MAJEUR - les 7 causes du cycle de referencement sont nommees dans le code mais aucune n'est transmise : l'operateur voit une consigne d'etape, jamais la cause. Le fault est latche (Latching TRUE partout) sans aucun ErrorId publie.
Cycle machine / homing;Cause 1 - montee au capteur haut non aboutie dans le temps imparti;FB_CycleMachineHoming.st:438 (Active): latch :439;FB_CycleMachineHoming.st:438 -> FB_FaultCore.st:53;NON;PARTIEL - texte generique "Erreur ou Echec homing - Acquitter (Reset)" (FB_CycleMachineHoming.st:783);PARTIEL;Safety;ECART MAJEUR - idem cause 0
Cycle machine / homing;Cause 2 - mouvement treuil hors phase autorisee;FB_CycleMachineHoming.st:442 (Active): latch :443;FB_CycleMachineHoming.st:442 -> FB_FaultCore.st:53;NON;PARTIEL;PARTIEL;Safety;ECART MAJEUR - idem cause 0
Cycle machine / homing;Cause 3 - erreur de homing codeur M1 pendant referencement conjoint;FB_CycleMachineHoming.st:446 (Active): latch :447;FB_CycleMachineHoming.st:446 -> FB_FaultCore.st:53;NON;PARTIEL;PARTIEL;Safety;ECART MAJEUR - idem cause 0 (propage une erreur codeur elle-meme non libellee)
Cycle machine / homing;Cause 4 - erreur de homing codeur M2 pendant referencement conjoint;FB_CycleMachineHoming.st:450 (Active): latch :451;FB_CycleMachineHoming.st:450 -> FB_FaultCore.st:53;NON;PARTIEL;PARTIEL;Safety;ECART MAJEUR - idem cause 0
Cycle machine / homing;Cause 5 - homing des axes non obtenu dans le temps imparti;FB_CycleMachineHoming.st:454 (Active): latch :455;FB_CycleMachineHoming.st:454 -> FB_FaultCore.st:53;NON;PARTIEL;PARTIEL;Safety;ECART MAJEUR - idem cause 0
Cycle machine / homing;Cause 6 - descente interdite pendant referencement verrouille;FB_CycleMachineHoming.st:458 (Active): latch :459;FB_CycleMachineHoming.st:458 -> FB_FaultCore.st:53;NON;PARTIEL - instruction "HX7 - RefHoming VERROUILLE" (FB_CycleMachineHoming.st:794-803);PARTIEL;Process;ECART MAJEUR - idem cause 0, l'instruction HX7 nomme l'etape mais pas la cause
Modes;ModesFault bit 0 - mode Semi-Auto selectionne mais cycle non pret (defaut codeur);CODE/F_MODES/FB_Modes.st:163 (Active, live);FB_Modes.st:163 -> FB_FaultCore.st:53 -> PRG_03.Data.ModesFault -> AnyFaultActive (PRG_07:589-590);NON - aucune entree du formateur ne transporte ModesFault.ErrorId;NON - texte FB_Modes.st:165 orphelin;OUI (voyant allume, aucun message);Process;ECART - exemption nominative G506 (source entiere) ; le motif de refus n'est visible que pour la cause 1 via ModeChangeBlockReason
Modes;ModesFault bit 1 - changement de mode refuse (treuils non arretes);FB_Modes.st:179 (Active, live);FB_Modes.st:179 -> FB_FaultCore.st:53 -> PRG_03.Data.ModesFault;NON en carrousel;OUI partiel - "Chgt mode refuse : ..." via ModeChangeBlockReason (FB_Hmi_BannerFormatter.st:368-370, cable PRG_07:741-742);NON;Process;Conforme partiellement - seule cause Modes disposant d'un canal texte, via SpecialConditionText et non le carrousel
Modes;ModesFault bit 2 - Semi-Auto : re-homing obligatoire;FB_Modes.st:167 (Active, live);FB_Modes.st:167 -> FB_FaultCore.st:53;NON;NON;OUI;Process;ECART - exemption G506 (source entiere) ; aucune indication a l'operateur du besoin de re-homing autre que le voyant
Modes;ModesFault bit 3 - Semi-Auto : referencement incomplet;FB_Modes.st:171 (Active, live);FB_Modes.st:171 -> FB_FaultCore.st:53;NON;NON;OUI;Process;ECART - idem bit 2
Securite / AU;AU ErrorID:01 - defaut redondance contacteurs;CODE/B_AU_SECURITE/FB_Safety_EmergencyManagement.st:490 (Active): latch :490;FB_Safety_EmergencyManagement.st:490 -> FB_FaultCore.st:53 -> Status.Diag.ErrorId (FB_Safety_EmergencyManagement.st:576) -> PRG_06:EmergencyDiag -> formateur PRG_07:774;OUI - FB_Hmi_BannerFormatter.st:1057;OUI - "[AU] ErrorID:01 - redondance contacteurs";NON;Safety (chaine AU);Conforme - message explicite double via RedundancyTestFailed (PRG_07:775)
Securite / AU;AU ErrorID:02 - echec rearmement contacteur AU (timeout);FB_Safety_EmergencyManagement.st:492 (Active): latch :492;FB_Safety_EmergencyManagement.st:492 -> FB_FaultCore.st:53;OUI - FB_Hmi_BannerFormatter.st:1060;OUI - "[AU] ErrorID:02 - echec confirmation armement" + EmergencyArmingFailed (PRG_07:776);NON;Safety (chaine AU);Conforme
Securite / AU;AU bit 2 - slot reserve (texte vide);FB_Safety_EmergencyManagement.st:494 (Active := FALSE, texte vide st:495);AUCUNE - Active litteral FALSE;NON;NON;OUI (slot reserve inerte);Safety;Conforme - slot sans texte ET sans cause active : coherent
Securite / AU;AU ErrorID:04 - echec autotest demarrage;FB_Safety_EmergencyManagement.st:496 (Active): latch :496;FB_Safety_EmergencyManagement.st:496 -> FB_FaultCore.st:53;OUI - FB_Hmi_BannerFormatter.st:1063;OUI - "[AU] ErrorID:04 - echec autotest demarrage";NON;Safety (chaine AU);Conforme
Joystick;JOY Fault bit 0 - echec calibration joystick;CODE/D_JOYSTICK/FB_Joystick.st:139 (Active): latch FB_Joystick.st:139;FB_Joystick.st:139 -> FB_FaultCore.st:53 -> GVL_IHM.JOY1Joystick.State.Error/ErrorId (PRG_07:627-628) -> AnyFaultActive (PRG_07:597);NON - le formateur ne recoit AUCUNE entree ErrorId joystick (VAR_INPUT FB_Hmi_BannerFormatter.st:11-81) : impossible de publier;NON - texte FB_Joystick.st:140 orphelin;OUI (voyant allume, aucun texte);Safety (organe de commande);ECART MAJEUR - exemption nominative G506 (source entiere) ; l'operateur voit un voyant de defaut sans aucune indication (calibration vs capteur vs bus)
Joystick;JOY Fault bit 1 - capteur joystick hors plage ADC;FB_Joystick.st:141 (Active, live);FB_Joystick.st:141 -> FB_FaultCore.st:53;NON;NON;OUI;Safety;ECART MAJEUR - idem bit 0
Joystick;JOY Fault bit 2 - perte liaison bus CAN joystick;FB_Joystick.st:143 (Active, live);FB_Joystick.st:143 -> FB_FaultCore.st:53;NON (le label [CAN] Joystick JOY1 non detecte provient du diagnostic bus, pas de FB_Joystick.Fault.ErrorId);OUI partiel - "[CAN] Joystick JOY1 non detecte" FB_Hmi_BannerFormatter.st:831 (autre producteur) + "[Mx] ErrorID:01 - perte com operateur" (bit 0 safety);OUI (en tant que bit du FB_Joystick);Safety;ECART - la cause physique est couverte indirectement (safety bit 0), mais le bit 2 lui-meme n'est jamais decode ; double comptage possible dans le carrousel
Reseau EtherCAT;MASTER ECAT - perte bus (ErrorId 16#0001);CODE/C_DIAG_RESEAUX/FB_Diag_Ethercat.st:201 (ErrorId := 16#0001);FB_Diag_Ethercat.st:201 -> GVL_IHM.Network.BusEthercat.Error/ErrorId (PRG_07:635) et EcatError (PRG_07:639);OUI - FB_Hmi_BannerFormatter.st:834 (via Operational filtre TOF 1,5 s, FB_Hmi_BannerFormatter.st:204);OUI - "[ECAT] Defaut bus EtherCAT";NON;Process (diagnostic);Conforme - le libelle est derive de Operational, pas du bit ErrorId : deux chemins distincts, coherents ici
Reseau EtherCAT;Variateur M3 - perte liaison physique (ErrorId 16#0010);FB_Diag_Ethercat.st:129 (ErrorId OR 16#0010);FB_Diag_Ethercat.st:129 -> GVL_IHM.Network.VariateurM3.Error/ErrorId (PRG_07:638);OUI - FB_Hmi_BannerFormatter.st:842;OUI - "[M3] Variateur AC600 non detecte (ECAT)";NON;Process;Conforme - auto-efface a la reconnexion (FB_Diag_Ethercat.st:131)
Reseau EtherCAT;Encodeur M1 - perte liaison (ErrorId 16#0020);FB_Diag_Ethercat.st:139 (ErrorId OR 16#0020);FB_Diag_Ethercat.st:139 -> GVL_IHM.Network.EncoderM1.Error/ErrorId (PRG_07:636);OUI - FB_Hmi_BannerFormatter.st:836;OUI - "[M1] Codeur absolu COD1 non detecte (ECAT)";NON;Safety (mesure de position);Conforme
Reseau EtherCAT;Encodeur M2 - perte liaison (ErrorId 16#0030);FB_Diag_Ethercat.st:149 (ErrorId OR 16#0030);FB_Diag_Ethercat.st:149 -> GVL_IHM.Network.EncoderM2.Error/ErrorId (PRG_07:637);OUI - FB_Hmi_BannerFormatter.st:839;OUI - "[M2] Codeur absolu COD2 non detecte (ECAT)";NON;Safety;ECART DE COHERENCE - M2 pose 16#0030 (bits 4 ET 5) alors que M1 pose 16#0020 (bit 5 seul) et que le bit 4 (16#0010) est deja celui du variateur M3 (FB_Diag_Ethercat.st:129) : GVL_IHM.Network.EcatErrorId OR-agrege les 4 esclaves (PRG_07:640), donc un code 16#0030 est ambigu (il peut designer le variateur ET/OU l'encodeur M2). Aucun registre de bits ne documente ces masques.
Reseau CANopen;Bus CANopen - perte bus (ErrorId 16#0001);CODE/C_DIAG_RESEAUX/FB_Diag_CanOpen.st:135 (master) / :97 (joystick);FB_Diag_CanOpen.st:135 -> GVL_IHM.Network.BusCanOpen (PRG_07:630) et CanError (PRG_07:632);OUI - FB_Hmi_BannerFormatter.st:828 (bus) et :831 (joystick);OUI - "[CAN] Defaut bus CANopen" / "[CAN] Joystick JOY1 non detecte";NON;Safety (joystick = organe de commande);Conforme - auto-efface a la reconnexion (FB_Diag_CanOpen.st:100)
Reseau CANopen;Joystick JOY1 - esclave non operationnel (ErrorId 16#0002);FB_Diag_CanOpen.st:105 (ErrorId OR 16#0002);FB_Diag_CanOpen.st:105 -> GVL_IHM.Network.Joystick (PRG_07:631);OUI - FB_Hmi_BannerFormatter.st:831 (via Operational);OUI - "[CAN] Joystick JOY1 non detecte";NON;Safety;Conforme
Reseau IHM;Heartbeat IHM - timeout (aucun bit de defaut produit);CODE/C_DIAG_RESEAUX/FB_Diag_IhmHeartbeat.st:65 (HeartbeatIhmTimeout := IhmTimeoutTon.Q);pas de bitfield : seule une BOOL HeartbeatIhmTimeout;NON - aucun libelle ne l'affiche;NON;NON (publication GVL_IHM.Commun.HeartbeatIhmTimeout PRG_07:411);Safety (consomme comme cause 0 des 3 blocs safety);ECART - le diagnostic existe et alimente les causes "perte communication operateur" (FB_Safety_Winch.st:269, FB_Safety_Translation.st:123, FB_CycleSemiAuto.st:472) mais n'a NI bit NI libelle propre : sa perte n'est visible qu'Indirectement, via une cause safety agregee
Preflight / armement;PreflightErrorId bits 0 a 15 (16 causes : freins non serres, contacteurs, thermiques, rotation phases, mou de cable, capteurs M3, chaine AU, codeurs, homing/position);CODE/A_COMMUN/FB_Acquisition_Preflight.st:68-83 (16 ecritures OR);FB_Acquisition_Preflight.st:68-83 -> GVL_IHM.Commun.Preflight.PreflightErrorId (PRG_07:444);NON - aucun libelle, aucune entree formateur;NON - aucun texte n'existe dans le code pour ces 16 bits;OUI (16 bits totalement muets);Safety (preconditions d'armement) / Process;ECART MAJEUR - 16 bits produits, publies en variable brute, jamais nommes. PreflightOk (FB_Acquisition_Preflight.st:87) n'est consomme par AUCUN code (PRG_07:441-444 publie sans consommateur) : le preflight est un diagnostic orphelin. Alerte deja remontee par T352 (OBJ-01/OBJ-02 de T278 jamais implementes).
Treuils (config);FB_SpeedStep.ConfigError / ConfigErrorId;CODE/H_TREUILS_BENNE/FB_SpeedStep.st:24-25 (declaration) - ecriture dans FB_SpeedStep (table des paliers invalide);FB_SpeedStep -> consomme uniquement par FB_Winch.st:113;NON;NON;OUI;Process;ECART - ce diagnostic n'existe que sous forme d'entree du FB_Winch (bit 2 du Fault FB_Winch, lui-meme silencieux) : aucun niveau IHM propre
Bandeau (sens inverse);Label [DIVE] ErrorID:01 a 07 (7 entrees du carrousel);Aucune - les 7 entrees decodent DiveErrorId;Aucune - DiveErrorId := 0 en dur (PRG_07:772);NON (l'entree existe mais ne peut JAMAIS s'allumer);OUI - textes presents dans FB_Hmi_BannerFormatter.st:1022-1040;N/A (message fantome);N/A;ECART - FB_DiveSearch a ete supprime (PRG_03_Modes_Cycle.st:176/418, FB_TroubleshootingView.st:371) mais ses 7 entrees de carrousel subsistent : code mort qui fera croire a un canal d'alarme inexistant
Bandeau (sens inverse);Label [EXTRACTION] ErrorID:01 a 04 (4 entrees du carrousel);Aucune - les 4 entrees decodent ExtractionErrorId;Aucune - ExtractionErrorId := 0 en dur (PRG_07:773);NON (ne peut jamais s'allumer);OUI - textes presents dans FB_Hmi_BannerFormatter.st:1043-1052;N/A (message fantome);N/A;ECART - FB_ExtractionAssist supprime (PRG_03_Modes_Cycle.st:176/418) ; 4 entrees mortes de plus
Message utilisateur;Notion de "message d'action utilisateur" associee a un defaut;ST_FaultCause.Texte (CODE/A_COMMUN/_TYPES/ST_FaultCause.st:19) - 82 textes de causes ecrits;Les 82 ecritures instCauses[i].Texte : jamais lues dans CODE/ (aucune lecture de .Texte dans les 262 fichiers) ; le carrousel reecrit ses propres libelles;NON (le Texte des causes n'alimente aucun canal);NON - les libelles du carrousel sont une SECONDE table, ecrite a la main dans FB_Hmi_BannerFormatter.st:812-1220;N/A;N/A;ECART STRUCTUREL MAJEUR - il existe DEUX tables de texte non reliees : les 82 libelles de causes (morts) et les 114 libelles du carrousel (vivants). Aucun mecanisme ne garantit leur coherence, et rien ne relie un bit a un texte. Aucune "action utilisateur" n'est structuree par defaut de cause : les seules actions sont les branches generiques de FB_Hmi_BannerFormatter.st:695-789 (par etape de cycle / direction), plus 2 actions specifiques liees au bit 6 (limite basse cable, FB_Hmi_BannerFormatter.st:766-784).
