terme,fichier,ligne
PRG_06_Outputs.EmergencyDiag.Error,CODE/M_MAIN/PRG_07_Supervision.st,587
PRG_02_Acquisition.Data.InputModules.Fault,CODE/M_MAIN/PRG_07_Supervision.st,587
PRG_03_Modes_Cycle.Data.ModesFault.Error,CODE/M_MAIN/PRG_07_Supervision.st,587
PRG_03_Modes_Cycle.Data.ModesFault.Latched,CODE/M_MAIN/PRG_07_Supervision.st,587
GVL_IHM.M1TreuilRetenue.Safety.Error,CODE/M_MAIN/PRG_07_Supervision.st,587
GVL_IHM.M2TreuilBenne.Safety.Error,CODE/M_MAIN/PRG_07_Supervision.st,587
GVL_IHM.M3Translation.Safety.Error,CODE/M_MAIN/PRG_07_Supervision.st,587
GVL_IHM.M1M2Sync.State.Error,CODE/M_MAIN/PRG_07_Supervision.st,587
GVL_IHM.M2TreuilBenne.Bucket.State.Error,CODE/M_MAIN/PRG_07_Supervision.st,587
GVL_IHM.CycleSemiAuto.State.Error,CODE/M_MAIN/PRG_07_Supervision.st,587
GVL_IHM.JOY1Joystick.State.Error,CODE/M_MAIN/PRG_07_Supervision.st,587
