producteur,fichier,bit,masque_hex,texte_cause,ligne_texte,expr_active,ligne_ecriture_bit,latching,amont_ecrit_true,index_symbolique
FB_Brake,CODE/A_COMMUN/FB_Brake.st,0,16#0001,Incoherence retour contacteur frein,128,L81:FALSE | L126:NOT BypassContactorCheck AND (ContactorCheck.StuckClosed OR ContactorCheck.StuckOpen OR (TonFeedback.Q AND (BrakeCmd <> ContactorFeedback))),81,L82:TRUE | L127:TRUE,BrakeCmd (CODE/A_COMMUN/FB_Brake.st:96),
FB_Safety_EmergencyManagement,CODE/B_AU_SECURITE/FB_Safety_EmergencyManagement.st,0,16#0001,Defaut redondance contacteurs AU,491,L490:RedundancyTestFailed,490,L490:TRUE,,
FB_Safety_EmergencyManagement,CODE/B_AU_SECURITE/FB_Safety_EmergencyManagement.st,1,16#0002,Echec rearmement contacteur AU (timeout),493,L492:EmergencyArmingFailed,492,L492:TRUE,,
FB_Safety_EmergencyManagement,CODE/B_AU_SECURITE/FB_Safety_EmergencyManagement.st,2,16#0004,,495,L494:FALSE,494,L494:FALSE,,
FB_Safety_EmergencyManagement,CODE/B_AU_SECURITE/FB_Safety_EmergencyManagement.st,3,16#0008,Echec autotest demarrage AU,497,L496:StartupFail,496,L496:TRUE,,
FB_Joystick,CODE/D_JOYSTICK/FB_Joystick.st,0,16#0001,Echec calibration joystick (RawX/Y hors zone),140,L139:CalibFail,139,L139:TRUE,CalibFail (CODE/D_JOYSTICK/FB_Joystick.st:127),
FB_Joystick,CODE/D_JOYSTICK/FB_Joystick.st,1,16#0002,Capteur joystick hors plage ADC,142,L141:RawOutOfRange,141,L141:FALSE,,
FB_Joystick,CODE/D_JOYSTICK/FB_Joystick.st,2,16#0004,Perte liaison bus CAN joystick,144,L143:BusLost,143,L143:FALSE,,
FB_Encoder,CODE/E_CODEURS/FB_Encoder.st,0,16#0001,Perte materiel / communication codeur EtherCAT,227,L226:NOT instAbs.EncoderAvailable,226,L226:FALSE,,
FB_Encoder,CODE/E_CODEURS/FB_Encoder.st,1,16#0002,Incoherence mesure / saut de position codeur,229,L228:instSafety.EncoderIncoherent,228,L228:FALSE,,
FB_Encoder,CODE/E_CODEURS/FB_Encoder.st,2,16#0004,Echec confirmation transaction preset codeur,231,L230:instHoming.PresetConfirmationFailed,230,L230:TRUE,,
FB_Encoder_Abs,CODE/E_CODEURS/FB_Encoder_Abs.st,0,16#0001,Defaut communication EtherCAT codeur absolu,77,L75:(AlarmsIn <> 0) OR NOT SlaveOperational,75,L76:FALSE,,
FB_Encoder_Abs,CODE/E_CODEURS/FB_Encoder_Abs.st,1,16#0002,Timeout sequence preset SDO codeur,85,L83:PresetTimeoutError,83,L84:TRUE,PresetTimeoutError (CODE/E_CODEURS/FB_Encoder_Abs.st:153),
FB_Encoder_Homing,CODE/E_CODEURS/FB_Encoder_Homing.st,0,16#0001,Homing non autorise dans ce mode,138,L136:HomingModeError,136,L137:TRUE,HomingModeError (CODE/E_CODEURS/FB_Encoder_Homing.st:203),
FB_Encoder_Homing,CODE/E_CODEURS/FB_Encoder_Homing.st,1,16#0002,Cible de homing hors plage,142,L140:TargetOutOfRangeError,140,L141:TRUE,TargetOutOfRangeError (CODE/E_CODEURS/FB_Encoder_Homing.st:227),
FB_Encoder_Homing,CODE/E_CODEURS/FB_Encoder_Homing.st,2,16#0004,Echec confirmation transaction preset,146,L144:PresetFailError,144,L145:TRUE,PresetFailError (CODE/E_CODEURS/FB_Encoder_Homing.st:274),
FB_Encoder_Homing,CODE/E_CODEURS/FB_Encoder_Homing.st,3,16#0008,Incoherence position codeur au demarrage,150,L148:BootIncoherentError,148,L149:TRUE,BootIncoherentError (CODE/E_CODEURS/FB_Encoder_Homing.st:186),
FB_Encoder_Safety,CODE/E_CODEURS/FB_Encoder_Safety.st,0,16#0001,Depassement bornes physiques absolues cable,55,L53:NOT BypassGlobal AND ((CablePosM < PositionMinM) OR (CablePosM > PositionMaxM)),53,L54:FALSE,,
FB_Encoder_Safety,CODE/E_CODEURS/FB_Encoder_Safety.st,1,16#0002,Incoherence position au redemarrage,59,L57:NOT BypassGlobal AND HomingSuspect,57,L58:FALSE,,
FB_Modes,CODE/F_MODES/FB_Modes.st,0,16#0001,Mode Semi-Auto selectionne mais cycle non pret : defaut codeur present,165,L163:SemiAutoCycleNotReadyFault,163,L164:FALSE,,
FB_Modes,CODE/F_MODES/FB_Modes.st,1,16#0002,Changement de mode refuse : arreter les treuils avant de changer de mode,181,L179:Auth.ModeChangePendingBlocked,179,L180:FALSE,,
FB_Modes,CODE/F_MODES/FB_Modes.st,2,16#0004,Semi-Auto selectionne : re-homing obligatoire,169,L167:SemiAutoCycleNotReadyHoming,167,L168:FALSE,,
FB_Modes,CODE/F_MODES/FB_Modes.st,3,16#0008,Semi-Auto selectionne : referencement incomplet,173,L171:SemiAutoCycleNotReadyMachineHoming,171,L172:FALSE,,
FB_CycleMachineHoming,CODE/G_CYCLE/FB_CycleMachineHoming.st,0,16#0001,Perte de datum machine en mouvement : re-referencer,436,L434:HomingLossLatched OR ReHomingAckRequired,434,L435:TRUE,HomingLossLatched (CODE/G_CYCLE/FB_CycleMachineHoming.st:347) ; ReHomingAckRequired (CODE/G_CYCLE/FB_CycleMachineHoming.st:359),CST_CauseHomingLostInMotion
FB_CycleMachineHoming,CODE/G_CYCLE/FB_CycleMachineHoming.st,1,16#0002,Montee au capteur haut non aboutie dans le temps imparti,440,L438:ClimbTimedOut,438,L439:TRUE,,CST_CauseClimbTimeout
FB_CycleMachineHoming,CODE/G_CYCLE/FB_CycleMachineHoming.st,2,16#0004,Mouvement treuil detecte hors phase autorisee du cycle,444,L442:MotionOutOfPhase,442,L443:TRUE,,CST_CauseMotionOutOfPhase
FB_CycleMachineHoming,CODE/G_CYCLE/FB_CycleMachineHoming.st,3,16#0008,Erreur de homing codeur M1 pendant le referencement conjoint,448,L446:CycleRunning AND M1Status.HomingError,446,L447:TRUE,,CST_CauseHomingErrorM1
FB_CycleMachineHoming,CODE/G_CYCLE/FB_CycleMachineHoming.st,4,16#0010,Erreur de homing codeur M2 pendant le referencement conjoint,452,L450:CycleRunning AND M2Status.HomingError,450,L451:TRUE,,CST_CauseHomingErrorM2
FB_CycleMachineHoming,CODE/G_CYCLE/FB_CycleMachineHoming.st,5,16#0020,Homing des axes non obtenu dans le temps imparti,456,L454:HomeAxesTimedOut,454,L455:TRUE,,CST_CauseHomeAxesTimeout
FB_CycleMachineHoming,CODE/G_CYCLE/FB_CycleMachineHoming.st,6,16#0040,Descente interdite pendant le referencement verrouille,460,L458:LockedDescentRefused,458,L459:TRUE,LockedDescentRefused (CODE/G_CYCLE/FB_CycleMachineHoming.st:280),CST_CauseLockedDescentReq
FB_CycleSemiAuto,CODE/G_CYCLE/FB_CycleSemiAuto.st,0,16#0001,Limite legale de profondeur atteinte pendant descente,452,L446:LimitLegalReached AND ((State = E_AutoCycleStep.AX4_DESCEND_DIVING) OR (State = E_AutoCycleStep.AX5_KOBOLD_INIT) OR (State = E_AutoCycleStep.AX6_SEARCH_IMMERSION) OR (State = E_AutoCycleStep.AX7_SEARCH_BOTTOM)),446,L451:TRUE,,
FB_CycleSemiAuto,CODE/G_CYCLE/FB_CycleSemiAuto.st,1,16#0002,Desynchronisme treuils M1/M2 bloquant,466,L458:WinchSyncError AND (State <> E_AutoCycleStep.AX0_REPOS) AND (State <> E_AutoCycleStep.AX_STAB) AND (State <> E_AutoCycleStep.AX8_BOTTOM_CONFIRMED) AND (State <> E_AutoCycleStep.AX9_RAISE_OFF_BOTTOM) AND (State <> E_AutoCycleStep.AX10_CLOSE_BUCKET) AND (State <> E_AutoCycleStep.AX11_CTRL_ASCENT),458,L465:TRUE,,
FB_CycleSemiAuto,CODE/G_CYCLE/FB_CycleSemiAuto.st,2,16#0004,Ecart de vitesse M1/M2 confirme en montee,470,L468:SpeedMismatchConfirmed AND (State <> E_AutoCycleStep.AX0_REPOS) AND (State <> E_AutoCycleStep.AX_STAB),468,L469:TRUE,,
FB_CycleSemiAuto,CODE/G_CYCLE/FB_CycleSemiAuto.st,3,16#0008,Perte communication IHM pendant cycle,474,L472:NOT HeartbeatIhmOk AND (State <> E_AutoCycleStep.AX0_REPOS) AND (State <> E_AutoCycleStep.AX_STAB),472,L473:TRUE,,
FB_CycleSemiAuto,CODE/G_CYCLE/FB_CycleSemiAuto.st,4,16#0010,Depassement tempo maximale d etape (blocage mouvement),478,L476:StepMaxTimer.Q AND (State <> E_AutoCycleStep.AX_STAB) AND NOT CycleChecksInhibited,476,L477:TRUE,,
FB_CycleSemiAuto,CODE/G_CYCLE/FB_CycleSemiAuto.st,5,16#0020,Defaut de stabilisation / tolerance ecart codeurs en remontee controle,485,L482:SpeedMismatchConfirmed AND (State = E_AutoCycleStep.AX11_CTRL_ASCENT),482,L484:TRUE,,
FB_CycleSemiAuto,CODE/G_CYCLE/FB_CycleSemiAuto.st,6,16#0040,Reserve - synchronisme arbitre exclusivement par PRG_04,492,L490:FALSE,490,L491:TRUE,,
FB_CycleSemiAuto,CODE/G_CYCLE/FB_CycleSemiAuto.st,7,16#0080,Treuils M1/M2 hors FDC haut pendant la translation vers P1,501,L497:NOT CycleChecksInhibited AND NOT WinchesAtTopWindow AND (State = E_AutoCycleStep.AX2_TRANSLATE_P1),497,L500:TRUE,,
FB_CycleSemiAuto,CODE/G_CYCLE/FB_CycleSemiAuto.st,8,16#0100,Palier vitesse > 4 (palier 5) pendant la plongee - interdit,512,L506:(((M1_SpeedStepApplied > CST_StepDive) OR (M2_SpeedStepApplied > DiveM2StepTgt))) AND ((State = E_AutoCycleStep.AX4_DESCEND_DIVING) OR (State = E_AutoCycleStep.AX5_KOBOLD_INIT) OR (State = E_AutoCycleStep.AX6_SEARCH_IMMERSION) OR (State = E_AutoCycleStep.AX7_SEARCH_BOTTOM)),506,L511:TRUE,,
FB_CycleSemiAuto,CODE/G_CYCLE/FB_CycleSemiAuto.st,9,16#0200,Palier 4 non confirme sur M1 et/ou M2 pendant la recherche Kobold,521,L517:PalierNot4Timer.Q AND NOT CycleChecksInhibited AND ((State = E_AutoCycleStep.AX6_SEARCH_IMMERSION) OR (State = E_AutoCycleStep.AX7_SEARCH_BOTTOM)),517,L520:TRUE,,
FB_CycleSemiAuto,CODE/G_CYCLE/FB_CycleSemiAuto.st,10,16#0400,Reserve - attente arret mecanique AX3 sans defaut temporel,525,L523:FALSE,523,L524:TRUE,,
FB_CycleSemiAuto,CODE/G_CYCLE/FB_CycleSemiAuto.st,11,16#0800,Consigne profondeur invalide ou sous la limite legale,531,L527:(State = E_AutoCycleStep.AX7_SEARCH_BOTTOM) AND (DepthStopMode <> E_CycleDepthStopMode.KOBOLD_ONLY) AND NOT DepthSetpointValid,527,L530:TRUE,,
FB_Bucket,CODE/H_TREUILS_BENNE/BENNE/FB_Bucket.st,0,16#0001,Configuration geometrie benne invalide,191,L189:CfgFaultLatched | L295:FALSE,189,L190:TRUE,CfgFaultLatched (CODE/H_TREUILS_BENNE/BENNE/FB_Bucket.st:187),
FB_Bucket,CODE/H_TREUILS_BENNE/BENNE/FB_Bucket.st,1,16#0002,Depassement ecart maximum autorise benne,217,L215:OffsetMaxFaultLatched | L296:FALSE,215,L216:TRUE,OffsetMaxFaultLatched (CODE/H_TREUILS_BENNE/BENNE/FB_Bucket.st:213),
FB_Bucket,CODE/H_TREUILS_BENNE/BENNE/FB_Bucket.st,2,16#0004,Timeout commande deplacement benne,271,L269:TimeoutFaultLatched | L297:FALSE,269,L270:TRUE,TimeoutFaultLatched (CODE/H_TREUILS_BENNE/BENNE/FB_Bucket.st:261),
FB_Bucket,CODE/H_TREUILS_BENNE/BENNE/FB_Bucket.st,3,16#0008,Glissement treuil M1 pendant manoeuvre benne,280,L278:M1SlipFaultLatched | L298:FALSE,278,L279:TRUE,M1SlipFaultLatched (CODE/H_TREUILS_BENNE/BENNE/FB_Bucket.st:276),
FB_Bucket,CODE/H_TREUILS_BENNE/BENNE/FB_Bucket.st,4,16#0010,Codeurs treuils non references pour sequence benne,288,L286:HomingMotionWithoutReference | L299:FALSE,286,L287:FALSE,,
FB_Safety_Winch,CODE/H_TREUILS_BENNE/FB_Safety_Winch.st,0,16#0001,Perte communication operateur treuil,274,L269:(NOT JoystickOnline OR NOT JoystickOperational OR NOT HeartbeatIhmOk) | L271:FALSE,269,L273:FALSE,,
FB_Safety_Winch,CODE/H_TREUILS_BENNE/FB_Safety_Winch.st,1,16#0002,Perte ou defaut codeur treuil,282,L280:EncoderFaultLatched,280,L281:TRUE,EncoderFaultLatched (CODE/H_TREUILS_BENNE/FB_Safety_Winch.st:278),
FB_Safety_Winch,CODE/H_TREUILS_BENNE/FB_Safety_Winch.st,2,16#0004,Surchauffe thermique moteur treuil,290,L288:MotorThermalFaultLatched,288,L289:TRUE,MotorThermalFaultLatched (CODE/H_TREUILS_BENNE/FB_Safety_Winch.st:286),
FB_Safety_Winch,CODE/H_TREUILS_BENNE/FB_Safety_Winch.st,3,16#0008,Detection mou de cable treuil,299,L294:TRUE | L296:FALSE,294,L298:FALSE,,
FB_Safety_Winch,CODE/H_TREUILS_BENNE/FB_Safety_Winch.st,4,16#0010,Defaut rotation de phases treuil,307,L305:PhaseRotationFaultLatched,305,L306:TRUE,PhaseRotationFaultLatched (CODE/H_TREUILS_BENNE/FB_Safety_Winch.st:303),
FB_Safety_Winch,CODE/H_TREUILS_BENNE/FB_Safety_Winch.st,5,16#0020,Fin de course haut capteur atteint,316,L311:TRUE | L313:FALSE,311,L315:FALSE,,
FB_Safety_Winch,CODE/H_TREUILS_BENNE/FB_Safety_Winch.st,6,16#0040,Limite basse cable atteinte,325,L320:TRUE | L322:FALSE,320,L324:FALSE,,
FB_Safety_Winch,CODE/H_TREUILS_BENNE/FB_Safety_Winch.st,7,16#0080,Derive non commandee treuil (Meca A),337,L335:MecaAFaultLatched,335,L336:TRUE,,
FB_Safety_Winch,CODE/H_TREUILS_BENNE/FB_Safety_Winch.st,8,16#0100,Absence confirmation arret contacteurs/frein (Meca B),350,L348:MecaBFaultLatched,348,L349:TRUE,,
FB_Safety_Winch,CODE/H_TREUILS_BENNE/FB_Safety_Winch.st,9,16#0200,Glissement treuil pendant cycle benne (Meca C),362,L360:MecaCFaultLatched,360,L361:TRUE,,
FB_Safety_Winch,CODE/H_TREUILS_BENNE/FB_Safety_Winch.st,10,16#0400,Surchauffe thermique frein treuil,370,L368:BrakeThermalFaultLatched,368,L369:TRUE,BrakeThermalFaultLatched (CODE/H_TREUILS_BENNE/FB_Safety_Winch.st:366),
FB_Safety_Winch,CODE/H_TREUILS_BENNE/FB_Safety_Winch.st,11,16#0800,Escalade fin de course haut (Meca D),387,L385:MecaDFaultLatched,385,L386:TRUE,,
FB_Safety_Winch,CODE/H_TREUILS_BENNE/FB_Safety_Winch.st,12,16#1000,Ecart critique synchronisation treuil (Meca E),401,L399:MecaEFaultLatched,399,L400:TRUE,MecaEFaultLatched (CODE/H_TREUILS_BENNE/FB_Safety_Winch.st:397),
FB_Safety_Winch,CODE/H_TREUILS_BENNE/FB_Safety_Winch.st,13,16#2000,Escalade ecart synchronisation (Meca E),416,L414:MecaEEscaladeFaultLatched,414,L415:TRUE,MecaEEscaladeFaultLatched (CODE/H_TREUILS_BENNE/FB_Safety_Winch.st:412),
FB_Safety_Winch,CODE/H_TREUILS_BENNE/FB_Safety_Winch.st,14,16#4000,Sens reel oppose a la commande treuil,429,L427:OppositeDirectionFaultLatched,427,L428:TRUE,,
FB_Safety_Winch,CODE/H_TREUILS_BENNE/FB_Safety_Winch.st,15,16#8000,Absence mouvement malgre commande treuil,447,L445:NoMovementFaultLatched,445,L446:TRUE,,
FB_Winch,CODE/H_TREUILS_BENNE/FB_Winch.st,1,16#0002,Contacteur colle gere par FB_Safety_Winch ,122,L120:FALSE,120,L121:TRUE,,
FB_Winch,CODE/H_TREUILS_BENNE/FB_Winch.st,2,16#0004,Configuration table des paliers vitesse invalide,126,L124:SpeedStepConfigFaultLatched,124,L125:TRUE,SpeedStepConfigFaultLatched (CODE/H_TREUILS_BENNE/FB_Winch.st:114),
FB_WinchLoadEstimator,CODE/H_TREUILS_BENNE/FB_WinchLoadEstimator.st,0,16#0001,Parametrage ou vitesse estimation charge invalide,67,L65:ConfigOrSpeedFault,65,L66:TRUE,ConfigOrSpeedFault (CODE/H_TREUILS_BENNE/FB_WinchLoadEstimator.st:94),
FB_WinchOutputInterlock,CODE/H_TREUILS_BENNE/FB_WinchOutputInterlock.st,0,16#0001,Timeout confirmation ouverture frein treuil,530,L528:((ErrorId AND 16#0001) <> 16#0000),528,L529:TRUE,,
FB_WinchSync,CODE/H_TREUILS_BENNE/FB_WinchSync.st,0,16#0001,Alerte ecart synchronisation M1/M2,173,L101:FALSE | L171:instDeviation.SyncDeviationWarn | L183:FALSE,101,L172:FALSE,,
FB_WinchSync,CODE/H_TREUILS_BENNE/FB_WinchSync.st,1,16#0002,Discordance contacteurs treuils M1/M2,177,L102:FALSE | L175:instContactor.ContactorMismatch | L184:FALSE,102,L176:TRUE,,
FB_WinchSync,CODE/H_TREUILS_BENNE/FB_WinchSync.st,2,16#0004,Ecart critique synchronisation treuils M1/M2,181,L103:FALSE | L179:instDeviation.SyncDeviationFault | L185:FALSE,103,L180:TRUE,,
FB_Safety_Translation,CODE/I_TRANSLATION/FB_Safety_Translation.st,0,16#0001,Perte communication operateur translation,128,L123:(NOT JoystickOnline OR NOT JoystickOperational OR NOT HeartbeatIhmOk) | L125:FALSE,123,L127:FALSE,,
FB_Safety_Translation,CODE/I_TRANSLATION/FB_Safety_Translation.st,1,16#0002,Perte communication EtherCAT variateur M3,137,L132:(NOT DriveOnline OR NOT DriveOperational) | L134:FALSE,132,L136:FALSE,,
FB_Safety_Translation,CODE/I_TRANSLATION/FB_Safety_Translation.st,2,16#0004,Defaut rotation de phases,145,L143:PhaseRotationFault,143,L144:TRUE,PhaseRotationFault (CODE/I_TRANSLATION/FB_Safety_Translation.st:141),
FB_Safety_Translation,CODE/I_TRANSLATION/FB_Safety_Translation.st,3,16#0008,Surchauffe thermique frein translation,153,L151:BrakeThermalFault,151,L152:TRUE,BrakeThermalFault (CODE/I_TRANSLATION/FB_Safety_Translation.st:149),
FB_Safety_Translation,CODE/I_TRANSLATION/FB_Safety_Translation.st,4,16#0010,Absence confirmation arret translation (Meca B),177,L175:MecaBFault,175,L176:TRUE,,
FB_Safety_Translation,CODE/I_TRANSLATION/FB_Safety_Translation.st,5,16#0020,Mouvement non commande translation (Meca A),193,L191:MecaAFault,191,L192:TRUE,,
FB_Safety_Translation,CODE/I_TRANSLATION/FB_Safety_Translation.st,6,16#0040,Depassement limite extreme translation,209,L203:TonLimitSwitchOverrun.Q | L206:FALSE,203,L208:FALSE,,
FB_Safety_Translation,CODE/I_TRANSLATION/FB_Safety_Translation.st,7,16#0080,Incoherence combinaison capteurs translation,217,L215:SensorIncoherentFault,215,L216:TRUE,SensorIncoherentFault (CODE/I_TRANSLATION/FB_Safety_Translation.st:213),
FB_Translation,CODE/I_TRANSLATION/FB_Translation.st,0,16#0001,Defaut sequence ou retour frein translation,108,L106:Brake.Fault.Error,106,L107:FALSE,,
FB_Translation,CODE/I_TRANSLATION/FB_Translation.st,3,16#0008,Defaut variateur translation AC600,112,L110:DriveFaultLatching,110,L111:TRUE,DriveFaultLatching (CODE/I_TRANSLATION/FB_Translation.st:103),
FB_Translation,CODE/I_TRANSLATION/FB_Translation.st,6,16#0040,Limite extreme translation atteinte,129,L127:TonLimitSwitchOverrun.Q,127,L128:FALSE,,
FB_TranslationOutputInterlock,CODE/I_TRANSLATION/FB_TranslationOutputInterlock.st,0,16#0001,Timeout confirmation ouverture frein translation,117,L115:BrakeTimeoutCause OR NOT BrakeTimeoutAck,115,L116:TRUE,BrakeTimeoutCause (CODE/I_TRANSLATION/FB_TranslationOutputInterlock.st:96) ; BrakeTimeoutAck (CODE/I_TRANSLATION/FB_TranslationOutputInterlock.st:111),
