ID;Catégorie;Organe;Code Défaut;Message / Alarme affichée;Niveau;Cause;Action Utilisateur;Action Maintenance;Points de Test Matériels;Condition Déclenchement (Code ST);Fichier Source;Ligne
ALM_001;ACTIVE_ALARM;IO;-;[IO] Defaut module Local IO (DI8/DO8);BLOQUANT (SafeStop/Coupure);🔌 Défaut de communication interne ou panne matérielle du module CPU Local_Digital_IO (Slot 1).;🛑 Arrêt immédiat de la machine. Couper la commande au pupitre. Noter le code ALM_001.;🧰 Armoire : vérifier voyant ERR/RUN sur la CPU VEICHI. Contrôler alimentation 24Vcc et connectique nappe de fond de panier.;Automate VEICHI · Slot 1 Local_Digital_IO ➔ Voyants CPU : RUN Vert fixe, ERR Éteint ➔ Mesure : 24Vcc entre bornes +24V et 0V;NOT LocalIoValid AND (AlarmCount < CST_NbMaxAlarmes);FB_Hmi_BannerFormatter.st;682
ALM_002;ACTIVE_ALARM;IO;-;[IO] Defaut module VH0800END (DI8);BLOQUANT (SafeStop/Coupure);🔌 Défaut de communication coupleur ou coupure 24V sur le module d'entrées VH_0800END (Slot 3).;🛑 Couper les commandes au pupitre. Verrouiller le poste de conduite.;🧰 Armoire : vérifier clip de verrouillage fond de panier Slot 3. Mesurer alimentation 24Vcc sur le bornier du module VH_0800END.;Automate VEICHI · Slot 3 VH_0800END ➔ Mesure : 24Vcc sur bornes d'alimentation module ➔ LED PWR allumée verte;NOT Vh0800Valid AND (AlarmCount < CST_NbMaxAlarmes);FB_Hmi_BannerFormatter.st;685
ALM_003;ACTIVE_ALARM;IO;-;[IO] Defaut module VH0808ETP (DI8/DO8);BLOQUANT (SafeStop/Coupure);🔌 Défaut de communication ou panne d'alimentation du module mixte VH_0808ETP (Slot 2).;🛑 Interdiction translation et treuils au pupitre. Relever le code ALM_003.;🧰 Armoire : contrôler enfichage Slot 2 sur le rail DIN. Vérifier fusible protection 24Vcc de la carte VH_0808ETP.;Automate VEICHI · Slot 2 VH_0808ETP ➔ Mesure : 24Vcc sur bornes d'alimentation carte ➔ LED PWR allumée verte;NOT Vh0808Valid AND (AlarmCount < CST_NbMaxAlarmes);FB_Hmi_BannerFormatter.st;688
ALM_004;ACTIVE_ALARM;IO;-;[IO] Defaut module VH0008ER (DO8 Relais);BLOQUANT (SafeStop/Coupure);🔌 Défaut d'alimentation ou défaillance du module 8 sorties relais VH_0008ER (Slot 4 - Freins).;🛑 Interdiction des commandes treuils et translation au pupitre de commande.;🧰 Armoire : vérifier module Slot 4. Contrôler présence du 24Vcc sur les communs relais C0..C7 et la nappe interne.;Automate VEICHI · Slot 4 VH_0008ER ➔ Mesure : 24Vcc sur communs relais ➔ Vérifier étrier fond de panier bien enclenché;NOT Vh0008ErValid AND (AlarmCount < CST_NbMaxAlarmes);FB_Hmi_BannerFormatter.st;691
ALM_005;ACTIVE_ALARM;IO;-;[IO] Defaut module VH0008ER_1 (DO8 Relais);BLOQUANT (SafeStop/Coupure);🔌 Défaut de communication ou d'alimentation du module sorties relais VH_0008ER_1 (Slot 5 - Sécurité).;🛑 Frapper l'arrêt d'urgence au pupitre. Condamner le poste de conduite.;🧰 Armoire : vérifier Slot 5. Contrôler alimentation 24Vcc et boucle de maintien puissance PowerKeepAlive.;Automate VEICHI · Slot 5 VH_0008ER_1 ➔ Mesure : 24Vcc sur communs C6/C7 (%QX28.6/%QX28.7) ➔ Attendu : Relais fermés au réarmement puissance;NOT Vh0008Er1Valid AND (AlarmCount < CST_NbMaxAlarmes);FB_Hmi_BannerFormatter.st;694
ALM_006;ACTIVE_ALARM;CAN;-;[CAN] Defaut bus CANopen;BLOQUANT (SafeStop/Coupure);📡 Défaillance générale du bus CANopen maître CPU (câble blindé coupé, parasite sévère, bus éteint).;🛑 Arrêt des commandes. Couper puis réenclencher l'alimentation générale du pupitre.;🧰 Vérifier résistance 120 Ω à chaque extrémité du bus CAN. Contrôler le blindage et la continuité des lignes CAN_H et CAN_L.;Port CANopen CPU VEICHI ➔ Mesure hors tension : 60 Ω entre CAN_H et CAN_L ➔ Sous tension : ~2.5Vcc sur CAN_H et CAN_L par rapport au 0V;NOT CanBusValid AND (AlarmCount < CST_NbMaxAlarmes);FB_Hmi_BannerFormatter.st;697
ALM_007;ACTIVE_ALARM;CAN;-;[CAN] Joystick JOY1 non detecte;BLOQUANT (SafeStop/Coupure);📡 Joystick pupitre JOY1 non détecté sur le bus CANopen (Node ID 1 absent ou 24V pupitre coupé).;🕹️ Mettre le joystick physique au neutre mécanique. Couper et réarmer le commutateur pupitre.;🧰 Contrôler 24Vcc sur connecteur JOY1 sous pupitre. Vérifier l'état de la LED CANopen sous le manipulateur (Verte clignotante = Pre-Op).;Connecteur JOY1 sous pupitre ➔ Mesure : 24Vcc entre broche 1 (+) et broche 2 (0V) ➔ Câble CAN blindé 2 paires;CanBusValid AND NOT Joy1Valid AND (AlarmCount < CST_NbMaxAlarmes);FB_Hmi_BannerFormatter.st;700
ALM_008;ACTIVE_ALARM;ECAT;-;[ECAT] Defaut bus EtherCAT;BLOQUANT (SafeStop/Coupure);📡 Rupture de communication sur le maître EtherCAT automate (câble principal débranché ou perturbation CEM).;🛑 Arrêt des commandes machine. Noter code ALM_008 au pupitre.;🧰 Armoire : inspecter câble Ethernet blindé RJ45 partant du port EtherCAT CPU vers le premier esclave (variateur AC600).;Port EtherCAT CPU VEICHI ➔ LED Link/Act : Verte clignotante (trafic actif) ➔ Cordon Ethernet industriel blindé CAT5e/CAT6;NOT EcatBusValid AND (AlarmCount < CST_NbMaxAlarmes);FB_Hmi_BannerFormatter.st;703
ALM_009;ACTIVE_ALARM;M1;-;[M1] Codeur absolu COD1 non detecte (ECAT);BLOQUANT (SafeStop/Coupure);📡 Codeur absolu COD1 treuil levage M1 non détecté sur le bus EtherCAT (câble touret M12 coupé ou 24V manquant).;🛑 Ne pas tenter de manœuvrer le treuil M1. Rester au neutre au pupitre.;🧰 Treuil M1 : contrôler voyants LED (PWR, L/A) sur connecteur M12 du codeur COD1. Tester continuité des 4 paires du cordon en chaîne porte-câbles.;Codeur COD1 (Treuil M1) ➔ Port M12 IN ➔ Attendu : 24Vcc broches 1-3, LED L/A Verte clignotante;EcatBusValid AND NOT EncM1Valid AND (AlarmCount < CST_NbMaxAlarmes);FB_Hmi_BannerFormatter.st;706
ALM_010;ACTIVE_ALARM;M2;-;[M2] Codeur absolu COD2 non detecte (ECAT);BLOQUANT (SafeStop/Coupure);📡 Codeur absolu COD2 treuil benne M2 non détecté sur le bus EtherCAT (câble touret M12 coupé ou 24V manquant).;🛑 Ne pas tenter de manœuvrer le treuil M2. Rester au neutre au pupitre.;🧰 Treuil M2 : contrôler voyants LED (PWR, L/A) sur connecteur M12 du codeur COD2. Tester cordon chaîne porte-câbles et disjoncteur 24V capteurs.;Codeur COD2 (Treuil M2) ➔ Port M12 IN ➔ Attendu : 24Vcc broches 1-3, LED L/A Verte clignotante;EcatBusValid AND NOT EncM2Valid AND (AlarmCount < CST_NbMaxAlarmes);FB_Hmi_BannerFormatter.st;709
ALM_011;ACTIVE_ALARM;M3;-;[M3] Variateur AC600 non detecte (ECAT);BLOQUANT (SafeStop/Coupure);📡 Variateur translation AC600 non détecté sur le bus EtherCAT (drive éteint ou câble RJ45 déconnecté).;🛑 Translation M3 immobilisée. Ne pas insister sur les commandes.;🧰 Armoire : vérifier disjoncteur alimentation Q_Drive variateur. Contrôler voyant LINK sur port RJ45 EtherCAT du drive AC600.;Variateur AC600 ➔ Port RJ45 EtherCAT IN ➔ Attendu : LED Link verte fixe/clignotante ➔ Disjoncteur drive enclenché;EcatBusValid AND NOT VarM3Valid AND (AlarmCount < CST_NbMaxAlarmes);FB_Hmi_BannerFormatter.st;712
ALM_012;ACTIVE_ALARM;M1;ErrorID:01;[M1] ErrorID:01 - perte com operateur;BLOQUANT (SafeStop/Coupure);📡 Perte de communication avec le pupitre ou heartbeat IHM interrompu pendant la commande de levage M1.;🕹️ Mettre les manipulateurs au neutre au pupitre. Vérifier l'écran IHM.;🧰 Contrôler le réseau Ethernet IHM-PLC et l'alimentation 24V de la dalle tactile de supervision.;Port Ethernet IHM ➔ Ping IP automate VEICHI ➔ Diagnostic variable GVL_IHM.Commun.HeartbeatIhmOk;WinchM1Safety.ErrorOperatorComm AND Joy1Valid AND (AlarmCount < CST_NbMaxAlarmes);FB_Hmi_BannerFormatter.st;721
ALM_013;ACTIVE_ALARM;M1;ErrorID:02;[M1] ErrorID:02 - perte codeur;BLOQUANT (SafeStop/Coupure);📡 Perte de signal ou anomalie trame du codeur treuil M1 en mouvement (perte comptage position).;🛑 Arrêt du treuil M1. Ne pas passer en mode automatique. Mettre au neutre.;🧰 Vérifier fixation mécanique de l'axe codeur COD1 sur le tambour treuil M1. Contrôler connecteur M12 et blindage.;Codeur COD1 Treuil M1 ➔ Variable PRG_02_Acquisition.Data.EncoderM1.Measurement.EncoderAvailable ➔ Attendu : TRUE;WinchM1Safety.ErrorEncoder AND EncM1Valid AND (AlarmCount < CST_NbMaxAlarmes);FB_Hmi_BannerFormatter.st;724
ALM_014;ACTIVE_ALARM;M1;ErrorID:05;[M1] ErrorID:05 - rotation phases;BLOQUANT (SafeStop/Coupure);⚡ Détection d'une inversion de phase 400V ou coupure de phase pendant l'exploitation du treuil M1.;🛑 Arrêt immédiat de la machine. Couper les commandes au pupitre.;🧰 Contrôler le relais de surveillance des phases en armoire tête. Mesurer tension 400Vac entre phases L1, L2, L3.;VH_0800END · Borne %IX225.4 (PhaseRotationOk_DI) ➔ Attendu : 24Vcc normal ➔ 0V si défaut phase;WinchM1Safety.ErrorPhaseRotation AND Vh0800Valid AND (AlarmCount < CST_NbMaxAlarmes);FB_Hmi_BannerFormatter.st;727
ALM_015;ACTIVE_ALARM;M1;ErrorID:08;[M1] ErrorID:08 - MecaA - deplacement sans commande (vitesse/derive);BLOQUANT (SafeStop/Coupure);🚨 Dérive non commandée M1 (Meca A) : rotation du tambour détectée > 5.0m alors que les commandes et le frein sont coupés.;🛑 NE TOUCHER À RIEN. Enclencher l'Arrêt d'Urgence coup de poing pupitre si le tambour continue de tourner sous la charge.;⚠️ DANGER GRAVITATIONNEL : Interdire l'accès sous la flèche. Armoire : mesurer 0V sur bobine frein M1. Remplacer les garnitures si patinage mécanique.;VH_0008ER · %QX27.0 = 0 | VH_0800END · %IX225.0 = 0V ➔ Mesure bornier frein treuil M1 : 0V strict;WinchM1Safety.ErrorMecaA AND EncM1Valid AND (AlarmCount < CST_NbMaxAlarmes);FB_Hmi_BannerFormatter.st;730
ALM_016;ACTIVE_ALARM;M1;ErrorID:09;[M1] ErrorID:09 - MecaB - arret non confirme apres stop;BLOQUANT (SafeStop/Coupure);⏱️ Absence confirmation arrêt M1 (Meca B) : contacteurs ou frein restés enclenchés > 3s après retour au neutre du manipulateur.;🕹️ Manipulateur M1 au neutre. Contrôler visuellement l'arrêt complet du tambour treuil.;🧰 Armoire : vérifier si contacteur KM_M1 ou relais de défreinage reste mécaniquement coincé fermé. Contrôler varistance anti-arc.;Local_Digital_IO · %IX0.0 (M1_ContactorsReleased_DI) ➔ Attendu repos : 24V | VH_0800END · %IX225.0 (BrakeOpen) ➔ Attendu repos : 0V;WinchM1Safety.ErrorMecaB AND EncM1Valid AND (AlarmCount < CST_NbMaxAlarmes);FB_Hmi_BannerFormatter.st;733
ALM_017;ACTIVE_ALARM;M1;ErrorID:10;[M1] ErrorID:10 - MecaC - glissement pendant benne figee;BLOQUANT (SafeStop/Coupure);🚨 Glissement M1 pendant cycle benne (Meca C) : le treuil M1 a dérivé de plus de 2.0m alors qu'il devait maintenir la charge immobile.;🛑 Arrêt immédiat de l'action benne. Mettre les manipulateurs au neutre au pupitre.;🧰 Contrôler le couple de serrage du frein treuil M1. Vérifier si la bobine de défreinage M1 n'a pas reçu d'alimentation parasite.;Mesure multimètre DC aux bornes bobine frein M1 pendant fermeture benne : 0V strict ➔ MecaCDriftM > 2.0m;WinchM1Safety.ErrorMecaC AND EncM1Valid AND EncM2Valid AND (AlarmCount < CST_NbMaxAlarmes);FB_Hmi_BannerFormatter.st;736
ALM_018;ACTIVE_ALARM;M1;ErrorID:12;[M1] ErrorID:12 - MecaD - non-arret au capteur haut;BLOQUANT (SafeStop/Coupure);🚨 Non-arrêt capteur haut M1 (Meca D) : le treuil a franchi le fin de course haut sans que l'arrêt ne soit confirmé sous 3s.;🛑 ARRÊT IMMÉDIAT. Ne pas tenter de forcer la montée. Vérifier que la tête de flèche n'est pas en butée.;🧰 Contrôler détecteur inductif fin de course haut M1M2_TopPositionFree_DI (%IX0.7). Vérifier la chaîne de coupure contacteurs montée.;Local_Digital_IO · Borne %IX0.7 (M1M2_TopPositionFree_DI) ➔ Attendu libre : 24V (Contact NC) | Ouvert en butée : 0V;WinchM1Safety.ErrorMecaD AND LocalIoValid AND EncM1Valid AND (AlarmCount < CST_NbMaxAlarmes);FB_Hmi_BannerFormatter.st;739
ALM_019;ACTIVE_ALARM;M1;ErrorID:13;[M1] ErrorID:13 - MecaE - ecart synchro M1/M2 critique;BLOQUANT (SafeStop/Coupure);🚨 Écart critique synchronisation M1/M2 (Meca E) : décalage entre câbles > 7.0m en mouvement couplé solidaire.;🕹️ Manipulateurs au neutre. Vérifier visuellement l'assiette et le comportement de la benne.;🧰 Relever positions codeurs M1 et M2 sur l'IHM. Vérifier si un tambour patine ou si un câble a sauté d'une gorge.;IHM Synchro ➔ Écart brut ABS(CablePosM1 - CablePosM2 + ActiveOffsetM) > 7.0m ➔ TonMecaE = 3s avant coupure puissance;WinchM1Safety.ErrorMecaE AND EncM1Valid AND EncM2Valid AND (AlarmCount < CST_NbMaxAlarmes);FB_Hmi_BannerFormatter.st;742
ALM_020;ACTIVE_ALARM;M1;ErrorID:15;[M1] ErrorID:15 - sens oppose;BLOQUANT (SafeStop/Coupure);🚨 Sens de rotation opposé M1 : le tambour tourne à l'envers de la commande demandée au manipulateur pendant plus de 1s.;🕹️ Ramener le manipulateur au neutre au pupitre. Ne pas forcer la commande.;🧰 Contrôler l'ordre des phases moteur sur contacteurs montée/descente KM1/KM2 en armoire. Vérifier polarité de comptage codeur COD1.;Codeur COD1 Treuil M1 ➔ Mesure : Vitesse signée SignedSpeed_Mps ➔ Attendu : Même polarité que l'ordre RelayFwd/RelayRev;WinchM1Safety.ErrorOppositeDir AND EncM1Valid AND (AlarmCount < CST_NbMaxAlarmes);FB_Hmi_BannerFormatter.st;745
ALM_021;ACTIVE_ALARM;M1;ErrorID:16;[M1] ErrorID:16 - discordance commande/retour/mouvement;BLOQUANT (SafeStop/Coupure);⏱️ Absence de mouvement M1 : commande active et freins ouverts mais aucune progression de câble mesurée après 3s.;🕹️ Ramener manipulateur au neutre. Vérifier visuellement si le câble ou le tambour est bloqué mécaniquement.;🧰 Armoire : vérifier disjoncteur moteur Q_M1 et présence tension 400Vac en sortie contacteurs de sens. Contrôler décollement mécanique frein.;Local_Digital_IO · Borne %IX0.1 (M1_ThermalOk_DI) ➔ Mesure : 400Vac bornes moteur ➔ Attendu repos : 24Vcc sur %IX0.1 et 400Vac en commande;WinchM1Safety.ErrorNoMovement AND EncM1Valid AND (AlarmCount < CST_NbMaxAlarmes);FB_Hmi_BannerFormatter.st;748
ALM_022;ACTIVE_ALARM;M1;-;[M1] Survitesse treuil detectee (SafeStop);BLOQUANT (SafeStop/Coupure);⚠️ Survitesse treuil M1 détectée par le codeur COD1 au-delà de la bande maximale autorisée (SafeStop déclenché).;🕹️ Manipulateur M1 au neutre. Laisser le treuil s'immobiliser sous rampe contrôlée.;🧰 Contrôler l'accouplement mécanique du codeur COD1. Vérifier si la charge n'entraîne pas le tambour au-delà de la vitesse nominale.;Diagnostic IHM ➔ Vitesse mesurée Speed_Mps > SpeedBandMaxMps[5] ➔ SafeStop actif sans PowerCutOff;WinchM1Safety.ErrorOverspeed AND EncM1Valid AND (AlarmCount < CST_NbMaxAlarmes);FB_Hmi_BannerFormatter.st;751
ALM_023;ACTIVE_ALARM;M2;ErrorID:01;[M2] ErrorID:01 - perte com operateur;BLOQUANT (SafeStop/Coupure);📡 Perte de communication opérateur ou coupure heartbeat IHM pendant la commande du treuil benne M2.;🕹️ Ramener manipulateur benne au neutre au pupitre. Contrôler l'écran tactile.;🧰 Contrôler le commutateur pupitre et la liaison Ethernet IHM-automate.;Port Ethernet IHM ➔ Ping IP automate VEICHI ➔ GVL_IHM.Commun.HeartbeatIhmOk;WinchM2Safety.ErrorOperatorComm AND Joy1Valid AND (AlarmCount < CST_NbMaxAlarmes);FB_Hmi_BannerFormatter.st;756
ALM_024;ACTIVE_ALARM;M2;ErrorID:02;[M2] ErrorID:02 - perte codeur;BLOQUANT (SafeStop/Coupure);📡 Perte de signal ou défaut de mesure du codeur absolu treuil M2 COD2.;🛑 Arrêt des manœuvres benne. Manipulateurs au neutre au pupitre.;🧰 Contrôler le câble blindé M12 et la fixation de l'axe codeur COD2 sur le tambour M2.;Codeur COD2 Treuil M2 ➔ Variable PRG_02_Acquisition.Data.EncoderM2.Measurement.EncoderAvailable ➔ Attendu : TRUE;WinchM2Safety.ErrorEncoder AND EncM2Valid AND (AlarmCount < CST_NbMaxAlarmes);FB_Hmi_BannerFormatter.st;759
ALM_025;ACTIVE_ALARM;M2;ErrorID:05;[M2] ErrorID:05 - rotation phases;BLOQUANT (SafeStop/Coupure);⚡ Inversion ou coupure d'une phase réseau 400V pendant l'exploitation du treuil benne M2.;🛑 Arrêt immédiat de la machine. Couper les commandes au pupitre.;🧰 Contrôler le relais de surveillance des phases en armoire tête. Mesurer tension triphasée 400Vac.;VH_0800END · Borne %IX225.4 (PhaseRotationOk_DI) ➔ Attendu : 24Vcc normal;WinchM2Safety.ErrorPhaseRotation AND Vh0800Valid AND (AlarmCount < CST_NbMaxAlarmes);FB_Hmi_BannerFormatter.st;762
ALM_026;ACTIVE_ALARM;M2;ErrorID:08;[M2] ErrorID:08 - MecaA - deplacement sans commande (vitesse/derive);BLOQUANT (SafeStop/Coupure);🚨 Dérive non commandée M2 (Meca A) : rotation du tambour treuil benne > 5.0m sans commande active.;🛑 NE TOUCHER À RIEN. Enclencher l'Arrêt d'Urgence pupitre si la benne descend toute seule.;⚠️ DANGER : Condamner le pupitre. Armoire : mesurer 0V sur bobine frein M2. Remplacer les garnitures si patinage mécanique.;VH_0008ER · %QX27.1 = 0 | VH_0800END · %IX225.1 = 0V ➔ Mesure bornier frein treuil M2 : 0V strict;WinchM2Safety.ErrorMecaA AND EncM2Valid AND (AlarmCount < CST_NbMaxAlarmes);FB_Hmi_BannerFormatter.st;765
ALM_027;ACTIVE_ALARM;M2;ErrorID:09;[M2] ErrorID:09 - MecaB - arret non confirme apres stop;BLOQUANT (SafeStop/Coupure);⏱️ Absence confirmation arrêt M2 (Meca B) : contacteurs ou frein M2 restés enclenchés > 3s après retour au neutre.;🕹️ Manipulateur benne au neutre. Contrôler l'arrêt complet du tambour treuil M2.;🧰 Armoire : contrôler retombée mécanique du contacteur KM_M2 et relais frein. Remplacer si contacts collés.;Local_Digital_IO · %IX0.2 (M2_ContactorsReleased_DI) ➔ Attendu repos : 24V | VH_0800END · %IX225.1 (BrakeOpen) ➔ Attendu : 0V;WinchM2Safety.ErrorMecaB AND EncM2Valid AND (AlarmCount < CST_NbMaxAlarmes);FB_Hmi_BannerFormatter.st;768
ALM_028;ACTIVE_ALARM;M2;ErrorID:10;[M2] ErrorID:10 - MecaC - glissement pendant benne figee;BLOQUANT (SafeStop/Coupure);🚨 Glissement M2 pendant benne figée (Meca C) : dérive anormale du tambour benne M2.;🛑 Arrêt immédiat de la manœuvre. Mettre les manipulateurs au neutre au pupitre.;🧰 Vérifier étanchéité et réglage entrefer frein M2. Mesurer absence de tension sur bobine frein M2.;Bornier frein treuil M2 ➔ Mesure : Tension bobine frein ➔ Attendu : 0Vcc et dérive MecaCDriftM < 2.0m;WinchM2Safety.ErrorMecaC AND EncM1Valid AND EncM2Valid AND (AlarmCount < CST_NbMaxAlarmes);FB_Hmi_BannerFormatter.st;771
ALM_029;ACTIVE_ALARM;M2;ErrorID:12;[M2] ErrorID:12 - MecaD - non-arret au capteur haut;BLOQUANT (SafeStop/Coupure);🚨 Non-arrêt capteur haut M2 (Meca D) : treuil benne ayant dépassé le fin de course haut sans s'arrêter sous 3s.;🛑 ARRÊT IMMÉDIAT. Ne pas forcer la montée. Vérifier que le câble n'est pas en butée contre le tambour.;🧰 Contrôler détecteur inductif fin de course haut M1M2_TopPositionFree_DI (%IX0.7) et contacteurs montée M2.;Local_Digital_IO · Borne %IX0.7 (M1M2_TopPositionFree_DI) ➔ Attendu libre : 24V | Ouvert : 0V;WinchM2Safety.ErrorMecaD AND LocalIoValid AND EncM2Valid AND (AlarmCount < CST_NbMaxAlarmes);FB_Hmi_BannerFormatter.st;774
ALM_030;ACTIVE_ALARM;M2;ErrorID:13;[M2] ErrorID:13 - MecaE - ecart synchro M1/M2 critique;BLOQUANT (SafeStop/Coupure);🚨 Écart critique synchronisation M2/M1 (Meca E) : dérive différentielle des treuils > 7.0m en marche couplée.;🕹️ Manipulateurs au neutre au pupitre. Vérifier l'état visuel des câbles sur le ponton.;🧰 Contrôler valeurs de position COD1 et COD2 sur IHM. Vérifier absence de glissement câble dans les tambours.;Diagnostic IHM Synchro ➔ Écart absolu > 7.0m ➔ TonMecaE = 3s avant coupure puissance;WinchM2Safety.ErrorMecaE AND EncM1Valid AND EncM2Valid AND (AlarmCount < CST_NbMaxAlarmes);FB_Hmi_BannerFormatter.st;777
ALM_031;ACTIVE_ALARM;M2;ErrorID:15;[M2] ErrorID:15 - sens oppose;BLOQUANT (SafeStop/Coupure);🚨 Sens de rotation opposé M2 : rotation du tambour à l'envers de la commande demandée pendant plus de 1s.;🕹️ Manipulateur au neutre au pupitre de commande.;🧰 Contrôler câblage phases puissance moteur M2 sur contacteurs KM_M2. Vérifier sens comptage codeur COD2.;Codeur COD2 Treuil M2 ➔ Mesure : Vitesse signée SignedSpeed_Mps ➔ Attendu : Même polarité que l'ordre RelayFwd/RelayRev;WinchM2Safety.ErrorOppositeDir AND EncM2Valid AND (AlarmCount < CST_NbMaxAlarmes);FB_Hmi_BannerFormatter.st;780
ALM_032;ACTIVE_ALARM;M2;ErrorID:16;[M2] ErrorID:16 - discordance commande/retour/mouvement;BLOQUANT (SafeStop/Coupure);⏱️ Absence de mouvement M2 : commande active et frein ouvert mais aucune rotation mesurée après 3s.;🕹️ Manipulateur au neutre. Contrôler visuellement si la benne ou le tambour est coincé.;🧰 Armoire : contrôler disjoncteur moteur Q_M2 et présence 400Vac aux bornes moteur. Contrôler défreinage mécanique.;Local_Digital_IO · Borne %IX0.3 (M2_ThermalOk_DI) ➔ Mesure : 400Vac bornes moteur ➔ Attendu repos : 24Vcc sur %IX0.3 et 400Vac en commande;WinchM2Safety.ErrorNoMovement AND EncM2Valid AND (AlarmCount < CST_NbMaxAlarmes);FB_Hmi_BannerFormatter.st;783
ALM_033;ACTIVE_ALARM;M2;-;[M2] Survitesse treuil detectee (SafeStop);BLOQUANT (SafeStop/Coupure);⚠️ Survitesse treuil M2 détectée par codeur COD2 au-delà du palier 5 (SafeStop activé).;🕹️ Manipulateur benne au neutre. Attendre l'arrêt complet sous rampe.;🧰 Contrôler l'accouplement du codeur COD2. Vérifier absence d'emballement sous le poids de la benne.;Diagnostic IHM ➔ Vitesse mesurée Speed_Mps > SpeedBandMaxMps[5] ➔ SafeStop actif;WinchM2Safety.ErrorOverspeed AND EncM2Valid AND (AlarmCount < CST_NbMaxAlarmes);FB_Hmi_BannerFormatter.st;786
ALM_034;ACTIVE_ALARM;M3;ErrorID:01;[M3] ErrorID:01 - perte com operateur;BLOQUANT (SafeStop/Coupure);📡 Perte de communication opérateur pupitre pendant la commande de translation portique M3.;🕹️ Mettre le manipulateur translation au neutre au pupitre de commande.;🧰 Contrôler bus CANopen JOY1 et heartbeat supervision IHM.;Bus CANopen Pupitre ➔ Diagnostic trames CAN ➔ Attendu : NMT Operational et HeartbeatIhmOk = TRUE;TranslationSafety.ErrorOperatorComm AND Joy1Valid AND (AlarmCount < CST_NbMaxAlarmes);FB_Hmi_BannerFormatter.st;791
ALM_035;ACTIVE_ALARM;M3;ErrorID:02;[M3] ErrorID:02 - perte EtherCAT;BLOQUANT (SafeStop/Coupure);📡 Perte de communication bus EtherCAT avec le variateur translation VEICHI AC600.;🛑 Translation bloquée. Mettre les commandes au neutre au pupitre.;🧰 Contrôler cordon RJ45 EtherCAT reliant l'automate au variateur AC600. Vérifier alimentation commande drive.;Variateur AC600 ➔ Port EtherCAT IN ➔ Attendu : Câble RJ45 connecté, LED Link/Act verte clignotante;TranslationSafety.ErrorDriveComm AND VarM3Valid AND (AlarmCount < CST_NbMaxAlarmes);FB_Hmi_BannerFormatter.st;794
ALM_036;ACTIVE_ALARM;M3;ErrorID:03;[M3] ErrorID:03 - rotation phases;BLOQUANT (SafeStop/Coupure);⚡ Rotation de phase 400V incorrecte ou perte de phase sur l'alimentation de la translation.;🛑 Arrêt immédiat de la machine au pupitre.;🧰 Armoire : vérifier relais de phases et tension 400Vac en amont du variateur AC600.;VH_0800END · Borne %IX225.4 (PhaseRotationOk_DI) ➔ Attendu : 24Vcc normal;TranslationSafety.ErrorPhaseRotation AND Vh0800Valid AND (AlarmCount < CST_NbMaxAlarmes);FB_Hmi_BannerFormatter.st;797
ALM_037;ACTIVE_ALARM;M3;ErrorID:05;[M3] ErrorID:05 - MecaB - arret non confirme apres stop;BLOQUANT (SafeStop/Coupure);⏱️ Absence confirmation arrêt translation (Meca B) : variateur ou frein M3 toujours actifs > 3s après stop.;🕹️ Manipulateur translation au neutre. Vérifier visuellement l'immobilisation du portique.;🧰 Armoire : vérifier contacteur frein translation KM_Frein_M3 et sortie fréquence variateur AC600.;VH_0800END · Borne %IX225.2 (M3_BrakeIsOpen_DI) ➔ Attendu arrêt : 0V | Variateur AC600 : Fréquence < 0.5 Hz;TranslationSafety.ErrorMecaB AND VarM3Valid AND (AlarmCount < CST_NbMaxAlarmes);FB_Hmi_BannerFormatter.st;800
ALM_038;ACTIVE_ALARM;M3;ErrorID:06;[M3] ErrorID:06 - MecaA - deplacement sans commande;BLOQUANT (SafeStop/Coupure);🚨 Mouvement non commandé translation (Meca A) : déplacement portique détecté sans consigne active après 1s.;🛑 Frapper l'Arrêt d'Urgence pupitre si le portique dérive le long des rails sous l'effet du vent.;⚠️ DANGER : Condamner le portique avec cales rail. Armoire : mesurer 0V sur bobine frein translation. Remplacer patins de frein si usés.;Bornier armoire frein M3 ➔ Mesure : 0V strict ➔ Variateur AC600 : Fréquence mesurée > 0.5 Hz sans commande;TranslationSafety.ErrorMecaA AND VarM3Valid AND (AlarmCount < CST_NbMaxAlarmes);FB_Hmi_BannerFormatter.st;803
ALM_039;ACTIVE_ALARM;M3;ErrorID:07;[M3] ErrorID:07 - butee extreme;BLOQUANT (SafeStop/Coupure);🚨 Fin de course extrême translation actionné (dépassement zone Trémie ou Maintenance).;🛑 Ne plus avancer vers la butée. Passer en dérogation au pupitre pour reculer hors de la zone.;🧰 Vérifier palpeur inductif came extrême sur voie de roulement. Contrôler boîte de raccordement chariot.;VH_0808ETP · Borne %IX224.0 (Trémie) ou %IX224.4 (Maintenance) ➔ Mesure : 24Vcc sur la came concernée;TranslationSafety.ErrorLimitSwitch AND Vh0808Valid AND (AlarmCount < CST_NbMaxAlarmes);FB_Hmi_BannerFormatter.st;806
ALM_040;ACTIVE_ALARM;M3;ErrorID:08;[M3] ErrorID:08 - capteurs incoherents;BLOQUANT (SafeStop/Coupure);📐 Combinaison de cames translation physiquement impossible (ex: Trémie et Maintenance actives en même temps).;🛑 Arrêt des commandes translation au pupitre. Relever la position visuelle approximative du portique.;🧰 Inspecter les 5 capteurs inductifs de cames translation le long des rails (boue, graviers, câbles blessés).;VH_0808ETP · Bornes %IX224.0 à %IX224.4 ➔ Mesure 24Vcc : Une seule came active autorisée à la fois;TranslationSafety.ErrorSensorIncoherent AND Vh0808Valid AND (AlarmCount < CST_NbMaxAlarmes);FB_Hmi_BannerFormatter.st;809
ALM_041;ACTIVE_ALARM;M3;-;[M3] Defaut sequence / retour frein translation;BLOQUANT (SafeStop/Coupure);⚡ Défaut séquence / retour frein translation M3 (discordance entre ordre défreinage et recopie armoire).;🕹️ Manipulateur translation au neutre au pupitre.;🧰 Armoire : tester contacteur relais frein KM_Frein_M3. Mesurer tension bobine défreinage en manœuvre.;VH_0008ER · Relais %QX27.2 (Cmd) vs VH_0800END · Borne %IX225.2 (Retour %IX225.2) ➔ Concordance exigée sous 500 ms;((TranslationMotionErrorId AND 16#0001) <> 16#0000) AND (AlarmCount < CST_NbMaxAlarmes);FB_Hmi_BannerFormatter.st;816
ALM_042;ACTIVE_ALARM;M3;-;[M3] Defaut variateur translation AC600;BLOQUANT (SafeStop/Coupure);⚡ Défaut variateur translation AC600 (surcharge, surintensité, sous-tension bus continu ou défaut thermique).;🕹️ Manipulateur translation au neutre au pupitre. Patienter 5 min pour refroidissement.;🧰 Armoire : relever le code affiché sur le bandeau digital du variateur AC600 (ex: E.OC, E.OL, E.LU). Contrôler résistance de freinage.;Afficheur variateur AC600 ➔ Code défaut | Mesure bus DC : ~560Vcc entre bornes (+) et (-);((TranslationMotionErrorId AND 16#0008) <> 16#0000) AND VarM3Valid AND (AlarmCount < CST_NbMaxAlarmes);FB_Hmi_BannerFormatter.st;819
ALM_043;ACTIVE_ALARM;M3;-;[M3] Limite extreme translation atteinte;BLOQUANT (SafeStop/Coupure);🛑 Butée mécanique finale de translation atteinte (arrêt immédiat sur bordure de voie).;🕹️ Inverser le manipulateur pour dégager le portique en sens inverse.;🧰 Contrôler amortisseurs de fin de course rail et état mécanique du linguet de déclenchement.;VH_0808ETP · Bornes %IX224.0 ou %IX224.4 ➔ Mesure : 24Vcc entre borne et 0V ➔ Attendu hors butée : 0V (Détecteur inductif NO libre);((TranslationMotionErrorId AND 16#0040) <> 16#0000) AND (AlarmCount < CST_NbMaxAlarmes);FB_Hmi_BannerFormatter.st;822
ALM_044;ACTIVE_ALARM;M3;-;[M3] Barriere finale translation (frein / redemarrage) - Reset;BLOQUANT (SafeStop/Coupure);🔒 Barrière finale translation active : interlock frein ou redémarrage engagé nécessitant un acquittement explicite.;🕹️ Ramener le manipulateur au neutre. Appuyer sur le bouton Acquittement / Reset au pupitre.;💻 Vérifier mot d'état TranslationFinalInterlockErrorId sur l'écran de diagnostic IHM.;Pupitre / IHM ➔ Diagnostic variable TranslationFinalInterlockErrorId ➔ Attendu : Valeur 0 après front montant bouton Reset;(TranslationFinalInterlockErrorId <> 16#0000) AND (AlarmCount < CST_NbMaxAlarmes);FB_Hmi_BannerFormatter.st;825
ALM_045;ACTIVE_ALARM;BENNE;ErrorID:01;[BENNE] ErrorID:01 - configuration geometrie invalide;BLOQUANT (SafeStop/Coupure);⚙️ Configuration géométrie benne invalide (offset fermé inférieur ou égal à l'offset ouvert en mémoire).;🛑 Ne pas tenter de manœuvrer la benne au pupitre.;💻 IHM Réglages : vérifier paramètres géométrie benne. L'offset fermé doit être supérieur à l'offset ouvert (nominal 15.0m > 0.0m).;IHM Réglages Benne ➔ Variables OffsetCloseM vs OffsetOpenM ➔ Attendu : OffsetCloseM (nom. 15.0m) strictement supérieur à OffsetOpenM (0.0m);((BucketErrorId AND 16#0001) <> 16#0000) AND (AlarmCount < CST_NbMaxAlarmes);FB_Hmi_BannerFormatter.st;832
ALM_046;ACTIVE_ALARM;BENNE;ErrorID:02;[BENNE] ErrorID:02 - depassement ecart max autorise;BLOQUANT (SafeStop/Coupure);🪣 Dépassement écart maximum autorisé benne : décalage M2 - M1 hors plage physique plausible (> 17m ou < -1m).;🕹️ Passer en mode Manuel Dérogation : ramener visuellement la benne dans une position intermédiaire normale.;🧰 Vérifier position codeurs M1 et M2. Vérifier absence de glissement de câble ou de mou exagéré.;IHM Benne ➔ Écart mesuré CablePosM2 - CablePosM1 ➔ Attendu : Compris dans l'intervalle [-1.0m .. 17.0m];((BucketErrorId AND 16#0002) <> 16#0000) AND (AlarmCount < CST_NbMaxAlarmes);FB_Hmi_BannerFormatter.st;835
ALM_047;ACTIVE_ALARM;BENNE;ErrorID:03;[BENNE] ErrorID:03 - timeout commande deplacement;BLOQUANT (SafeStop/Coupure);⏱️ Timeout déplacement benne : la benne n'a pas atteint sa position ouverte ou fermée sous 60 secondes.;🕹️ Ramener manipulateur au neutre. Vérifier visuellement si la benne est coincée dans le matériau.;🧰 Contrôler vitesse treuil M2 et état mécanique des poulies de fermeture benne.;Bloc FB_Bucket ➔ Temporisateur interne TonTimeout ➔ Attendu : Temps écoulé ET < CfgTimeoutDuration (T#60s);((BucketErrorId AND 16#0004) <> 16#0000) AND EncM1Valid AND EncM2Valid AND (AlarmCount < CST_NbMaxAlarmes);FB_Hmi_BannerFormatter.st;838
ALM_048;ACTIVE_ALARM;BENNE;ErrorID:04;[BENNE] ErrorID:04 - glissement treuil M1;BLOQUANT (SafeStop/Coupure);🚨 Glissement treuil M1 détecté pendant manœuvre benne (> 1.0m de mouvement flèche non autorisé).;🛑 Arrêt de la commande benne. Ramener au neutre au pupitre.;🧰 Contrôler frein treuil M1 et absence de rotation parasite pendant l'actionnement du treuil M2.;Treuil M1 ➔ Écart position ABS(CablePosM1 - M1RefPosM) ➔ Attendu : Dérive < 1.0m pendant manœuvre benne;((BucketErrorId AND 16#0008) <> 16#0000) AND (AlarmCount < CST_NbMaxAlarmes);FB_Hmi_BannerFormatter.st;841
ALM_049;ACTIVE_ALARM;BENNE;ErrorID:05;[BENNE] ErrorID:05 - codeurs treuils non references;BLOQUANT (SafeStop/Coupure);📍 Codeurs treuils non référencés pour la séquence benne (homing machine non validé après mise sous tension).;🕹️ Effectuer la procédure de référencement machine (Homing) au pupitre de commande.;💻 Vérifier drapeaux HomedM1 et HomedM2 sur la page diagnostic superviseur.;Supervision IHM / PLC ➔ Variables HomedAndReliableM1 et HomedAndReliableM2 ➔ Attendu : État TRUE sur les deux axes;((BucketErrorId AND 16#0010) <> 16#0000) AND (AlarmCount < CST_NbMaxAlarmes);FB_Hmi_BannerFormatter.st;844
ALM_050;ACTIVE_ALARM;SYNC;ErrorID:01;[SYNC] ErrorID:01 - ecart M1/M2;BLOQUANT (SafeStop/Coupure);⚠️ Écart de synchronisation M1/M2 supérieur à 6.0m en marche couplée (SafeStop activé).;🕹️ Manipulateurs au neutre au pupitre. Vérifier visuellement la planéité des câbles.;🧰 Contrôler vitesse respective des tambours M1 et M2. Recaler l'assiette en pilotage unitaire si nécessaire.;FB_SyncDeviation ➔ Écart calculé DeltaPosM ➔ Attendu : DeltaPosM < 6.0m (seuil d'arrêt);((SyncErrorId AND 16#0001) <> 16#0000) AND EncM1Valid AND EncM2Valid AND (AlarmCount < CST_NbMaxAlarmes);FB_Hmi_BannerFormatter.st;849
ALM_051;ACTIVE_ALARM;SYNC;ErrorID:02;[SYNC] ErrorID:02 - incoherence commande;BLOQUANT (SafeStop/Coupure);🔀 Discordance contacteurs M1/M2 en marche synchronisée (un treuil commandé et pas l'autre ou paliers différents).;🕹️ Manipulateurs au neutre au pupitre de commande.;🧰 Armoire : vérifier la chaîne de commande des contacteurs de sens et paliers M1 et M2. Contrôler relais de sortie.;FB_SyncContactor ➔ Variable ContactorMismatch ➔ Attendu repos / marche couplée : FALSE (Vecteurs identiques);((SyncErrorId AND 16#0002) <> 16#0000) AND (AlarmCount < CST_NbMaxAlarmes);FB_Hmi_BannerFormatter.st;852
ALM_052;ACTIVE_ALARM;DIVE;ErrorID:01;[DIVE] ErrorID:01 - timeout immersion;BLOQUANT (SafeStop/Coupure);⏱️ Timeout immersion cycle automatique : temps d'atteinte de la surface d'eau dépassé.;🕹️ Repasser en mode Manuel au pupitre. Remonter la benne en surface.;💻 Vérifier réglage altimétrique du plan d'eau (ImmersionUpper_M) sur l'IHM cycle.;Bloc FB_CycleSemiAuto ➔ Temporisateur phase plongée ➔ Attendu : Atteinte plan d'eau avant expiration T#Timeout;((DiveErrorId AND 16#0001) <> 16#0000) AND (AlarmCount < CST_NbMaxAlarmes);FB_Hmi_BannerFormatter.st;874
ALM_053;ACTIVE_ALARM;DIVE;ErrorID:02;[DIVE] ErrorID:02 - timeout fond;BLOQUANT (SafeStop/Coupure);⏱️ Timeout détection fond : la benne descend sous l'eau sans toucher le fond dans le temps alloué.;🕹️ Stopper la descente automatique. Repasser en manuel au pupitre.;🧰 Contrôler fonctionnement palpeur Kobold ou seuil altimétrique de profondeur fond.;Bloc FB_CycleSemiAuto ➔ Temporisateur descente fond ➔ Attendu : Contact fond avant seuil temps alloué;((DiveErrorId AND 16#0002) <> 16#0000) AND (AlarmCount < CST_NbMaxAlarmes);FB_Hmi_BannerFormatter.st;877
ALM_054;ACTIVE_ALARM;DIVE;ErrorID:03;[DIVE] ErrorID:03 - limite basse atteinte;BLOQUANT (SafeStop/Coupure);🛑 Limite basse de plongée atteinte : la benne a atteint la profondeur maximale autorisée.;🕹️ Inverser la commande pour remonter la benne au pupitre de commande.;💻 Vérifier seuil de profondeur légale CfgCableLimitDescentM sur la page configuration IHM.;Codeur COD1 Treuil M1 ➔ Variable CablePosM1 ➔ Attendu : Position supérieure à CfgCableLimitDescentM (-50.0m);((DiveErrorId AND 16#0004) <> 16#0000) AND EncM1Valid AND (AlarmCount < CST_NbMaxAlarmes);FB_Hmi_BannerFormatter.st;880
ALM_055;ACTIVE_ALARM;DIVE;ErrorID:04;[DIVE] ErrorID:04 - contact fond perdu;BLOQUANT (SafeStop/Coupure);🌊 Contact fond perdu pendant l'extraction (glissement de la benne dans la boue ou perte signal Kobold).;🕹️ Arrêter la montée rapide. Passer en manuel lent pour assurer la fermeture.;🧰 Contrôler capteur palpeur Kobold (%IX0.5) et liaison électrique touret.;Local_Digital_IO · Borne %IX0.5 (KoboldBottomTouch_DI) ➔ Mesure : 24Vcc entre borne et 0V carte ➔ Attendu : 24V reposée au fond (0V en suspension);((DiveErrorId AND 16#0008) <> 16#0000) AND (AlarmCount < CST_NbMaxAlarmes);FB_Hmi_BannerFormatter.st;883
ALM_056;ACTIVE_ALARM;DIVE;ErrorID:05;[DIVE] ErrorID:05 - perte tension cable;BLOQUANT (SafeStop/Coupure);🪢 Perte tension câble benne M2 sous l'eau (mou de câble détecté par la roulette palpeuse).;🕹️ Passer en manuel dérogation au pupitre : retendre doucement le câble M2.;🧰 Vérifier mécanique bras palpeur anti-mou sur tambour M2 et propreté de l'interrupteur.;Local_Digital_IO · Borne %IX0.4 (M2_TensionedCable_DI) ➔ Mesure : 24Vcc entre borne et 0V carte ➔ Attendu câble tendu : 24V (Contact NC fermé);((DiveErrorId AND 16#0010) <> 16#0000) AND (AlarmCount < CST_NbMaxAlarmes);FB_Hmi_BannerFormatter.st;886
ALM_057;ACTIVE_ALARM;DIVE;ErrorID:06;[DIVE] ErrorID:06 - anomalie vitesse;BLOQUANT (SafeStop/Coupure);⚠️ Anomalie de vitesse treuils pendant la phase de plongée (dérive d'accélération sous l'eau).;🕹️ Ramener commandes au neutre au pupitre. Laisser la charge se stabiliser.;🧰 Contrôler régularité vitesse codeurs M1 et M2 en plongée.;Codeurs COD1/COD2 ➔ Dérivée d(Speed_Mps)/dt en plongée ➔ Attendu : Accélération stable dans le gabarit défini;((DiveErrorId AND 16#0020) <> 16#0000) AND (AlarmCount < CST_NbMaxAlarmes);FB_Hmi_BannerFormatter.st;889
ALM_058;ACTIVE_ALARM;DIVE;ErrorID:07;[DIVE] ErrorID:07 - config invalide;BLOQUANT (SafeStop/Coupure);⚙️ Configuration de plongée invalide (paramètres altimétriques immersion / fond incohérents).;🛑 Cycle semi-auto refusé. Relever paramètres IHM au pupitre.;💻 Vérifier cohérence paramètres cycle plongée sur le superviseur.;IHM Recettes Dragage ➔ Variables GVL_IHM.CycleSemiAuto.Cfg ➔ Attendu : Cohérence altimétrique Fond < Immersion < Crête;((DiveErrorId AND 16#0040) <> 16#0000) AND (AlarmCount < CST_NbMaxAlarmes);FB_Hmi_BannerFormatter.st;892
ALM_059;ACTIVE_ALARM;EXTRACTION;ErrorID:01;[EXTRACTION] ErrorID:01 - fond;BLOQUANT (SafeStop/Coupure);🌊 Défaut contact fond pendant la phase d'extraction des matériaux.;🕹️ Repasser en manuel au pupitre. Vérifier tension des câbles.;🧰 Contrôler capteur de fond et seuil d'effort sur treuils.;Local_Digital_IO · Borne %IX0.5 (KoboldBottomTouch_DI) ➔ Mesure : 24Vcc entre borne et 0V carte ➔ Attendu : 24V au fond;((ExtractionErrorId AND 16#0001) <> 16#0000) AND LocalIoValid AND (AlarmCount < CST_NbMaxAlarmes);FB_Hmi_BannerFormatter.st;895
ALM_060;ACTIVE_ALARM;EXTRACTION;ErrorID:02;[EXTRACTION] ErrorID:02 - fermeture;BLOQUANT (SafeStop/Coupure);🪣 Défaut fermeture benne pendant l'extraction (benne n'atteignant pas l'état fermé sous l'eau).;🕹️ Repasser en commande manuelle benne M2 pour forcer la fermeture au pupitre.;🧰 Contrôler absence d'enrochement coincé dans les mâchoires de la benne.;Supervision IHM ➔ Variable _BucketState.IsClosed ➔ Attendu : Confirmation TRUE sous 60s max;((ExtractionErrorId AND 16#0002) <> 16#0000) AND (AlarmCount < CST_NbMaxAlarmes);FB_Hmi_BannerFormatter.st;898
ALM_061;ACTIVE_ALARM;EXTRACTION;ErrorID:03;[EXTRACTION] ErrorID:03 - controle;BLOQUANT (SafeStop/Coupure);⏱️ Défaut contrôle vitesse montée lors de l'extraction initiale (distance de contrôle non franchie).;🕹️ Ramener manipulateur au neutre au pupitre.;🧰 Vérifier passage au palier 1 pendant la traversée de la zone ExtractionControlDistance_M.;Contacteurs Paliers Vitesse ➔ Relais palier 1 KM_P1 (%QX27.4) ➔ Attendu : Enclenchement exclusif du Palier 1 dans zone décollement;((ExtractionErrorId AND 16#0004) <> 16#0000) AND (AlarmCount < CST_NbMaxAlarmes);FB_Hmi_BannerFormatter.st;901
ALM_062;ACTIVE_ALARM;EXTRACTION;ErrorID:04;[EXTRACTION] ErrorID:04 - config;BLOQUANT (SafeStop/Coupure);⚙️ Configuration extraction cycle automatique invalide.;🛑 Bloquer cycle auto au pupitre.;💻 Revoir paramètres de la phase extraction sur l'écran IHM.;IHM Recettes Dragage ➔ Variables GVL_IHM.CycleSemiAuto.Cfg ➔ Attendu : Cohérence paramètres d'extraction;((ExtractionErrorId AND 16#0008) <> 16#0000) AND (AlarmCount < CST_NbMaxAlarmes);FB_Hmi_BannerFormatter.st;904
ALM_063;ACTIVE_ALARM;AU;ErrorID:01;[AU] ErrorID:01 - redondance contacteurs;BLOQUANT (SafeStop/Coupure);🚨 Discordance redondance contacteurs de puissance ligne ou relais de sécurité AU (contact miroir non retombé).;🛑 COUPURE GÉNÉRALE. Frapper coup de poing Arrêt d'Urgence pupitre. Condamner le poste de conduite.;⚠️ DANGER DE MORT 400V : Consigner la source quai/groupe + VAT. Contrôler les contacts miroirs NC du contacteur de ligne KM_Power et blocs auxiliaires de sécurité.;VH_0800END · Bornes %IX225.6 et %IX225.7 ➔ Mesure : 24Vcc / 0V entre bornes et 0V carte ➔ Attendu réarmé : 24Vcc sur les deux voies;((EmergencyErrorId AND 16#0001) <> 16#0000) AND (AlarmCount < CST_NbMaxAlarmes);FB_Hmi_BannerFormatter.st;909
ALM_064;ACTIVE_ALARM;AU;ErrorID:02;[AU] ErrorID:02 - echec confirmation armement;BLOQUANT (SafeStop/Coupure);🚨 Échec confirmation armement puissance (le contacteur de ligne ne s'enclenche pas sous 2s après commande).;🛑 Relâcher le bouton Réarmement. Vérifier que tous les AU sont déverrouillés au pupitre.;🧰 Armoire : vérifier bobine contacteur ligne KM_Power, fusible commande 24V et module sécurité AU.;VH_0008ER_1 · Relais %QX28.6/%QX28.7 (PowerKeepAlive) ➔ Mesure : 24Vcc sur bobine KM_Power ➔ Attendu : 24Vcc après appui réarmement;((EmergencyErrorId AND 16#0002) <> 16#0000) AND (AlarmCount < CST_NbMaxAlarmes);FB_Hmi_BannerFormatter.st;912
ALM_065;ACTIVE_ALARM;AU;ErrorID:04;[AU] ErrorID:04 - echec autotest demarrage;BLOQUANT (SafeStop/Coupure);🚨 Échec autotest démarrage chaîne d'urgence (défaut de retombée d'un canal lors du test d'initialisation).;🛑 Redémarrage puissance refusé. Condamner le pupitre de commande.;🧰 Contrôler les contacts de recopie de tous les relais de sécurité en armoire électrique.;Bloc Sécurité FB_Safety_EmergencyManagement ➔ Contrôle retombée des canaux d'urgence ➔ Attendu : 0V strict sur toutes les lignes avant réarmement;((EmergencyErrorId AND 16#0008) <> 16#0000) AND (AlarmCount < CST_NbMaxAlarmes);FB_Hmi_BannerFormatter.st;915
ALM_066;ACTIVE_ALARM;CYCLE;ErrorID:01;[CYCLE] ErrorID:01 - limite legale atteinte;BLOQUANT (SafeStop/Coupure);🛑 Profondeur limite légale atteinte en cycle automatique (arrêt fond de fouille autorisé).;🕹️ Inverser les commandes au pupitre pour remonter la benne. Ne pas descendre plus bas.;💻 Vérifier valeur de la limite légale autorisée sur l'écran réglages IHM.;IHM Configuration Cycle ➔ Variable CablePosM1 vs LimitLegalDepthMinAllowed_M ➔ Attendu : CablePosM1 supérieur à la limite légale;((CycleErrorId AND 16#0001) <> 16#0000) AND EncM1Valid AND (AlarmCount < CST_NbMaxAlarmes);FB_Hmi_BannerFormatter.st;920
ALM_067;ACTIVE_ALARM;CYCLE;ErrorID:02;[CYCLE] ErrorID:02 - defaut synchro treuils;BLOQUANT (SafeStop/Coupure);⚠️ Défaut de synchronisation des treuils en cours de cycle automatique.;🕹️ Stopper le cycle semi-auto au pupitre. Repasser en manuel.;🧰 Contrôler équilibrage de charge et vitesses relatives M1/M2.;Supervision Cycle ➔ Mot CycleErrorId bit 1 ➔ Attendu : Écart M1/M2 dans le gabarit cycle semi-auto;((CycleErrorId AND 16#0002) <> 16#0000) AND EncM1Valid AND EncM2Valid AND (AlarmCount < CST_NbMaxAlarmes);FB_Hmi_BannerFormatter.st;923
ALM_068;ACTIVE_ALARM;CYCLE;ErrorID:04;[CYCLE] ErrorID:04 - ecart codeurs remontee;BLOQUANT (SafeStop/Coupure);⚠️ Écart codeurs excessif constaté pendant la phase de remontée de charge.;🕹️ Ramener commandes au neutre au pupitre. Vérifier assiette benne.;🧰 Contrôler absence de glissement mécanique sur l'un des deux tambours de treuil.;Codeurs COD1/COD2 ➔ Mot CycleErrorId bit 3 ➔ Attendu : Écart codeurs en montée inférieur au seuil critique;((CycleErrorId AND 16#0008) <> 16#0000) AND EncM1Valid AND EncM2Valid AND (AlarmCount < CST_NbMaxAlarmes);FB_Hmi_BannerFormatter.st;926
ALM_069;ACTIVE_ALARM;CYCLE;ErrorID:05;[CYCLE] ErrorID:05 - ecart vitesse confirme;BLOQUANT (SafeStop/Coupure);⚠️ Écart de vitesse confirmé entre treuils M1 et M2 en déplacement couplé.;🕹️ Mettre les manipulateurs au neutre au pupitre de commande.;🧰 Contrôler contacteurs de paliers de vitesse en armoire (KM_P1 à KM_P5).;Supervision Moteurs ➔ Mot CycleErrorId bit 4 ➔ Attendu : Concordance des vitesses treuils en marche couplée;((CycleErrorId AND 16#0010) <> 16#0000) AND EncM1Valid AND EncM2Valid AND (AlarmCount < CST_NbMaxAlarmes);FB_Hmi_BannerFormatter.st;929
ALM_070;ACTIVE_ALARM;CYCLE;ErrorID:06;[CYCLE] ErrorID:06 - perte communication IHM;BLOQUANT (SafeStop/Coupure);📡 Perte de communication avec le pupitre IHM pendant le déroulement d'un cycle automatique.;🛑 Le cycle s'interrompt en sécurité. Vérifier l'écran IHM au poste de conduite.;🧰 Contrôler câble réseau Ethernet blindé et switch réseau armoire.;Liaison Ethernet IHM ➔ Mot CycleErrorId bit 5 ➔ Attendu : HeartbeatIhmOk maintenu actif en continu;((CycleErrorId AND 16#0020) <> 16#0000) AND (AlarmCount < CST_NbMaxAlarmes);FB_Hmi_BannerFormatter.st;932
ALM_071;ACTIVE_ALARM;CYCLE;ErrorID:07;[CYCLE] ErrorID:07 - timeout etape;BLOQUANT (SafeStop/Coupure);⏱️ Timeout d'étape cycle automatique : l'étape active du cycle a dépassé sa durée maximale allouée.;🕹️ Repasser en mode Manuel au pupitre de commande. Dégager la machine si nécessaire.;💻 Contrôler le numéro d'étape bloquée E_AutoCycleStep sur la page de supervision.;FB_CycleSemiAuto ➔ Temporisateur d'étape active ➔ Attendu : Transition d'étape accomplie avant expiration timeout;((CycleErrorId AND 16#0040) <> 16#0000) AND (AlarmCount < CST_NbMaxAlarmes);FB_Hmi_BannerFormatter.st;935
ALM_072;HISTO_ALARM;HISTO;ErrorID:01;[HISTO] [M1] ErrorID:01 - perte com operateur;HISTORISÉ (Reset requis);(HistoM1 AND 16#0001) <> 16#0000 AND (AlarmCount < CST_NbMaxAlarmes);;;;(HistoM1 AND 16#0001) <> 16#0000 AND (AlarmCount < CST_NbMaxAlarmes);FB_Hmi_BannerFormatter.st;950
ALM_073;HISTO_ALARM;HISTO;ErrorID:02;[HISTO] [M1] ErrorID:02 - perte codeur;HISTORISÉ (Reset requis);(HistoM1 AND 16#0002) <> 16#0000 AND (AlarmCount < CST_NbMaxAlarmes);;;;(HistoM1 AND 16#0002) <> 16#0000 AND (AlarmCount < CST_NbMaxAlarmes);FB_Hmi_BannerFormatter.st;953
ALM_074;HISTO_ALARM;HISTO;ErrorID:03;[HISTO] [M1] ErrorID:03 - surchauffe moteur;HISTORISÉ (Reset requis);(HistoM1 AND 16#0004) <> 16#0000 AND (AlarmCount < CST_NbMaxAlarmes);;;;(HistoM1 AND 16#0004) <> 16#0000 AND (AlarmCount < CST_NbMaxAlarmes);FB_Hmi_BannerFormatter.st;956
ALM_075;HISTO_ALARM;HISTO;ErrorID:04;[HISTO] [M1] ErrorID:04 - mou de cable;HISTORISÉ (Reset requis);(HistoM1 AND 16#0008) <> 16#0000 AND (AlarmCount < CST_NbMaxAlarmes);;;;(HistoM1 AND 16#0008) <> 16#0000 AND (AlarmCount < CST_NbMaxAlarmes);FB_Hmi_BannerFormatter.st;959
ALM_076;HISTO_ALARM;HISTO;ErrorID:05;[HISTO] [M1] ErrorID:05 - rotation phases;HISTORISÉ (Reset requis);(HistoM1 AND 16#0010) <> 16#0000 AND (AlarmCount < CST_NbMaxAlarmes);;;;(HistoM1 AND 16#0010) <> 16#0000 AND (AlarmCount < CST_NbMaxAlarmes);FB_Hmi_BannerFormatter.st;962
ALM_077;HISTO_ALARM;HISTO;ErrorID:08;[HISTO] [M1] ErrorID:08 - MecaA - deplacement sans commande (vitesse/derive);HISTORISÉ (Reset requis);(HistoM1 AND 16#0080) <> 16#0000 AND (AlarmCount < CST_NbMaxAlarmes);;;;(HistoM1 AND 16#0080) <> 16#0000 AND (AlarmCount < CST_NbMaxAlarmes);FB_Hmi_BannerFormatter.st;965
ALM_078;HISTO_ALARM;HISTO;ErrorID:09;[HISTO] [M1] ErrorID:09 - MecaB - arret non confirme apres stop;HISTORISÉ (Reset requis);(HistoM1 AND 16#0100) <> 16#0000 AND (AlarmCount < CST_NbMaxAlarmes);;;;(HistoM1 AND 16#0100) <> 16#0000 AND (AlarmCount < CST_NbMaxAlarmes);FB_Hmi_BannerFormatter.st;968
ALM_079;HISTO_ALARM;HISTO;ErrorID:10;[HISTO] [M1] ErrorID:10 - MecaC - glissement pendant benne figee;HISTORISÉ (Reset requis);(HistoM1 AND 16#0200) <> 16#0000 AND (AlarmCount < CST_NbMaxAlarmes);;;;(HistoM1 AND 16#0200) <> 16#0000 AND (AlarmCount < CST_NbMaxAlarmes);FB_Hmi_BannerFormatter.st;971
ALM_080;HISTO_ALARM;HISTO;ErrorID:11;[HISTO] [M1] ErrorID:11 - surchauffe frein;HISTORISÉ (Reset requis);(HistoM1 AND 16#0400) <> 16#0000 AND (AlarmCount < CST_NbMaxAlarmes);;;;(HistoM1 AND 16#0400) <> 16#0000 AND (AlarmCount < CST_NbMaxAlarmes);FB_Hmi_BannerFormatter.st;974
ALM_081;HISTO_ALARM;HISTO;ErrorID:12;[HISTO] [M1] ErrorID:12 - MecaD - non-arret au capteur haut;HISTORISÉ (Reset requis);(HistoM1 AND 16#0800) <> 16#0000 AND (AlarmCount < CST_NbMaxAlarmes);;;;(HistoM1 AND 16#0800) <> 16#0000 AND (AlarmCount < CST_NbMaxAlarmes);FB_Hmi_BannerFormatter.st;977
ALM_082;HISTO_ALARM;HISTO;ErrorID:13;[HISTO] [M1] ErrorID:13 - MecaE - ecart synchro M1/M2 critique;HISTORISÉ (Reset requis);(HistoM1 AND 16#1000) <> 16#0000 AND (AlarmCount < CST_NbMaxAlarmes);;;;(HistoM1 AND 16#1000) <> 16#0000 AND (AlarmCount < CST_NbMaxAlarmes);FB_Hmi_BannerFormatter.st;980
ALM_083;HISTO_ALARM;HISTO;ErrorID:15;[HISTO] [M1] ErrorID:15 - sens oppose;HISTORISÉ (Reset requis);(HistoM1 AND 16#4000) <> 16#0000 AND (AlarmCount < CST_NbMaxAlarmes);;;;(HistoM1 AND 16#4000) <> 16#0000 AND (AlarmCount < CST_NbMaxAlarmes);FB_Hmi_BannerFormatter.st;983
ALM_084;HISTO_ALARM;HISTO;ErrorID:16;[HISTO] [M1] ErrorID:16 - absence mouvement;HISTORISÉ (Reset requis);(HistoM1 AND 16#8000) <> 16#0000 AND (AlarmCount < CST_NbMaxAlarmes);;;;(HistoM1 AND 16#8000) <> 16#0000 AND (AlarmCount < CST_NbMaxAlarmes);FB_Hmi_BannerFormatter.st;986
ALM_085;HISTO_ALARM;HISTO;ErrorID:01;[HISTO] [M2] ErrorID:01 - perte com operateur;HISTORISÉ (Reset requis);(HistoM2 AND 16#0001) <> 16#0000 AND (AlarmCount < CST_NbMaxAlarmes);;;;(HistoM2 AND 16#0001) <> 16#0000 AND (AlarmCount < CST_NbMaxAlarmes);FB_Hmi_BannerFormatter.st;991
ALM_086;HISTO_ALARM;HISTO;ErrorID:02;[HISTO] [M2] ErrorID:02 - perte codeur;HISTORISÉ (Reset requis);(HistoM2 AND 16#0002) <> 16#0000 AND (AlarmCount < CST_NbMaxAlarmes);;;;(HistoM2 AND 16#0002) <> 16#0000 AND (AlarmCount < CST_NbMaxAlarmes);FB_Hmi_BannerFormatter.st;994
ALM_087;HISTO_ALARM;HISTO;ErrorID:03;[HISTO] [M2] ErrorID:03 - surchauffe moteur;HISTORISÉ (Reset requis);(HistoM2 AND 16#0004) <> 16#0000 AND (AlarmCount < CST_NbMaxAlarmes);;;;(HistoM2 AND 16#0004) <> 16#0000 AND (AlarmCount < CST_NbMaxAlarmes);FB_Hmi_BannerFormatter.st;997
ALM_088;HISTO_ALARM;HISTO;ErrorID:04;[HISTO] [M2] ErrorID:04 - mou de cable;HISTORISÉ (Reset requis);(HistoM2 AND 16#0008) <> 16#0000 AND (AlarmCount < CST_NbMaxAlarmes);;;;(HistoM2 AND 16#0008) <> 16#0000 AND (AlarmCount < CST_NbMaxAlarmes);FB_Hmi_BannerFormatter.st;1000
ALM_089;HISTO_ALARM;HISTO;ErrorID:05;[HISTO] [M2] ErrorID:05 - rotation phases;HISTORISÉ (Reset requis);(HistoM2 AND 16#0010) <> 16#0000 AND (AlarmCount < CST_NbMaxAlarmes);;;;(HistoM2 AND 16#0010) <> 16#0000 AND (AlarmCount < CST_NbMaxAlarmes);FB_Hmi_BannerFormatter.st;1003
ALM_090;HISTO_ALARM;HISTO;ErrorID:08;[HISTO] [M2] ErrorID:08 - MecaA - deplacement sans commande (vitesse/derive);HISTORISÉ (Reset requis);(HistoM2 AND 16#0080) <> 16#0000 AND (AlarmCount < CST_NbMaxAlarmes);;;;(HistoM2 AND 16#0080) <> 16#0000 AND (AlarmCount < CST_NbMaxAlarmes);FB_Hmi_BannerFormatter.st;1006
ALM_091;HISTO_ALARM;HISTO;ErrorID:09;[HISTO] [M2] ErrorID:09 - MecaB - arret non confirme apres stop;HISTORISÉ (Reset requis);(HistoM2 AND 16#0100) <> 16#0000 AND (AlarmCount < CST_NbMaxAlarmes);;;;(HistoM2 AND 16#0100) <> 16#0000 AND (AlarmCount < CST_NbMaxAlarmes);FB_Hmi_BannerFormatter.st;1009
ALM_092;HISTO_ALARM;HISTO;ErrorID:10;[HISTO] [M2] ErrorID:10 - MecaC - glissement pendant benne figee;HISTORISÉ (Reset requis);(HistoM2 AND 16#0200) <> 16#0000 AND (AlarmCount < CST_NbMaxAlarmes);;;;(HistoM2 AND 16#0200) <> 16#0000 AND (AlarmCount < CST_NbMaxAlarmes);FB_Hmi_BannerFormatter.st;1012
ALM_093;HISTO_ALARM;HISTO;ErrorID:11;[HISTO] [M2] ErrorID:11 - surchauffe frein;HISTORISÉ (Reset requis);(HistoM2 AND 16#0400) <> 16#0000 AND (AlarmCount < CST_NbMaxAlarmes);;;;(HistoM2 AND 16#0400) <> 16#0000 AND (AlarmCount < CST_NbMaxAlarmes);FB_Hmi_BannerFormatter.st;1015
ALM_094;HISTO_ALARM;HISTO;ErrorID:12;[HISTO] [M2] ErrorID:12 - MecaD - non-arret au capteur haut;HISTORISÉ (Reset requis);(HistoM2 AND 16#0800) <> 16#0000 AND (AlarmCount < CST_NbMaxAlarmes);;;;(HistoM2 AND 16#0800) <> 16#0000 AND (AlarmCount < CST_NbMaxAlarmes);FB_Hmi_BannerFormatter.st;1018
ALM_095;HISTO_ALARM;HISTO;ErrorID:13;[HISTO] [M2] ErrorID:13 - MecaE - ecart synchro M1/M2 critique;HISTORISÉ (Reset requis);(HistoM2 AND 16#1000) <> 16#0000 AND (AlarmCount < CST_NbMaxAlarmes);;;;(HistoM2 AND 16#1000) <> 16#0000 AND (AlarmCount < CST_NbMaxAlarmes);FB_Hmi_BannerFormatter.st;1021
ALM_096;HISTO_ALARM;HISTO;ErrorID:15;[HISTO] [M2] ErrorID:15 - sens oppose;HISTORISÉ (Reset requis);(HistoM2 AND 16#4000) <> 16#0000 AND (AlarmCount < CST_NbMaxAlarmes);;;;(HistoM2 AND 16#4000) <> 16#0000 AND (AlarmCount < CST_NbMaxAlarmes);FB_Hmi_BannerFormatter.st;1024
ALM_097;HISTO_ALARM;HISTO;ErrorID:16;[HISTO] [M2] ErrorID:16 - absence mouvement;HISTORISÉ (Reset requis);(HistoM2 AND 16#8000) <> 16#0000 AND (AlarmCount < CST_NbMaxAlarmes);;;;(HistoM2 AND 16#8000) <> 16#0000 AND (AlarmCount < CST_NbMaxAlarmes);FB_Hmi_BannerFormatter.st;1027
ALM_098;HISTO_ALARM;HISTO;ErrorID:01;[HISTO] [M3] ErrorID:01 - perte com operateur;HISTORISÉ (Reset requis);(HistoM3 AND 16#0001) <> 16#0000 AND (AlarmCount < CST_NbMaxAlarmes);;;;(HistoM3 AND 16#0001) <> 16#0000 AND (AlarmCount < CST_NbMaxAlarmes);FB_Hmi_BannerFormatter.st;1032
ALM_099;HISTO_ALARM;HISTO;ErrorID:02;[HISTO] [M3] ErrorID:02 - perte EtherCAT;HISTORISÉ (Reset requis);(HistoM3 AND 16#0002) <> 16#0000 AND (AlarmCount < CST_NbMaxAlarmes);;;;(HistoM3 AND 16#0002) <> 16#0000 AND (AlarmCount < CST_NbMaxAlarmes);FB_Hmi_BannerFormatter.st;1035
ALM_100;HISTO_ALARM;HISTO;ErrorID:03;[HISTO] [M3] ErrorID:03 - rotation phases;HISTORISÉ (Reset requis);(HistoM3 AND 16#0004) <> 16#0000 AND (AlarmCount < CST_NbMaxAlarmes);;;;(HistoM3 AND 16#0004) <> 16#0000 AND (AlarmCount < CST_NbMaxAlarmes);FB_Hmi_BannerFormatter.st;1038
ALM_101;HISTO_ALARM;HISTO;ErrorID:04;[HISTO] [M3] ErrorID:04 - surchauffe frein;HISTORISÉ (Reset requis);(HistoM3 AND 16#0008) <> 16#0000 AND (AlarmCount < CST_NbMaxAlarmes);;;;(HistoM3 AND 16#0008) <> 16#0000 AND (AlarmCount < CST_NbMaxAlarmes);FB_Hmi_BannerFormatter.st;1041
ALM_102;HISTO_ALARM;HISTO;ErrorID:05;[HISTO] [M3] ErrorID:05 - MecaB - arret non confirme apres stop;HISTORISÉ (Reset requis);(HistoM3 AND 16#0010) <> 16#0000 AND (AlarmCount < CST_NbMaxAlarmes);;;;(HistoM3 AND 16#0010) <> 16#0000 AND (AlarmCount < CST_NbMaxAlarmes);FB_Hmi_BannerFormatter.st;1044
ALM_103;HISTO_ALARM;HISTO;ErrorID:06;[HISTO] [M3] ErrorID:06 - MecaA - deplacement sans commande;HISTORISÉ (Reset requis);(HistoM3 AND 16#0020) <> 16#0000 AND (AlarmCount < CST_NbMaxAlarmes);;;;(HistoM3 AND 16#0020) <> 16#0000 AND (AlarmCount < CST_NbMaxAlarmes);FB_Hmi_BannerFormatter.st;1047
ALM_104;HISTO_ALARM;HISTO;ErrorID:07;[HISTO] [M3] ErrorID:07 - butee extreme;HISTORISÉ (Reset requis);(HistoM3 AND 16#0040) <> 16#0000 AND (AlarmCount < CST_NbMaxAlarmes);;;;(HistoM3 AND 16#0040) <> 16#0000 AND (AlarmCount < CST_NbMaxAlarmes);FB_Hmi_BannerFormatter.st;1050
ALM_105;HISTO_ALARM;HISTO;ErrorID:08;[HISTO] [M3] ErrorID:08 - capteurs incoherents;HISTORISÉ (Reset requis);(HistoM3 AND 16#0080) <> 16#0000 AND (AlarmCount < CST_NbMaxAlarmes);;;;(HistoM3 AND 16#0080) <> 16#0000 AND (AlarmCount < CST_NbMaxAlarmes);FB_Hmi_BannerFormatter.st;1053
ABORT_001;ABORT_REARMEMENT_AU;AU;ABORT_AU;[AU] Coupure volontaire IHM - relacher le bouton puis rearmer;ÉCHEC RÉARMEMENT AU;LastAbortCause = INT_TO_WORD(CST_ABORT_CUT_IHM);;;;LastAbortCause = INT_TO_WORD(CST_ABORT_CUT_IHM);FB_Hmi_BannerFormatter.st;413
ABORT_002;ABORT_REARMEMENT_AU;AU;ABORT_AU;[AU] Chute boucle urgence pendant test - relacher coup-de-poing puis rearmer;ÉCHEC RÉARMEMENT AU;LastAbortCause = INT_TO_WORD(CST_ABORT_CHAIN_DROP);;;;LastAbortCause = INT_TO_WORD(CST_ABORT_CHAIN_DROP);FB_Hmi_BannerFormatter.st;415
ABORT_003;ABORT_REARMEMENT_AU;AU;ABORT_AU;[AU] Chaine non remontee apres test A (200ms) - verifier boucle puis rearmer;ÉCHEC RÉARMEMENT AU;LastAbortCause = INT_TO_WORD(CST_ABORT_TIMEOUT_RESTORE_A);;;;LastAbortCause = INT_TO_WORD(CST_ABORT_TIMEOUT_RESTORE_A);FB_Hmi_BannerFormatter.st;417
ABORT_004;ABORT_REARMEMENT_AU;AU;ABORT_AU;[AU] Chaine non remontee apres test B (200ms) - verifier boucle puis rearmer;ÉCHEC RÉARMEMENT AU;LastAbortCause = INT_TO_WORD(CST_ABORT_TIMEOUT_RESTORE_B);;;;LastAbortCause = INT_TO_WORD(CST_ABORT_TIMEOUT_RESTORE_B);FB_Hmi_BannerFormatter.st;419
ABORT_005;ABORT_REARMEMENT_AU;M3;ABORT_AU;[M3] MecaA (mouvement non commandé) - Reset puis réarmer;ÉCHEC RÉARMEMENT AU;TranslationSafety.ErrorMecaA;;;;TranslationSafety.ErrorMecaA;FB_Hmi_BannerFormatter.st;425
ABORT_006;ABORT_REARMEMENT_AU;M3;ABORT_AU;[M3] MecaB (arrêt non confirmé) - Reset puis réarmer;ÉCHEC RÉARMEMENT AU;TranslationSafety.ErrorMecaB;;;;TranslationSafety.ErrorMecaB;FB_Hmi_BannerFormatter.st;427
ABORT_007;ABORT_REARMEMENT_AU;M3;ABORT_AU;[M3] Surchauffe frein - Reset puis réarmer;ÉCHEC RÉARMEMENT AU;TranslationSafety.ErrorBrakeThermal;;;;TranslationSafety.ErrorBrakeThermal;FB_Hmi_BannerFormatter.st;429
ABORT_008;ABORT_REARMEMENT_AU;M1;ABORT_AU;[M1] MecaA (mouvement non commandé) - Reset puis réarmer;ÉCHEC RÉARMEMENT AU;WinchM1Safety.ErrorMecaA;;;;WinchM1Safety.ErrorMecaA;FB_Hmi_BannerFormatter.st;431
ABORT_009;ABORT_REARMEMENT_AU;M1;ABORT_AU;[M1] MecaB (arrêt non confirmé) - Reset puis réarmer;ÉCHEC RÉARMEMENT AU;WinchM1Safety.ErrorMecaB;;;;WinchM1Safety.ErrorMecaB;FB_Hmi_BannerFormatter.st;433
ABORT_010;ABORT_REARMEMENT_AU;M1;ABORT_AU;[M1] Surchauffe moteur - Reset puis réarmer;ÉCHEC RÉARMEMENT AU;WinchM1Safety.ThermalFault;;;;WinchM1Safety.ThermalFault;FB_Hmi_BannerFormatter.st;435
ABORT_011;ABORT_REARMEMENT_AU;M1;ABORT_AU;[M1] Surchauffe frein - Reset puis réarmer;ÉCHEC RÉARMEMENT AU;WinchM1Safety.ErrorBrakeThermal;;;;WinchM1Safety.ErrorBrakeThermal;FB_Hmi_BannerFormatter.st;437
ABORT_012;ABORT_REARMEMENT_AU;M2;ABORT_AU;[M2] MecaA (mouvement non commandé) - Reset puis réarmer;ÉCHEC RÉARMEMENT AU;WinchM2Safety.ErrorMecaA;;;;WinchM2Safety.ErrorMecaA;FB_Hmi_BannerFormatter.st;439
ABORT_013;ABORT_REARMEMENT_AU;M2;ABORT_AU;[M2] MecaB (arrêt non confirmé) - Reset puis réarmer;ÉCHEC RÉARMEMENT AU;WinchM2Safety.ErrorMecaB;;;;WinchM2Safety.ErrorMecaB;FB_Hmi_BannerFormatter.st;441
ABORT_014;ABORT_REARMEMENT_AU;M2;ABORT_AU;[M2] Surchauffe moteur - Reset puis réarmer;ÉCHEC RÉARMEMENT AU;WinchM2Safety.ThermalFault;;;;WinchM2Safety.ThermalFault;FB_Hmi_BannerFormatter.st;443
ABORT_015;ABORT_REARMEMENT_AU;M2;ABORT_AU;[M2] Surchauffe frein - Reset puis réarmer;ÉCHEC RÉARMEMENT AU;WinchM2Safety.ErrorBrakeThermal;;;;WinchM2Safety.ErrorBrakeThermal;FB_Hmi_BannerFormatter.st;445
ABORT_016;ABORT_REARMEMENT_AU;AU;ABORT_AU;[AU] Coupure securite metier active - lever la cause puis rearmer;ÉCHEC RÉARMEMENT AU;WinchM2Safety.ErrorBrakeThermal;;;;WinchM2Safety.ErrorBrakeThermal;FB_Hmi_BannerFormatter.st;447
ABORT_017;ABORT_REARMEMENT_AU;AU;ABORT_AU;[AU] Defaut redondance canal A - verifier contacteur puis Reset;ÉCHEC RÉARMEMENT AU;LastAbortCause = INT_TO_WORD(CST_ABORT_REDUNDANCY_A);;;;LastAbortCause = INT_TO_WORD(CST_ABORT_REDUNDANCY_A);FB_Hmi_BannerFormatter.st;450
ABORT_018;ABORT_REARMEMENT_AU;AU;ABORT_AU;[AU] Defaut redondance canal B - verifier contacteur puis Reset;ÉCHEC RÉARMEMENT AU;LastAbortCause = INT_TO_WORD(CST_ABORT_REDUNDANCY_B);;;;LastAbortCause = INT_TO_WORD(CST_ABORT_REDUNDANCY_B);FB_Hmi_BannerFormatter.st;452
ABORT_019;ABORT_REARMEMENT_AU;AU;ABORT_AU;[AU] Contacteur non engage sous 2s - verifier puis rearmer;ÉCHEC RÉARMEMENT AU;LastAbortCause = INT_TO_WORD(CST_ABORT_TIMEOUT_CONTACTOR);;;;LastAbortCause = INT_TO_WORD(CST_ABORT_TIMEOUT_CONTACTOR);FB_Hmi_BannerFormatter.st;454
ABORT_020;ABORT_REARMEMENT_AU;AU;ABORT_AU;[AU] Rearmement interrompu - verifier et rearmer;ÉCHEC RÉARMEMENT AU;LastAbortCause = INT_TO_WORD(CST_ABORT_TIMEOUT_CONTACTOR);;;;LastAbortCause = INT_TO_WORD(CST_ABORT_TIMEOUT_CONTACTOR);FB_Hmi_BannerFormatter.st;456
ACT_021;OPERATOR_ACTION;PUPITRE;-;[PUPITRE] Boucle urgence ouverte - réarmer;CRITIQUE (Sécurité / AU);NOT EmergencyChainClosed;;;;NOT EmergencyChainClosed;FB_Hmi_BannerFormatter.st;461
ACT_022;OPERATOR_ACTION;IO;-;[IO] Défaut module E/S - vérifier alimentation/coupleur;CONDUITE (Manuel / Standard);NOT LocalIoValid OR NOT Vh0800Valid OR NOT Vh0808Valid OR NOT Vh0008ErValid OR NOT Vh0008Er1Valid;;;;NOT LocalIoValid OR NOT Vh0800Valid OR NOT Vh0808Valid OR NOT Vh0008ErValid OR NOT Vh0008Er1Valid;FB_Hmi_BannerFormatter.st;463
ACT_023;OPERATOR_ACTION;CAN;-;[CAN] Défaut bus CANopen - vérifier câblage;CONDUITE (Manuel / Standard);NOT CanBusValid;;;;NOT CanBusValid;FB_Hmi_BannerFormatter.st;465
ACT_024;OPERATOR_ACTION;CAN;-;[CAN] Joystick non détecté - vérifier liaison;CONDUITE (Manuel / Standard);NOT Joy1Valid;;;;NOT Joy1Valid;FB_Hmi_BannerFormatter.st;467
ACT_025;OPERATOR_ACTION;ECAT;-;[ECAT] Défaut bus EtherCAT - vérifier liaison;CONDUITE (Manuel / Standard);NOT EcatBusValid;;;;NOT EcatBusValid;FB_Hmi_BannerFormatter.st;469
ACT_026;OPERATOR_ACTION;ECAT;-;[ECAT] Codeurs non détectés - vérifier liaison;CONDUITE (Manuel / Standard);NOT EncM1Valid OR NOT EncM2Valid;;;;NOT EncM1Valid OR NOT EncM2Valid;FB_Hmi_BannerFormatter.st;471
ACT_027;OPERATOR_ACTION;ECAT;-;[ECAT] Variateur non détecté - vérifier liaison;CONDUITE (Manuel / Standard);NOT VarM3Valid;;;;NOT VarM3Valid;FB_Hmi_BannerFormatter.st;473
ACT_028;OPERATOR_ACTION;OPÉRATEUR;-;[SÉCURITÉ] Coupure puissance active - acquitter défaut treuil/pont;CRITIQUE (Sécurité / AU);PowerCutOffActiveAny;;;;PowerCutOffActiveAny;FB_Hmi_BannerFormatter.st;484
ACT_029;OPERATOR_ACTION;AU;-;[AU] Défaut redondance contacteurs - réarmer (Reset);CRITIQUE (Sécurité / AU);RedundancyTestFailed;;;;RedundancyTestFailed;FB_Hmi_BannerFormatter.st;486
ACT_030;OPERATOR_ACTION;AU;-;[AU] Échec réarmement contacteur - réarmer;CRITIQUE (Sécurité / AU);EmergencyArmingFailed;;;;EmergencyArmingFailed;FB_Hmi_BannerFormatter.st;488
ACT_031;OPERATOR_ACTION;PUPITRE;-;[PUPITRE] Réarmer AU et puissance;CRITIQUE (Sécurité / AU);NOT PowerContactorEngaged;;;;NOT PowerContactorEngaged;FB_Hmi_BannerFormatter.st;490
ACT_032;OPERATOR_ACTION;SYNC;-;[SYNC] Discordance contacteurs M1/M2 - Acquitter SafeStop;CONDUITE (Manuel / Standard);SyncContactorDiag.MismatchLevel >= 1;;;;SyncContactorDiag.MismatchLevel >= 1;FB_Hmi_BannerFormatter.st;493
ACT_033;OPERATOR_ACTION;PUPITRE;-;[PUPITRE] Acquitter SafeStop;CONDUITE (Manuel / Standard);SyncContactorDiag.MismatchLevel >= 1;;;;SyncContactorDiag.MismatchLevel >= 1;FB_Hmi_BannerFormatter.st;495
ACT_034;OPERATOR_ACTION;TREUIL;-;[TREUIL] Descente interdite - Chariot M3 pas a P1/Maintenance;INTERLOCK (Mouvement refusé);WinchDescentLockedByM3;;;;WinchDescentLockedByM3;FB_Hmi_BannerFormatter.st;501
ACT_035;OPERATOR_ACTION;TREUIL;-;[TREUIL] Descente interdite - Limite legale atteinte;INTERLOCK (Mouvement refusé);LegalLimitReached;;;;LegalLimitReached;FB_Hmi_BannerFormatter.st;504
ACT_036;OPERATOR_ACTION;TREUIL;-;[TREUIL] Descente interdite - Limite basse cable;INTERLOCK (Mouvement refusé);WinchM1Safety.CableLimitDescent OR WinchM2Safety.CableLimitDescent;;;;WinchM1Safety.CableLimitDescent OR WinchM2Safety.CableLimitDescent;FB_Hmi_BannerFormatter.st;507
ACT_037;OPERATOR_ACTION;TREUIL;-;[TREUIL] Descente interdite - Mou de cable detecte;INTERLOCK (Mouvement refusé);WinchM1Safety.SlackCable OR WinchM2Safety.SlackCable;;;;WinchM1Safety.SlackCable OR WinchM2Safety.SlackCable;FB_Hmi_BannerFormatter.st;510
ACT_038;OPERATOR_ACTION;TREUIL;-;[TREUIL] Descente interdite - Treuil M2 (benne);INTERLOCK (Mouvement refusé);WinchM1Safety.DescendPermit AND NOT WinchM2Safety.DescendPermit;;;;WinchM1Safety.DescendPermit AND NOT WinchM2Safety.DescendPermit;FB_Hmi_BannerFormatter.st;513
ACT_039;OPERATOR_ACTION;TREUIL;-;[TREUIL] Descente interdite - Treuil M1 (retenue);INTERLOCK (Mouvement refusé);WinchM2Safety.DescendPermit AND NOT WinchM1Safety.DescendPermit;;;;WinchM2Safety.DescendPermit AND NOT WinchM1Safety.DescendPermit;FB_Hmi_BannerFormatter.st;516
ACT_040;OPERATOR_ACTION;TREUIL;-;[TREUIL] Descente interdite;INTERLOCK (Mouvement refusé);WinchM2Safety.DescendPermit AND NOT WinchM1Safety.DescendPermit;;;;WinchM2Safety.DescendPermit AND NOT WinchM1Safety.DescendPermit;FB_Hmi_BannerFormatter.st;518
ACT_041;OPERATOR_ACTION;TREUIL;-;[TREUIL] Montée interdite - limite haute;INTERLOCK (Mouvement refusé);TopLimitReached;;;;TopLimitReached;FB_Hmi_BannerFormatter.st;522
ACT_042;OPERATOR_ACTION;TREUIL;-;[TREUIL] Montée interdite - capteur haut;INTERLOCK (Mouvement refusé);WinchM1Safety.ErrorMecaD OR WinchM2Safety.ErrorMecaD;;;;WinchM1Safety.ErrorMecaD OR WinchM2Safety.ErrorMecaD;FB_Hmi_BannerFormatter.st;525
ACT_043;OPERATOR_ACTION;TREUIL;-;[TREUIL] Montée interdite - treuil M2;INTERLOCK (Mouvement refusé);WinchM1Safety.AscentPermit AND NOT WinchM2Safety.AscentPermit;;;;WinchM1Safety.AscentPermit AND NOT WinchM2Safety.AscentPermit;FB_Hmi_BannerFormatter.st;528
ACT_044;OPERATOR_ACTION;TREUIL;-;[TREUIL] Montée interdite;INTERLOCK (Mouvement refusé);WinchM1Safety.AscentPermit AND NOT WinchM2Safety.AscentPermit;;;;WinchM1Safety.AscentPermit AND NOT WinchM2Safety.AscentPermit;FB_Hmi_BannerFormatter.st;530
ACT_045;OPERATOR_ACTION;IHM-JOY;-;[IHM-JOY] Appuyer Start Cycle (ou homme-mort) pour initialiser;GUIDAGE_CYCLE (Semi-Auto);Étape E_AutoCycleStep.AX0_REPOS;;;;Étape E_AutoCycleStep.AX0_REPOS;FB_Hmi_BannerFormatter.st;537
ACT_046;OPERATOR_ACTION;INIT;-;[INIT] Verifier conditions initiales (referencement, FDC haut);GUIDAGE_CYCLE (Semi-Auto);CycleStateStr <> '';;;;CycleStateStr <> '';FB_Hmi_BannerFormatter.st;542
ACT_047;OPERATOR_ACTION;JOY;-;[JOY] Pousser a droite : translation vers P1;GUIDAGE_CYCLE (Semi-Auto);Étape E_AutoCycleStep.AX2_TRANSLATE_P1;;;;Étape E_AutoCycleStep.AX2_TRANSLATE_P1;FB_Hmi_BannerFormatter.st;545
ACT_048;OPERATOR_ACTION;JOY;-;[JOY] Pousser descente : ouverture benne jusqu au FDC;GUIDAGE_CYCLE (Semi-Auto);Étape E_AutoCycleStep.AX3_OPEN_BUCKET;;;;Étape E_AutoCycleStep.AX3_OPEN_BUCKET;FB_Hmi_BannerFormatter.st;547
ACT_049;OPERATOR_ACTION;JOY;-;[JOY] Pousser descente : plongee palier 4;GUIDAGE_CYCLE (Semi-Auto);Étape E_AutoCycleStep.AX4_DESCEND_DIVING;;;;Étape E_AutoCycleStep.AX4_DESCEND_DIVING;FB_Hmi_BannerFormatter.st;549
ACT_050;OPERATOR_ACTION;JOY;-;[JOY] Maintenir descente : init Kobold;GUIDAGE_CYCLE (Semi-Auto);Étape E_AutoCycleStep.AX5_KOBOLD_INIT;;;;Étape E_AutoCycleStep.AX5_KOBOLD_INIT;FB_Hmi_BannerFormatter.st;551
ACT_051;OPERATOR_ACTION;JOY;-;[JOY] Maintenir descente : recherche immersion;GUIDAGE_CYCLE (Semi-Auto);Étape E_AutoCycleStep.AX6_SEARCH_IMMERSION;;;;Étape E_AutoCycleStep.AX6_SEARCH_IMMERSION;FB_Hmi_BannerFormatter.st;553
ACT_052;OPERATOR_ACTION;JOY;-;[JOY] Maintenir descente : recherche fond (Kobold);GUIDAGE_CYCLE (Semi-Auto);Étape E_AutoCycleStep.AX7_SEARCH_BOTTOM;;;;Étape E_AutoCycleStep.AX7_SEARCH_BOTTOM;FB_Hmi_BannerFormatter.st;555
ACT_053;OPERATOR_ACTION;JOY;-;[JOY] Fond atteint : relacher puis tirer pour extraire;GUIDAGE_CYCLE (Semi-Auto);Étape E_AutoCycleStep.AX8_BOTTOM_CONFIRMED;;;;Étape E_AutoCycleStep.AX8_BOTTOM_CONFIRMED;FB_Hmi_BannerFormatter.st;557
ACT_054;OPERATOR_ACTION;JOY;-;[JOY] Reprise plongee : remonter au FDC haut;GUIDAGE_CYCLE (Semi-Auto);Étape E_AutoCycleStep.AX_DIVING_RETRY;;;;Étape E_AutoCycleStep.AX_DIVING_RETRY;FB_Hmi_BannerFormatter.st;559
ACT_055;OPERATOR_ACTION;JOY;-;[JOY] Tirer : montee synchronisee et retendre les cables;GUIDAGE_CYCLE (Semi-Auto);Étape E_AutoCycleStep.AX9_RAISE_OFF_BOTTOM;;;;Étape E_AutoCycleStep.AX9_RAISE_OFF_BOTTOM;FB_Hmi_BannerFormatter.st;561
ACT_056;OPERATOR_ACTION;JOY;-;[JOY] Tirer montee : fermeture de la benne;GUIDAGE_CYCLE (Semi-Auto);Étape E_AutoCycleStep.AX10_CLOSE_BUCKET;;;;Étape E_AutoCycleStep.AX10_CLOSE_BUCKET;FB_Hmi_BannerFormatter.st;563
ACT_057;OPERATOR_ACTION;JOY;-;[JOY] Tirer montee : remontee de controle;GUIDAGE_CYCLE (Semi-Auto);Étape E_AutoCycleStep.AX11_CTRL_ASCENT;;;;Étape E_AutoCycleStep.AX11_CTRL_ASCENT;FB_Hmi_BannerFormatter.st;565
ACT_058;OPERATOR_ACTION;JOY;-;[JOY] Tirer montee : remontee en charge;GUIDAGE_CYCLE (Semi-Auto);Étape E_AutoCycleStep.AX12_LOADED_ASCENT;;;;Étape E_AutoCycleStep.AX12_LOADED_ASCENT;FB_Hmi_BannerFormatter.st;567
ACT_059;OPERATOR_ACTION;CYCLE;-;[CYCLE] Egouttage en cours (attendre tempo ou bouton Passer);GUIDAGE_CYCLE (Semi-Auto);Étape E_AutoCycleStep.AX13_DRAIN_PAUSE;;;;Étape E_AutoCycleStep.AX13_DRAIN_PAUSE;FB_Hmi_BannerFormatter.st;569
ACT_060;OPERATOR_ACTION;JOY;-;[JOY] Pousser a gauche : translation vers tremie;GUIDAGE_CYCLE (Semi-Auto);Étape E_AutoCycleStep.AX14_TRANSLATE_DUMP;;;;Étape E_AutoCycleStep.AX14_TRANSLATE_DUMP;FB_Hmi_BannerFormatter.st;571
ACT_061;OPERATOR_ACTION;JOY;-;[JOY] Pousser descente : vidage benne a la tremie;GUIDAGE_CYCLE (Semi-Auto);Étape E_AutoCycleStep.AX15B_DUMP_OPEN;;;;Étape E_AutoCycleStep.AX15B_DUMP_OPEN;FB_Hmi_BannerFormatter.st;573
ACT_062;OPERATOR_ACTION;JOY;-;[JOY] Pousser descente : vidage benne a la tremie;GUIDAGE_CYCLE (Semi-Auto);Étape E_AutoCycleStep.AX15C_DUMP_REPOSITION;;;;Étape E_AutoCycleStep.AX15C_DUMP_REPOSITION;FB_Hmi_BannerFormatter.st;575
ACT_063;OPERATOR_ACTION;JOY;-;[JOY] Cycle termine : pousser a droite vers P1;GUIDAGE_CYCLE (Semi-Auto);Étape E_AutoCycleStep.AX18_DONE_SYNC;;;;Étape E_AutoCycleStep.AX18_DONE_SYNC;FB_Hmi_BannerFormatter.st;577
ACT_064;OPERATOR_ACTION;CYCLE;-;[CYCLE] Cycle en cours...;GUIDAGE_CYCLE (Semi-Auto);(CycleErrorId AND 16#0400) <> 0;;;;(CycleErrorId AND 16#0400) <> 0;FB_Hmi_BannerFormatter.st;638
ACT_065;OPERATOR_ACTION;TREUIL;-;[TREUIL] Attendre fin du Dive;CONDUITE (Manuel / Standard);DiveActive AND CurrentDirection < 0;;;;DiveActive AND CurrentDirection < 0;FB_Hmi_BannerFormatter.st;641
ACT_066;OPERATOR_ACTION;BENNE;-;[BENNE] Ouvrir la benne;CONDUITE (Manuel / Standard);NOT BucketIsOpen AND CurrentDirection < 0;;;;NOT BucketIsOpen AND CurrentDirection < 0;FB_Hmi_BannerFormatter.st;643
ACT_067;OPERATOR_ACTION;TREUIL;-;[TREUIL] Limite haute;CONDUITE (Manuel / Standard);TopLimitReached AND CurrentDirection > 0;;;;TopLimitReached AND CurrentDirection > 0;FB_Hmi_BannerFormatter.st;645
ACT_068;OPERATOR_ACTION;BENNE;-;[BENNE] Benne non fermee - montee bridee palier 1 (securite);CONDUITE (Manuel / Standard);NOT BucketIsClosed AND CurrentDirection > 0;;;;NOT BucketIsClosed AND CurrentDirection > 0;FB_Hmi_BannerFormatter.st;649
ACT_069;OPERATOR_ACTION;JOYSTICK;-;[JOYSTICK] Appuyer homme-mort au neutre;CONDUITE (Manuel / Standard);NOT DeadmanArmed;;;;NOT DeadmanArmed;FB_Hmi_BannerFormatter.st;651
ACT_070;OPERATOR_ACTION;IHM;-;[IHM] Sélectionner un mode;CONDUITE (Manuel / Standard);CurrentMode = E_Mode.DISABLE;;;;CurrentMode = E_Mode.DISABLE;FB_Hmi_BannerFormatter.st;653
ACT_071;OPERATOR_ACTION;JOYSTICK;-;[JOYSTICK] Armé - actionner axe;CONDUITE (Manuel / Standard);JoystickAtNeutral;;;;JoystickAtNeutral;FB_Hmi_BannerFormatter.st;655
ACT_072;OPERATOR_ACTION;JOYSTICK;-;[JOYSTICK] Déplacement en cours;CONDUITE (Manuel / Standard);JoystickAtNeutral;;;;JoystickAtNeutral;FB_Hmi_BannerFormatter.st;657
SPEC_001;SPECIAL_CONDITION;MACHINE / POSITION;-;ESSAI CYCLE : CONTROLES INHIBES;DÉROGATION / VERROU;CycleChecksInhibited;;;;CycleChecksInhibited;FB_Hmi_BannerFormatter.st;312
SPEC_002;SPECIAL_CONDITION;MACHINE / POSITION;-;ATTENTION: Bypass actif;DÉROGATION / VERROU;AnyBypassActive;;;;AnyBypassActive;FB_Hmi_BannerFormatter.st;314
SPEC_003;SPECIAL_CONDITION;MACHINE / POSITION;-;ATTENTION: Synchro bridée;DÉROGATION / VERROU;SyncDegradedActive;;;;SyncDegradedActive;FB_Hmi_BannerFormatter.st;316
SPEC_004;SPECIAL_CONDITION;MACHINE / POSITION;-;ATTENTION: Limite légale;DÉROGATION / VERROU;LegalLimitReached;;;;LegalLimitReached;FB_Hmi_BannerFormatter.st;318
SPEC_005;SPECIAL_CONDITION;MACHINE / POSITION;-;M3 a la Tremie : mode benne actif (ouverture/fermeture disponible);DÉROGATION / VERROU;M3AtTremieStable;;;;M3AtTremieStable;FB_Hmi_BannerFormatter.st;324
SPEC_006;SPECIAL_CONDITION;MACHINE / POSITION;-;Descente treuil verrouillee : chariot M3 pas a P1/Maintenance;DÉROGATION / VERROU;WinchDescentLockedByM3;;;;WinchDescentLockedByM3;FB_Hmi_BannerFormatter.st;328
HOM_001;GUIDAGE_HOMING;HOMING / CODEURS;HOMING;Homing indisponible;GUIDAGE RÉFÉRENCEMENT;NOT Enable;;;;NOT Enable;FB_CycleMachineHoming.st;388
HOM_002;GUIDAGE_HOMING;HOMING / CODEURS;HOMING;Erreur ou Echec homing - Acquitter (Reset);GUIDAGE RÉFÉRENCEMENT;Fault.Latched;;;;Fault.Latched;FB_CycleMachineHoming.st;606
HOM_003;GUIDAGE_HOMING;HOMING / CODEURS;HOMING;HXF - Homing incomplet - Recommencer en N2;GUIDAGE RÉFÉRENCEMENT;MachineHomingFailed OR (SeqStep = E_MachineHomingTxState.HXF_FAILED);;;;MachineHomingFailed OR (SeqStep = E_MachineHomingTxState.HXF_FAILED);FB_CycleMachineHoming.st;609
HOM_004;GUIDAGE_HOMING;HOMING / CODEURS;HOMING;Reference perdue - Arret controle;GUIDAGE RÉFÉRENCEMENT;MachineHomingLossSafeStop;;;;MachineHomingLossSafeStop;FB_CycleMachineHoming.st;612
HOM_005;GUIDAGE_HOMING;HOMING / CODEURS;HOMING;HX2 - RefHoming Tirer JOY palier 1 vers FDC haut;GUIDAGE RÉFÉRENCEMENT;(SeqStep = E_MachineHomingTxState.HX2_CLIMB);;;;(SeqStep = E_MachineHomingTxState.HX2_CLIMB);FB_CycleMachineHoming.st;621
HOM_006;GUIDAGE_HOMING;HOMING / CODEURS;HOMING;HX2N - RefHoming JOY au neutre puis pousser (descente);GUIDAGE RÉFÉRENCEMENT;(SeqStep = E_MachineHomingTxState.HX2N_NEUTRAL);;;;(SeqStep = E_MachineHomingTxState.HX2N_NEUTRAL);FB_CycleMachineHoming.st;624
HOM_007;GUIDAGE_HOMING;HOMING / CODEURS;HOMING;HX3 - RefHoming Pousser JOY palier 1, homing M1/M2 au vol;GUIDAGE RÉFÉRENCEMENT;(SeqStep = E_MachineHomingTxState.HX3_HOME_AXES);;;;(SeqStep = E_MachineHomingTxState.HX3_HOME_AXES);FB_CycleMachineHoming.st;627
HOM_008;GUIDAGE_HOMING;HOMING / CODEURS;HOMING;HX3N - RefHoming JOY au neutre (arret avant benne);GUIDAGE RÉFÉRENCEMENT;(SeqStep = E_MachineHomingTxState.HX3N_PAUSE);;;;(SeqStep = E_MachineHomingTxState.HX3N_PAUSE);FB_CycleMachineHoming.st;630
HOM_009;GUIDAGE_HOMING;HOMING / CODEURS;HOMING;HX4 - RefHoming Fermer benne puis valider (3 appuis JOY);GUIDAGE RÉFÉRENCEMENT;(SeqStep = E_MachineHomingTxState.HX4_BUCKET_ADJUST);;;;(SeqStep = E_MachineHomingTxState.HX4_BUCKET_ADJUST);FB_CycleMachineHoming.st;633
HOM_010;GUIDAGE_HOMING;HOMING / CODEURS;HOMING;HX5 - RefHoming Etat benne enregistre - fin homing;GUIDAGE RÉFÉRENCEMENT;(SeqStep = E_MachineHomingTxState.HX4_BUCKET_ADJUST);;;;(SeqStep = E_MachineHomingTxState.HX4_BUCKET_ADJUST);FB_CycleMachineHoming.st;637
HOM_011;GUIDAGE_HOMING;HOMING / CODEURS;HOMING;HX1 - Homing inhibe : attendre boot codeurs puis passer en MAINT_N2;GUIDAGE RÉFÉRENCEMENT;(SeqStep = E_MachineHomingTxState.HX1_CHOICE) AND NOT BootReady;;;;(SeqStep = E_MachineHomingTxState.HX1_CHOICE) AND NOT BootReady;FB_CycleMachineHoming.st;640
HOM_012;GUIDAGE_HOMING;HOMING / CODEURS;HOMING;HX1 - RefHoming Passer en MAINT_N2 pour referencer;GUIDAGE RÉFÉRENCEMENT;Mode <> E_Mode.MAINT_N2;;;;Mode <> E_Mode.MAINT_N2;FB_CycleMachineHoming.st;644
HOM_013;GUIDAGE_HOMING;HOMING / CODEURS;HOMING;HX1 - RefHoming Valider (3 appuis JOY) pour lancer;GUIDAGE RÉFÉRENCEMENT;NOT TopPositionSensor;;;;NOT TopPositionSensor;FB_CycleMachineHoming.st;647
HOM_014;GUIDAGE_HOMING;HOMING / CODEURS;HOMING;HX1 - RefHoming Sur FDC haut - valider (3 appuis JOY);GUIDAGE RÉFÉRENCEMENT;NOT TopPositionSensor;;;;NOT TopPositionSensor;FB_CycleMachineHoming.st;650
HOM_015;GUIDAGE_HOMING;HOMING / CODEURS;HOMING;HX0 - RefHoming M1+M2 non ref - lancer (3 appuis JOY ou IHM);GUIDAGE RÉFÉRENCEMENT;NOT M1Status.HomedAndReliable AND NOT M2Status.HomedAndReliable;;;;NOT M1Status.HomedAndReliable AND NOT M2Status.HomedAndReliable;FB_CycleMachineHoming.st;654
HOM_016;GUIDAGE_HOMING;HOMING / CODEURS;HOMING;HX0 - RefHoming M1 non ref - relancer le homing;GUIDAGE RÉFÉRENCEMENT;NOT M1Status.HomedAndReliable;;;;NOT M1Status.HomedAndReliable;FB_CycleMachineHoming.st;657
HOM_017;GUIDAGE_HOMING;HOMING / CODEURS;HOMING;HX0 - RefHoming M2 non ref - relancer le homing;GUIDAGE RÉFÉRENCEMENT;NOT M2Status.HomedAndReliable;;;;NOT M2Status.HomedAndReliable;FB_CycleMachineHoming.st;660
HOM_018;GUIDAGE_HOMING;HOMING / CODEURS;HOMING;HX0 - RefHoming Offset benne inconnu - passer en N2;GUIDAGE RÉFÉRENCEMENT;Mode <> E_Mode.MAINT_N2;;;;Mode <> E_Mode.MAINT_N2;FB_CycleMachineHoming.st;664
HOM_019;GUIDAGE_HOMING;HOMING / CODEURS;HOMING;HX0 - RefHoming Lancer le homing (etat benne);GUIDAGE RÉFÉRENCEMENT;Mode <> E_Mode.MAINT_N2;;;;Mode <> E_Mode.MAINT_N2;FB_CycleMachineHoming.st;667
HOM_020;GUIDAGE_HOMING;HOMING / CODEURS;HOMING;Reference machine valide;GUIDAGE RÉFÉRENCEMENT;Mode <> E_Mode.MAINT_N2;;;;Mode <> E_Mode.MAINT_N2;FB_CycleMachineHoming.st;671
EMG_001;SECURITE_AU;ARRÊT D'URGENCE;AU_STATUS;AU neutralisee (Enable=FALSE);ÉTAT SÉCURITÉ AU;NOT Enable;;;;NOT Enable;FB_Safety_EmergencyManagement.st;594
EMG_002;SECURITE_AU;ARRÊT D'URGENCE;AU_STATUS;AU: BYPASS INGENIERIE MES ACTIF - NON SECURISE - retirer avant exploitation;ÉTAT SÉCURITÉ AU;NOT Enable;;;;NOT Enable;FB_Safety_EmergencyManagement.st;597
EMG_003;SECURITE_AU;ARRÊT D'URGENCE;AU_STATUS;AU: autotest demarrage echoue - verifier boucle/contacteur puis Reset;ÉTAT SÉCURITÉ AU;StartupFail;;;;StartupFail;FB_Safety_EmergencyManagement.st;599
EMG_004;SECURITE_AU;ARRÊT D'URGENCE;AU_STATUS;AU: defaut redondance contacteurs - verifier puis Reset;ÉTAT SÉCURITÉ AU;RedundancyTestFailed;;;;RedundancyTestFailed;FB_Safety_EmergencyManagement.st;601
EMG_005;SECURITE_AU;ARRÊT D'URGENCE;AU_STATUS;AU echec: contacteur non confirme;ÉTAT SÉCURITÉ AU;LastAbortCause = INT_TO_WORD(CST_ABORT_TIMEOUT_CONTACTOR);;;;LastAbortCause = INT_TO_WORD(CST_ABORT_TIMEOUT_CONTACTOR);FB_Safety_EmergencyManagement.st;605
EMG_006;SECURITE_AU;ARRÊT D'URGENCE;AU_STATUS;AU echec: voie A collee;ÉTAT SÉCURITÉ AU;LastAbortCause = INT_TO_WORD(CST_ABORT_REDUNDANCY_A);;;;LastAbortCause = INT_TO_WORD(CST_ABORT_REDUNDANCY_A);FB_Safety_EmergencyManagement.st;607
EMG_007;SECURITE_AU;ARRÊT D'URGENCE;AU_STATUS;AU echec: voie B collee;ÉTAT SÉCURITÉ AU;LastAbortCause = INT_TO_WORD(CST_ABORT_REDUNDANCY_B);;;;LastAbortCause = INT_TO_WORD(CST_ABORT_REDUNDANCY_B);FB_Safety_EmergencyManagement.st;609
EMG_008;SECURITE_AU;ARRÊT D'URGENCE;AU_STATUS;AU echec: chaine non refermee (voie A);ÉTAT SÉCURITÉ AU;LastAbortCause = INT_TO_WORD(CST_ABORT_TIMEOUT_RESTORE_A);;;;LastAbortCause = INT_TO_WORD(CST_ABORT_TIMEOUT_RESTORE_A);FB_Safety_EmergencyManagement.st;611
EMG_009;SECURITE_AU;ARRÊT D'URGENCE;AU_STATUS;AU echec: chaine non refermee (voie B);ÉTAT SÉCURITÉ AU;LastAbortCause = INT_TO_WORD(CST_ABORT_TIMEOUT_RESTORE_B);;;;LastAbortCause = INT_TO_WORD(CST_ABORT_TIMEOUT_RESTORE_B);FB_Safety_EmergencyManagement.st;613
EMG_010;SECURITE_AU;ARRÊT D'URGENCE;AU_STATUS;AU echec: chaine ouverte pendant pulse;ÉTAT SÉCURITÉ AU;LastAbortCause = INT_TO_WORD(CST_ABORT_CHAIN_DROP);;;;LastAbortCause = INT_TO_WORD(CST_ABORT_CHAIN_DROP);FB_Safety_EmergencyManagement.st;615
EMG_011;SECURITE_AU;ARRÊT D'URGENCE;AU_STATUS;AU echec: coupure metier en sequence;ÉTAT SÉCURITÉ AU;LastAbortCause = INT_TO_WORD(CST_ABORT_POWER_CUTOFF);;;;LastAbortCause = INT_TO_WORD(CST_ABORT_POWER_CUTOFF);FB_Safety_EmergencyManagement.st;617
EMG_012;SECURITE_AU;ARRÊT D'URGENCE;AU_STATUS;AU echec: coupure IHM en sequence;ÉTAT SÉCURITÉ AU;LastAbortCause = INT_TO_WORD(CST_ABORT_CUT_IHM);;;;LastAbortCause = INT_TO_WORD(CST_ABORT_CUT_IHM);FB_Safety_EmergencyManagement.st;619
EMG_013;SECURITE_AU;ARRÊT D'URGENCE;AU_STATUS;AU echec: etape invalide - Reset;ÉTAT SÉCURITÉ AU;LastAbortCause = INT_TO_WORD(CST_ABORT_INVALID_STEP);;;;LastAbortCause = INT_TO_WORD(CST_ABORT_INVALID_STEP);FB_Safety_EmergencyManagement.st;621
EMG_014;SECURITE_AU;ARRÊT D'URGENCE;AU_STATUS;AU echec armement - relancer;ÉTAT SÉCURITÉ AU;LastAbortCause = INT_TO_WORD(CST_ABORT_INVALID_STEP);;;;LastAbortCause = INT_TO_WORD(CST_ABORT_INVALID_STEP);FB_Safety_EmergencyManagement.st;623
EMG_015;SECURITE_AU;ARRÊT D'URGENCE;AU_STATUS;AU: coupure securite metier active - lever la cause puis rearmer;ÉTAT SÉCURITÉ AU;PowerCutOffRequest;;;;PowerCutOffRequest;FB_Safety_EmergencyManagement.st;626
EMG_016;SECURITE_AU;ARRÊT D'URGENCE;AU_STATUS;AU: coupure urgence IHM active - relacher puis rearmer;ÉTAT SÉCURITÉ AU;BtnEmergencyCutOff;;;;BtnEmergencyCutOff;FB_Safety_EmergencyManagement.st;628
EMG_017;SECURITE_AU;ARRÊT D'URGENCE;AU_STATUS;AU: boucle urgence ouverte - verifier coup-de-poing;ÉTAT SÉCURITÉ AU;NOT EmergencyChainClosed;;;;NOT EmergencyChainClosed;FB_Safety_EmergencyManagement.st;630
EMG_018;SECURITE_AU;ARRÊT D'URGENCE;AU_STATUS;AU: verrouillage 5s actif - attendre puis rearmer;ÉTAT SÉCURITÉ AU;EmergencyArmingLockoutActive;;;;EmergencyArmingLockoutActive;FB_Safety_EmergencyManagement.st;632
EMG_019;SECURITE_AU;ARRÊT D'URGENCE;AU_STATUS;AU: temporisation 5s en cours - patienter;ÉTAT SÉCURITÉ AU;ArmPulseInhibitActive;;;;ArmPulseInhibitActive;FB_Safety_EmergencyManagement.st;641
EMG_020;SECURITE_AU;ARRÊT D'URGENCE;AU_STATUS;AU: appui pris en compte - etablissement chaine;ÉTAT SÉCURITÉ AU;PreArmDelayActive;;;;PreArmDelayActive;FB_Safety_EmergencyManagement.st;643
EMG_021;SECURITE_AU;ARRÊT D'URGENCE;AU_STATUS;AU: repos - pret a rearmer;ÉTAT SÉCURITÉ AU;PreArmDelayActive;;;;PreArmDelayActive;FB_Safety_EmergencyManagement.st;645
EMG_022;SECURITE_AU;ARRÊT D'URGENCE;AU_STATUS;AU: autotest canal A en cours;ÉTAT SÉCURITÉ AU;PreArmDelayActive;;;;PreArmDelayActive;FB_Safety_EmergencyManagement.st;648
EMG_023;SECURITE_AU;ARRÊT D'URGENCE;AU_STATUS;AU: restauration canal A;ÉTAT SÉCURITÉ AU;PreArmDelayActive;;;;PreArmDelayActive;FB_Safety_EmergencyManagement.st;650
EMG_024;SECURITE_AU;ARRÊT D'URGENCE;AU_STATUS;AU: autotest canal B en cours;ÉTAT SÉCURITÉ AU;PreArmDelayActive;;;;PreArmDelayActive;FB_Safety_EmergencyManagement.st;652
EMG_025;SECURITE_AU;ARRÊT D'URGENCE;AU_STATUS;AU: restauration canal B;ÉTAT SÉCURITÉ AU;PreArmDelayActive;;;;PreArmDelayActive;FB_Safety_EmergencyManagement.st;654
EMG_026;SECURITE_AU;ARRÊT D'URGENCE;AU_STATUS;AU: impulsion rearmement contacteur;ÉTAT SÉCURITÉ AU;PreArmDelayActive;;;;PreArmDelayActive;FB_Safety_EmergencyManagement.st;656
EMG_027;SECURITE_AU;ARRÊT D'URGENCE;AU_STATUS;AU: attente confirmation contacteur;ÉTAT SÉCURITÉ AU;PreArmDelayActive;;;;PreArmDelayActive;FB_Safety_EmergencyManagement.st;658
PRE_01;CHECKLIST_PREFLIGHT;TREUIL M1;16#0001;Frein treuil M1 non serré machine à l'arrêt;CONTRÔLE MACHINE ARRÊTÉE;⚡ Contacteur frein M1 resté enclenché en armoire ou contact de recopie bloqué (aucun capteur sur treuil).;🕹️ Mettre les manipulateurs au neutre sur le pupitre. Relancer le Preflight.;🧰 Tester le contacteur frein KM_Frein_M1 en armoire. Mesurer 0V sur la bobine de défreinage à l'arrêt. Remplacer si contacts soudés.;VH_0008ER · Relais %QX27.0 (M1_BrakeRelease_RQ) ➔ Mesure : Continuité contact sec C0/NO0 ➔ Attendu repos : 0V / Contact ouvert | VH_0800END · Borne %IX225.0 (M1_BrakeIsOpen_DI) ➔ Attendu repos : 0V;Défaut si NOT M1BrakeApplied;FB_Acquisition_Preflight.st;68
PRE_02;CHECKLIST_PREFLIGHT;TREUIL M2;16#0002;Frein treuil M2 non serré machine à l'arrêt;CONTRÔLE MACHINE ARRÊTÉE;⚡ Contacteur frein M2 resté enclenché en armoire ou contact de recopie bloqué (aucun capteur sur treuil).;🕹️ Mettre le manipulateur benne au neutre au pupitre. Relancer le Preflight.;🧰 Tester le contacteur frein KM_Frein_M2 en armoire. Mesurer 0V sur la bobine de défreinage à l'arrêt. Remplacer si contacts soudés.;VH_0008ER · Relais %QX27.1 (M2_BrakeRelease_RQ) ➔ Mesure : Continuité contact sec C1/NO1 ➔ Attendu repos : 0V / Contact ouvert | VH_0800END · Borne %IX225.1 (M2_BrakeIsOpen_DI) ➔ Attendu repos : 0V;Défaut si NOT M2BrakeApplied;FB_Acquisition_Preflight.st;69
PRE_03;CHECKLIST_PREFLIGHT;TRANSLATION M3;16#0004;Frein translation M3 non serré machine à l'arrêt;CONTRÔLE MACHINE ARRÊTÉE;⚡ Contacteur/relais frein translation M3 resté enclenché en armoire (aucun capteur sur chariot).;🕹️ Mettre le manipulateur translation au neutre au pupitre. Relancer le Preflight.;🧰 Contrôler le relais frein KM_Frein_M3 en armoire. Mesurer 0V sur la bobine à l'arrêt.;VH_0008ER · Relais %QX27.2 (M3_BrakeRelease_RQ) ➔ Mesure : Continuité contact sec C2/NO2 ➔ Attendu repos : 0V / Contact ouvert | VH_0800END · Borne %IX225.2 (M3_BrakeIsOpen_DI) ➔ Attendu repos : 0V;Défaut si NOT M3BrakeApplied;FB_Acquisition_Preflight.st;70
PRE_04;CHECKLIST_PREFLIGHT;TREUIL M1;16#0008;Contacteurs M1 non retombés (détection collage contacteur);CONTRÔLE MACHINE ARRÊTÉE;🚨 Contacteur de puissance sens/vitesse M1 resté collé fermé ou boucle de surveillance EDM ouverte.;🛑 Ne pas enclencher la puissance. Condamner le pupitre de commande.;⚠️ DANGER 400V : Consigner l'armoire + VAT. Contrôler les pôles de puissance KM_M1 et la chaîne des contacts miroirs NC en série. Remplacer le contacteur si soudé.;Local_Digital_IO · Borne %IX0.0 (M1_ContactorsReleased_DI) ➔ Mesure : 24Vcc / 0V entre borne et 0V carte ➔ Attendu repos : 24V (Contacts miroirs NC fermés en série);Défaut si NOT M1ContactorsReleased;FB_Acquisition_Preflight.st;71
PRE_05;CHECKLIST_PREFLIGHT;TREUIL M2;16#0010;Contacteurs M2 non retombés (détection collage contacteur);CONTRÔLE MACHINE ARRÊTÉE;🚨 Contacteur de puissance sens/vitesse M2 resté collé fermé ou boucle de surveillance EDM ouverte.;🛑 Ne pas enclencher la puissance. Condamner le pupitre de commande.;⚠️ DANGER 400V : Consigner l'armoire + VAT. Contrôler les pôles de puissance KM_M2 et la chaîne des contacts miroirs NC en série. Remplacer le contacteur si soudé.;Local_Digital_IO · Borne %IX0.2 (M2_ContactorsReleased_DI) ➔ Mesure : 24Vcc / 0V entre borne et 0V carte ➔ Attendu repos : 24V (Contacts miroirs NC fermés en série);Défaut si NOT M2ContactorsReleased;FB_Acquisition_Preflight.st;72
PRE_06;CHECKLIST_PREFLIGHT;TREUIL M1;16#0020;Protection thermique moteur treuil M1 déclenchée;CONTRÔLE MACHINE ARRÊTÉE;🔥 Disjoncteur magnétothermique moteur M1 déclenché ou sonde thermique bilame/PTC en surchauffe.;⏳ Laisser refroidir 15 min. Vérifier visuellement l'absence d'obstacle mécanique sur le treuil M1.;🧰 Contrôler disjoncteur moteur Q_M1 en armoire. Mesurer isolement enroulements et serrage bornes puissance. Réarmer Q_M1.;Local_Digital_IO · Borne %IX0.1 (M1_ThermalOk_DI) ➔ Mesure : 24Vcc entre borne et 0V carte ➔ Attendu normal : 24V (Contact NC disjoncteur fermé);Défaut si NOT M1ThermalOk;FB_Acquisition_Preflight.st;73
PRE_07;CHECKLIST_PREFLIGHT;TREUIL M2;16#0040;Protection thermique moteur treuil M2 déclenchée;CONTRÔLE MACHINE ARRÊTÉE;🔥 Disjoncteur moteur M2 déclenché ou défaut moto-ventilation forcée.;⏳ Laisser refroidir 15 min. Vérifier visuellement que la benne n'est pas bloquée.;🧰 Contrôler disjoncteur moteur Q_M2 en armoire. Vérifier moto-ventilateur forcé et courant absorbé. Réarmer Q_M2.;Local_Digital_IO · Borne %IX0.3 (M2_ThermalOk_DI) ➔ Mesure : 24Vcc entre borne et 0V carte ➔ Attendu normal : 24V (Contact NC disjoncteur fermé);Défaut si NOT M2ThermalOk;FB_Acquisition_Preflight.st;74
PRE_08;CHECKLIST_PREFLIGHT;FREINS;16#0080;Protection thermique freins déclenchée;CONTRÔLE MACHINE ARRÊTÉE;⚡ Disjoncteur protection freins déclenché en armoire (court-circuit bobine ou surchauffe redresseur).;🛑 Ne pas tenter de manœuvre treuils ou translation au pupitre.;🧰 Armoire : mesurer résistance ohmique des bobines freins M1/M2/M3 et ponts redresseurs. Réarmer disjoncteur freins Q_Freins.;VH_0800END · Borne %IX225.3 (M1_M2_M3_BrakeThermalOk_DI) ➔ Mesure : 24Vcc entre borne et 0V carte ➔ Attendu normal : 24V (Contact NC fermé);Défaut si NOT BrakeThermalOk;FB_Acquisition_Preflight.st;75
PRE_09;CHECKLIST_PREFLIGHT;ALIMENTATION;16#0100;Relais ordre des phases réseau KO (inversion ou manque phase);CONTRÔLE MACHINE ARRÊTÉE;🔌 Défaut alimentation réseau 400V : 2 phases inversées, phase manquante ou sous-tension.;👀 Vérifier le voltmètre réseau au poste de conduite et la source d'alimentation (groupe ou réseau quai).;🧰 Armoire tête : vérifier LEDs relais de surveillance phases. Mesurer 400Vac équilibré entre phases. Permuter 2 phases amont si inversion.;VH_0800END · Borne %IX225.4 (PhaseRotationOk_DI) ➔ Mesure : 24Vcc entre borne et 0V carte ➔ Attendu normal : 24V (Relais phases actif);Défaut si NOT PhaseRotationOk;FB_Acquisition_Preflight.st;76
PRE_10;CHECKLIST_PREFLIGHT;TREUIL M2;16#0200;Câble treuil M2 détendu (détecteur anti-mou câble actif);CONTRÔLE MACHINE ARRÊTÉE;🪢 Câble benne détendu (benne posée au sol ou au fond de l'eau) ou roulette palpeuse anti-mou bloquée.;🕹️ Passer en manuel lent / dérogation au pupitre : retendre doucement le câble M2 jusqu'à extinction du voyant mou.;🧰 Tambour M2 : contrôler liberté mécanique de la roulette palpeuse anti-mou et alignement du câble dans les gorges.;Local_Digital_IO · Borne %IX0.4 (M2_TensionedCable_DI) ➔ Mesure : 24Vcc entre borne et 0V carte ➔ Attendu câble tendu : 24V (Contact NC fermé);Défaut si NOT SlackCableTensioned;FB_Acquisition_Preflight.st;77
PRE_11;CHECKLIST_PREFLIGHT;TRANSLATION M3;16#0400;Incohérence capteurs fin de course translation M3;CONTRÔLE MACHINE ARRÊTÉE;🪣 Benne détectée non fermée à la mise sous tension (état ouvert ou indéterminé).;🕹️ Mettre sélecteur treuil sur Benne (M2). Actionner la commande de fermeture benne jusqu'au voyant benne fermée.;💻 Vérifier cohérence valeur codeur M2 vs M1 (OffsetCloseM ~ 15 m) sur l'écran diagnostic IHM.;Diagnostic IHM · Variable _BucketState.IsClosed ➔ Attendu : TRUE après fermeture complète (Delta M2-M1 conforme);Défaut si M3SensorWordIncoherent;FB_Acquisition_Preflight.st;78
PRE_12;CHECKLIST_PREFLIGHT;SÉCURITÉ AU;16#0800;Contacteur puissance enclenché alors que chaîne AU ouverte;CONTRÔLE MACHINE ARRÊTÉE;🚨 Arrêt d'urgence percuté sur le pupitre de commande ou chaîne de sécurité ouverte.;👀 Vérifier et déverrouiller tous les coups de poing AU (pupitre, passerelle, armoire). Appuyer sur Réarmement AU.;🧰 Contrôler tension 24V sur boucle de sécurité AU et retombée des canaux du bloc de sécurité.;VH_0800END · Borne %IX225.7 (EmergencyChainClosed_DI) ➔ Mesure : 24Vcc entre borne et 0V carte ➔ Attendu réarmé : 24V;Défaut si PowerContactorEngaged AND NOT EmergencyChainClosed;FB_Acquisition_Preflight.st;79
PRE_13;CHECKLIST_PREFLIGHT;TREUIL M1;16#1000;Codeur treuil M1 non opérationnel;CONTRÔLE MACHINE ARRÊTÉE;📡 Joystick non détecté sur le bus CANopen (coupure alimentation 24V pupitre ou câble CAN coupé).;🛑 Couper et réenclencher l'interrupteur d'alimentation du pupitre de commande. Relever le code d'erreur affiché.;🧰 Contrôler 24Vcc sur connecteur manipulateur sous pupitre. Vérifier continuité CAN_H / CAN_L et résistance de terminaison 120 Ω.;Bus CANopen Pupitre ➔ Mesure : 24Vcc alim broches 1-2 | 60 Ω entre CAN_H et CAN_L ligne éteinte;Défaut si NOT EncoderM1Operational;FB_Acquisition_Preflight.st;80
PRE_14;CHECKLIST_PREFLIGHT;TREUIL M2;16#2000;Codeur treuil M2 non opérationnel;CONTRÔLE MACHINE ARRÊTÉE;📡 Codeur absolu EtherCAT treuil M1 non opérationnel (câble M12 Ethernet débranché ou perte alimentation 24V).;🛑 Ne pas tenter de manœuvre treuil M1. Vérifier voyant bus sur l'écran IHM.;🧰 Treuil M1 : contrôler LED d'état sur le codeur COD1 (L/A clignotante = trafic actif). Tester cordon M12 et présence 24Vcc.;Codeur COD1 Treuil M1 ➔ Port M12 IN (EtherCAT) ➔ Attendu : LED L/A Verte clignotante, 24Vcc présent sur broches d'alimentation;Défaut si NOT EncoderM2Operational;FB_Acquisition_Preflight.st;81
PRE_15;CHECKLIST_PREFLIGHT;TREUIL M1;16#4000;Treuil M1 non référencé (homing requis) ou position hors bornes;CONTRÔLE MACHINE ARRÊTÉE;📡 Codeur absolu EtherCAT treuil M2 non opérationnel (câble M12 Ethernet débranché ou perte alimentation 24V).;🛑 Ne pas tenter de manœuvre treuil M2. Vérifier voyant bus sur l'écran IHM.;🧰 Treuil M2 : contrôler LED d'état sur le codeur COD2 (L/A clignotante = trafic actif). Tester cordon M12 et présence 24Vcc.;Codeur COD2 Treuil M2 ➔ Port M12 IN (EtherCAT) ➔ Attendu : LED L/A Verte clignotante, 24Vcc présent sur broches d'alimentation;Défaut si NOT HomedM1 OR NOT M1PositionInBounds;FB_Acquisition_Preflight.st;82
PRE_16;CHECKLIST_PREFLIGHT;TREUIL M2;16#8000;Treuil M2 non référencé (homing requis) ou position hors bornes;CONTRÔLE MACHINE ARRÊTÉE;⚡ Variateur translation AC600 hors ligne ou en défaut (coupure réseau EtherCAT, disjoncteur variateur déclenché).;🛑 Ne pas tenter de déplacer le chariot au pupitre. Relever le code variateur sur l'IHM.;🧰 Armoire : vérifier affichage LED sur le variateur AC600. Contrôler disjoncteur drive Q_Drive et câble RJ45 EtherCAT.;Variateur AC600 ➔ Afficheur de façade (Attendu : état 'rdy' ou fréquence 0.0) | Câble RJ45 EtherCAT Port IN;Défaut si NOT HomedM2 OR NOT M2PositionInBounds;FB_Acquisition_Preflight.st;83
TRC_W_0;TRACE_BLOCAGE_TERRAIN;TREUILS M1/M2;Prio 0;Blocage treuil : NONE (Aucun blocage - au moins un sens effectivement permis);PRIORITÉ 0;E_WinchTraceBlockReason.NONE;;;;E_WinchTraceBlockReason.NONE;E_WinchTraceBlockReason.st;16
TRC_W_1;TRACE_BLOCAGE_TERRAIN;TREUILS M1/M2;Prio 1;Blocage treuil : POWER_CUTOFF (Coupure puissance amont (instSafetyWinch.PowerCutOff) - priorite max);PRIORITÉ 1;E_WinchTraceBlockReason.POWER_CUTOFF;;;;E_WinchTraceBlockReason.POWER_CUTOFF;E_WinchTraceBlockReason.st;17
TRC_W_2;TRACE_BLOCAGE_TERRAIN;TREUILS M1/M2;Prio 2;Blocage treuil : AXIS_DISABLED (Axe neutralise (Mode=DISABLE ou InhibitMx -> Enable FALSE));PRIORITÉ 2;E_WinchTraceBlockReason.AXIS_DISABLED;;;;E_WinchTraceBlockReason.AXIS_DISABLED;E_WinchTraceBlockReason.st;18
TRC_W_3;TRACE_BLOCAGE_TERRAIN;TREUILS M1/M2;Prio 3;Blocage treuil : SAFESTOP (SafeStop effectif (rampe rapide demandee));PRIORITÉ 3;E_WinchTraceBlockReason.SAFESTOP;;;;E_WinchTraceBlockReason.SAFESTOP;E_WinchTraceBlockReason.st;19
TRC_W_4;TRACE_BLOCAGE_TERRAIN;TREUILS M1/M2;Prio 4;Blocage treuil : SAFETY_FAULT (Defaut safety latched (FB_Safety_Winch.Fault.Error));PRIORITÉ 4;E_WinchTraceBlockReason.SAFETY_FAULT;;;;E_WinchTraceBlockReason.SAFETY_FAULT;E_WinchTraceBlockReason.st;20
TRC_W_5;TRACE_BLOCAGE_TERRAIN;TREUILS M1/M2;Prio 5;Blocage treuil : SAFETY_PERMIT_MISSING (Aucun sens ne delivre de permit safety (limite / mou de cable / homing));PRIORITÉ 5;E_WinchTraceBlockReason.SAFETY_PERMIT_MISSING;;;;E_WinchTraceBlockReason.SAFETY_PERMIT_MISSING;E_WinchTraceBlockReason.st;21
TRC_W_6;TRACE_BLOCAGE_TERRAIN;TREUILS M1/M2;Prio 6;Blocage treuil : PROCESS_PERMIT_MISSING (Permit process absent (benne / fond Kobold / limite legale / extraction));PRIORITÉ 6;E_WinchTraceBlockReason.PROCESS_PERMIT_MISSING;;;;E_WinchTraceBlockReason.PROCESS_PERMIT_MISSING;E_WinchTraceBlockReason.st;22
TRC_W_7;TRACE_BLOCAGE_TERRAIN;TREUILS M1/M2;Prio 7;Blocage treuil : COUPLING_BLOCKED (Couplage synchro anti-telescopage (l'autre axe bloque));PRIORITÉ 7;E_WinchTraceBlockReason.COUPLING_BLOCKED;;;;E_WinchTraceBlockReason.COUPLING_BLOCKED;E_WinchTraceBlockReason.st;23
TRC_W_8;TRACE_BLOCAGE_TERRAIN;TREUILS M1/M2;Prio 8;Blocage treuil : WINCH_FAULT (Defaut treuil latched (FB_Winch.Fault.Error));PRIORITÉ 8;E_WinchTraceBlockReason.WINCH_FAULT;;;;E_WinchTraceBlockReason.WINCH_FAULT;E_WinchTraceBlockReason.st;24
TRC_T_0;TRACE_BLOCAGE_TERRAIN;TRANSLATION M3;Prio 0;Blocage translation : NONE (✅ Aucun blocage — permis de mouvement effectif);PRIORITÉ 0;E_TranslationTraceBlockReason.NONE;;;;E_TranslationTraceBlockReason.NONE;E_TranslationTraceBlockReason.st;16
TRC_T_1;TRACE_BLOCAGE_TERRAIN;TRANSLATION M3;Prio 1;Blocage translation : POWER_CUTOFF (🧨 Coupure puissance amont (instSafetyTranslationM3.PowerCutOff) — priorité max);PRIORITÉ 1;E_TranslationTraceBlockReason.POWER_CUTOFF;;;;E_TranslationTraceBlockReason.POWER_CUTOFF;E_TranslationTraceBlockReason.st;17
TRC_T_2;TRACE_BLOCAGE_TERRAIN;TRANSLATION M3;Prio 2;Blocage translation : SAFESTOP (🟧 SafeStop effectif (InputModule OR safety M3));PRIORITÉ 2;E_TranslationTraceBlockReason.SAFESTOP;;;;E_TranslationTraceBlockReason.SAFESTOP;E_TranslationTraceBlockReason.st;18
TRC_T_3;TRACE_BLOCAGE_TERRAIN;TRANSLATION M3;Prio 3;Blocage translation : SAFETY_FAULT (🛡️ Défaut safety M3 latched (FB_Safety_Translation.Fault.Error));PRIORITÉ 3;E_TranslationTraceBlockReason.SAFETY_FAULT;;;;E_TranslationTraceBlockReason.SAFETY_FAULT;E_TranslationTraceBlockReason.st;19
TRC_T_4;TRACE_BLOCAGE_TERRAIN;TRANSLATION M3;Prio 4;Blocage translation : HEIGHT_INTERLOCK (🚧 Interlock hauteur M1/M2 actif (risque collision));PRIORITÉ 4;E_TranslationTraceBlockReason.HEIGHT_INTERLOCK;;;;E_TranslationTraceBlockReason.HEIGHT_INTERLOCK;E_TranslationTraceBlockReason.st;20
TRC_T_5;TRACE_BLOCAGE_TERRAIN;TRANSLATION M3;Prio 5;Blocage translation : DRIVE_UNAVAILABLE (📡 Variateur AC600 injoignable / non opérationnel);PRIORITÉ 5;E_TranslationTraceBlockReason.DRIVE_UNAVAILABLE;;;;E_TranslationTraceBlockReason.DRIVE_UNAVAILABLE;E_TranslationTraceBlockReason.st;21
TRC_T_6;TRACE_BLOCAGE_TERRAIN;TRANSLATION M3;Prio 6;Blocage translation : FINAL_INTERLOCK (🛑 Barrière finale en défaut (frein / redémarrage));PRIORITÉ 6;E_TranslationTraceBlockReason.FINAL_INTERLOCK;;;;E_TranslationTraceBlockReason.FINAL_INTERLOCK;E_TranslationTraceBlockReason.st;22
FC_BEN_0;SOCLE_DEFAUTS_FB;BENNE;Bit 0 (16#0001);Configuration geometrie benne invalide;DÉFAUT LATCHÉ (Reset);instCauses[0].Active;;;;instCauses[0].Active;FB_Bucket.st;168
FC_BEN_1;SOCLE_DEFAUTS_FB;BENNE;Bit 1 (16#0002);Depassement ecart maximum autorise benne;DÉFAUT LATCHÉ (Reset);instCauses[1].Active;;;;instCauses[1].Active;FB_Bucket.st;190
FC_BEN_2;SOCLE_DEFAUTS_FB;BENNE;Bit 2 (16#0004);Timeout commande deplacement benne;DÉFAUT LATCHÉ (Reset);instCauses[2].Active;;;;instCauses[2].Active;FB_Bucket.st;199
FC_BEN_3;SOCLE_DEFAUTS_FB;BENNE;Bit 3 (16#0008);Glissement treuil M1 pendant manoeuvre benne;DÉFAUT LATCHÉ (Reset);instCauses[3].Active;;;;instCauses[3].Active;FB_Bucket.st;208
FC_BEN_4;SOCLE_DEFAUTS_FB;BENNE;Bit 4 (16#0010);Codeurs treuils non references pour sequence benne;DÉFAUT LATCHÉ (Reset);instCauses[4].Active;;;;instCauses[4].Active;FB_Bucket.st;216
FC_SYN_0;SOCLE_DEFAUTS_FB;SYNCHRO M1/M2;Bit 0 (16#0001);Alerte ecart synchronisation M1/M2;AVERTISSEMENT LIVE;instCauses[0].Active;;;;instCauses[0].Active;FB_WinchSync.st;173
FC_SYN_1;SOCLE_DEFAUTS_FB;SYNCHRO M1/M2;Bit 1 (16#0002);Discordance contacteurs treuils M1/M2;DÉFAUT LATCHÉ (Reset);instCauses[1].Active;;;;instCauses[1].Active;FB_WinchSync.st;177
FC_SYN_2;SOCLE_DEFAUTS_FB;SYNCHRO M1/M2;Bit 2 (16#0004);Ecart critique synchronisation treuils M1/M2;DÉFAUT LATCHÉ (Reset);instCauses[2].Active;;;;instCauses[2].Active;FB_WinchSync.st;181
FC_TRA_0;SOCLE_DEFAUTS_FB;TRANSLATION M3;Bit 0 (16#0001);Defaut sequence ou retour frein translation;AVERTISSEMENT LIVE;instCauses[0].Active;;;;instCauses[0].Active;FB_Translation.st;108
FC_TRA_3;SOCLE_DEFAUTS_FB;TRANSLATION M3;Bit 3 (16#0008);Defaut variateur translation AC600;DÉFAUT LATCHÉ (Reset);instCauses[3].Active;;;;instCauses[3].Active;FB_Translation.st;112
FC_TRA_6;SOCLE_DEFAUTS_FB;TRANSLATION M3;Bit 6 (16#0040);Limite extreme translation atteinte;AVERTISSEMENT LIVE;instCauses[6].Active;;;;instCauses[6].Active;FB_Translation.st;129
FC_CYC_0;SOCLE_DEFAUTS_FB;CYCLE SEMI-AUTO;Bit 0 (16#0001);Limite legale de profondeur atteinte pendant descente;DÉFAUT LATCHÉ (Reset);instCauses[0].Active;;;;instCauses[0].Active;FB_CycleSemiAuto.st;415
FC_CYC_1;SOCLE_DEFAUTS_FB;CYCLE SEMI-AUTO;Bit 1 (16#0002);Desynchronisme treuils M1/M2 bloquant;DÉFAUT LATCHÉ (Reset);instCauses[1].Active;;;;instCauses[1].Active;FB_CycleSemiAuto.st;429
FC_CYC_2;SOCLE_DEFAUTS_FB;CYCLE SEMI-AUTO;Bit 2 (16#0004);Ecart de vitesse M1/M2 confirme en montee;DÉFAUT LATCHÉ (Reset);instCauses[2].Active;;;;instCauses[2].Active;FB_CycleSemiAuto.st;433
FC_CYC_3;SOCLE_DEFAUTS_FB;CYCLE SEMI-AUTO;Bit 3 (16#0008);Perte communication IHM pendant cycle;DÉFAUT LATCHÉ (Reset);instCauses[3].Active;;;;instCauses[3].Active;FB_CycleSemiAuto.st;437
FC_CYC_4;SOCLE_DEFAUTS_FB;CYCLE SEMI-AUTO;Bit 4 (16#0010);Depassement tempo maximale d etape (blocage mouvement);DÉFAUT LATCHÉ (Reset);instCauses[4].Active;;;;instCauses[4].Active;FB_CycleSemiAuto.st;441
FC_CYC_5;SOCLE_DEFAUTS_FB;CYCLE SEMI-AUTO;Bit 5 (16#0020);Defaut de stabilisation / tolerance ecart codeurs en remontee controle;DÉFAUT LATCHÉ (Reset);instCauses[5].Active;;;;instCauses[5].Active;FB_CycleSemiAuto.st;448
FC_CYC_6;SOCLE_DEFAUTS_FB;CYCLE SEMI-AUTO;Bit 6 (16#0040);Reserve - synchronisme arbitre exclusivement par PRG_04;DÉFAUT LATCHÉ (Reset);instCauses[6].Active;;;;instCauses[6].Active;FB_CycleSemiAuto.st;455
FC_CYC_7;SOCLE_DEFAUTS_FB;CYCLE SEMI-AUTO;Bit 7 (16#0080);Treuils M1/M2 hors FDC haut pendant la translation vers P1;DÉFAUT LATCHÉ (Reset);instCauses[7].Active;;;;instCauses[7].Active;FB_CycleSemiAuto.st;464
FC_CYC_8;SOCLE_DEFAUTS_FB;CYCLE SEMI-AUTO;Bit 8 (16#0100);Palier vitesse > 4 (palier 5) pendant la plongee - interdit;DÉFAUT LATCHÉ (Reset);instCauses[8].Active;;;;instCauses[8].Active;FB_CycleSemiAuto.st;475
FC_CYC_9;SOCLE_DEFAUTS_FB;CYCLE SEMI-AUTO;Bit 9 (16#0200);Palier 4 non confirme sur M1 et/ou M2 pendant la recherche Kobold;DÉFAUT LATCHÉ (Reset);instCauses[9].Active;;;;instCauses[9].Active;FB_CycleSemiAuto.st;484
FC_CYC_10;SOCLE_DEFAUTS_FB;CYCLE SEMI-AUTO;Bit 10 (16#0400);Reserve - attente arret mecanique AX3 sans defaut temporel;DÉFAUT LATCHÉ (Reset);instCauses[10].Active;;;;instCauses[10].Active;FB_CycleSemiAuto.st;488
FC_CYC_11;SOCLE_DEFAUTS_FB;CYCLE SEMI-AUTO;Bit 11 (16#0800);Consigne profondeur invalide ou sous la limite legale;DÉFAUT LATCHÉ (Reset);instCauses[11].Active;;;;instCauses[11].Active;FB_CycleSemiAuto.st;494
