Timestamp_ms;PRG_03_Modes_Cycle.instCycleSemiAuto.CycleStep;PRG_03_Modes_Cycle.instCycleSemiAuto.Lifecycle.Busy;PRG_03_Modes_Cycle.instCycleSemiAuto.WaitingForOperator;PRG_03_Modes_Cycle.instCycleSemiAuto.WaitingForProcess;PRG_03_Modes_Cycle.instCycleSemiAuto.Fault.Error;PRG_02_Acquisition.Data.Joystick.DeadmanArmed;PRG_02_Acquisition.Data.Joystick.AtNeutralXY;PRG_02_Acquisition.Data.Joystick.AxisY.Deflection;PRG_02_Acquisition.Data.EncoderM1.Measurement.CablePosM;PRG_02_Acquisition.Data.EncoderM2.Measurement.CablePosM;M1TreuilRetenue.State.StepNumber;M2TreuilBenne.State.StepNumber;M1_M2_KoboldBottomTouch_DI;M1_M2_KoboldMeasureEnable_RQ;M3Translation.State.AtP1;M3Translation.State.AtTremie;M3Translation.State.EstimatedPosM3_M;PRG_04_Treuils_Benne.instWinchStateProjection.InterlockM2.MotorRequest;PRG_06_Outputs.instWinchOutputInterlockM2.MotorRequest;M1_SpeedContactor_3_DQ;M2TreuilBenne.Bucket.State.BucketOpening_Pct;PRG_04_Treuils_Benne.Data.ArmingPermit;PRG_05_Translation.TranslationFinalInterlockRequest.ReqTremieSemantic;M3_CommandWord;M3_SetpointFrequencyHz;M3_BrakeRelease_RQ;IoHw.In.Hardware.Operator.JoyXRaw_ANA1;IoHw.In.Hardware.Operator.JoyYRaw_ANA2;M1TreuilRetenue.Safety.ErrorMecaB;M1TreuilRetenue.Safety.ErrorId;IoHw.In.Hardware.Winch.M1_ContactorsReleased_DI;IoHw.In.Hardware.Winch.M2_ContactorsReleased_DI;GVL_Troubleshooting.I_LevageUnitaireM1.Inputs_100.Idx104_BrakeApplied;IoHw.In.Hardware.Winch.M2_TensionedCable_DI;PRG_07_Supervision.instTroubleshootingView.WinchM2.Safety.ErrorId;PRG_02_Acquisition.instSimBench.MotorIsStalledM1;PRG_02_Acquisition.instSimBench.MotorIsStalledM2
45;0;0;1;0;0;0;1;0;8.5;23.5;0;0;0;0;1;0;30;0;0;0;0;1;0;0;0;0;5000;5000;0;0;1;1;1;1;0;0;0
146;0;0;1;0;0;0;1;0;8.5;23.5;0;0;0;0;1;0;30;0;0;0;0;1;0;0;0;0;5000;5000;0;0;1;1;1;1;0;0;0
247;0;0;1;0;0;0;1;0;8.5;23.5;0;0;0;0;1;0;30;0;0;0;0;1;0;0;0;0;5000;5000;0;0;1;1;1;1;0;0;0
347;0;0;1;0;0;0;1;0;8.5;23.5;0;0;0;0;1;0;30;0;0;0;0;1;0;0;0;0;5000;5000;0;0;1;1;1;1;0;0;0
449;0;0;1;0;0;0;1;0;8.5;23.5;0;0;0;0;1;0;30;0;0;0;0;1;0;0;0;0;5000;5000;0;0;1;1;1;1;0;0;0
549;0;0;1;0;0;0;1;0;8.5;23.5;0;0;0;0;1;0;30;0;0;0;0;1;0;0;0;0;5000;5000;0;0;1;1;1;1;0;0;0
650;0;0;1;0;0;0;1;0;8.5;23.5;0;0;0;0;1;0;30;0;0;0;0;1;0;0;0;0;5000;5000;0;0;1;1;1;1;0;0;0
750;0;0;1;0;0;0;1;0;8.5;23.5;0;0;0;0;1;0;30;0;0;0;0;1;0;0;0;0;5000;5000;0;0;1;1;1;1;0;0;0
850;0;0;1;0;0;0;1;0;8.5;23.5;0;0;0;0;1;0;30;0;0;0;0;1;0;0;0;0;5000;5000;0;0;1;1;1;1;0;0;0
950;0;0;1;0;0;0;1;0;8.5;23.5;0;0;0;0;1;0;30;0;0;0;0;1;0;0;0;0;5000;5000;0;0;1;1;1;1;0;0;0
1051;0;0;1;0;0;0;1;0;8.5;23.5;0;0;0;0;1;0;30;0;0;0;0;1;0;0;0;0;5000;5000;0;0;1;1;1;1;0;0;0
1152;0;0;1;0;0;0;1;0;8.5;23.5;0;0;0;0;1;0;30;0;0;0;0;1;0;0;0;0;5000;5000;0;0;1;1;1;1;0;0;0
1252;0;0;1;0;0;0;1;0;8.5;23.5;0;0;0;0;1;0;30;0;0;0;0;1;0;0;0;0;5000;5000;0;0;1;1;1;1;0;0;0
1352;0;0;1;0;0;0;1;0;8.5;23.5;0;0;0;0;1;0;30;0;0;0;0;1;0;0;0;0;5000;5000;0;0;1;1;1;1;0;0;0
1453;0;0;1;0;0;0;1;0;8.5;23.5;0;0;0;0;1;0;30;0;0;0;0;1;0;0;0;0;5000;5000;0;0;1;1;1;1;0;0;0
1556;0;0;1;0;0;0;1;0;8.5;23.5;0;0;0;0;1;0;30;0;0;0;0;1;0;0;0;0;5000;5000;0;0;1;1;1;1;0;0;0
1654;0;0;1;0;0;0;1;0;8.5;23.5;0;0;0;0;1;0;30;0;0;0;0;1;0;0;0;0;5000;5000;0;0;1;1;1;1;0;0;0
1755;0;0;1;0;0;0;1;0;8.5;23.5;0;0;0;0;1;0;30;0;0;0;0;1;0;0;0;0;5000;5000;0;0;1;1;1;1;0;0;0
1855;0;0;1;0;0;0;1;0;8.5;23.5;0;0;0;0;1;0;30;0;0;0;0;1;0;0;0;0;5000;5000;0;0;1;1;1;1;0;0;0
1956;0;0;1;0;0;0;1;0;8.5;23.5;0;0;0;0;1;0;30;0;0;0;0;1;0;0;0;0;5000;5000;0;0;1;1;1;1;0;0;0
2057;0;0;1;0;0;0;1;0;8.5;23.5;0;0;0;0;1;0;30;0;0;0;0;1;0;0;0;0;5000;5000;0;0;1;1;1;1;0;0;0
2159;0;0;1;0;0;0;1;0;8.5;23.5;0;0;0;0;1;0;30;0;0;0;0;1;0;0;0;0;5000;5000;0;0;1;1;1;1;0;0;0
2260;0;0;1;0;0;0;1;0;8.5;23.5;0;0;0;0;1;0;30;0;0;0;0;1;0;0;0;0;5000;5000;0;0;1;1;1;1;0;0;0
2361;0;0;1;0;0;0;1;0;8.5;23.5;0;0;0;0;1;0;30;0;0;0;0;1;0;0;0;0;5000;5000;0;0;1;1;1;1;0;0;0
2463;0;0;1;0;0;0;1;0;8.5;23.5;0;0;0;0;1;0;30;0;0;0;0;1;0;0;0;0;5000;5000;0;0;1;1;1;1;0;0;0
2562;0;0;1;0;0;0;1;0;8.5;23.5;0;0;0;0;1;0;30;0;0;0;0;1;0;0;0;0;5000;5000;0;0;1;1;1;1;0;0;0
2663;0;0;1;0;0;0;0;0;8.5;23.5;0;0;0;0;1;0;30;0;0;0;0;1;0;0;0;0;5000;4695;0;0;1;1;1;1;0;0;0
2764;2;1;0;1;0;1;0;-14;8.5;23.5;0;0;0;0;1;0;30;0;0;0;0;1;0;0;0;0;5000;4290;0;0;1;1;1;1;0;0;0
2864;2;1;0;1;0;1;0;-23;8.5;23.5;0;0;0;0;1;0;30;0;0;0;0;1;0;0;0;0;5000;3840;0;0;1;1;1;1;0;0;0
2964;2;1;0;1;0;1;0;-28;8.5;23.5;0;0;0;0;1;0;30;0;0;0;0;1;0;0;0;0;5000;3609;0;0;1;1;1;1;0;0;0
3064;2;1;0;1;0;1;0;-32;8.5;23.5;0;0;0;0;1;0;30;0;0;0;0;1;0;0;0;0;5000;3424;0;0;1;1;1;1;0;0;0
3164;2;1;0;1;0;1;0;-37;8.5;23.5;0;0;0;0;1;0;30;0;0;0;0;1;0;0;0;0;5000;3172;0;0;1;1;1;1;0;0;0
3264;3;1;0;1;0;1;0;-43;8.5;23.449951171875;0;1;0;0;1;0;30;1;1;0;0.3336588442325592;1;0;0;0;0;5000;2839;0;0;1;0;1;1;0;0;0
3364;3;1;0;1;0;1;0;-53;8.5;23.349853515625;0;1;0;0;1;0;30;1;1;0;1.0009765625;1;0;0;0;0;5000;2374;0;0;1;0;1;1;0;0;0
3466;3;1;0;1;0;1;0;-60;8.5;23.259765625;0;1;0;0;1;0;30;1;1;0;1.6015625;1;0;0;0;0;5000;2020;0;0;1;0;1;1;0;0;0
3566;3;1;0;1;0;1;0;-63;8.5;23.15966796875;0;1;0;0;1;0;30;1;1;0;2.2688801288604736;1;0;0;0;0;5000;1865;0;0;1;0;1;1;0;0;0
3667;3;1;0;1;0;1;0;-67;8.5;23.069580078125;0;1;0;0;1;0;30;1;1;0;2.8694660663604736;1;0;0;0;0;5000;1640;0;0;1;0;1;1;0;0;0
3768;3;1;0;1;0;1;0;-74;8.5;22.959716796875;0;2;0;0;1;0;30;1;1;0;3.6018879413604736;1;0;0;0;0;5000;1295;0;0;1;0;1;1;0;0;0
3868;3;1;0;1;0;1;0;-82;8.5;22.84765625;0;2;0;0;1;0;30;1;1;0;4.3489584922790527;1;0;0;0;0;5000;899;0;0;1;0;1;1;0;0;0
3968;3;1;0;1;0;1;0;-92;8.5;22.72314453125;0;2;0;0;1;0;30;1;1;0;5.1790366172790527;1;0;0;0;0;5000;414;0;0;1;0;1;1;0;0;0
4068;3;1;0;1;0;1;0;-94;8.5;22.611083984375;0;2;0;0;1;0;30;1;1;0;5.9261069297790527;1;0;0;0;0;5000;297;0;0;1;0;1;1;0;0;0
4169;3;1;0;1;0;1;0;-99;8.5;22.486572265625;0;2;0;0;1;0;30;1;1;0;6.7561850547790527;1;0;0;0;0;5000;72;0;0;1;0;1;1;0;0;0
4269;3;1;0;1;0;1;0;-100;8.5;22.357177734375;0;3;0;0;1;0;30;1;1;0;7.6188149452209473;1;0;0;0;0;5000;0;0;0;1;0;1;1;0;0;0
4370;3;1;0;1;0;1;0;-100;8.5;22.22314453125;0;3;0;0;1;0;30;1;1;0;8.5123701095581055;1;0;0;0;0;5000;0;0;0;1;0;1;1;0;0;0
4471;3;1;0;1;0;1;0;-100;8.5;22.07421875;0;3;0;0;1;0;30;1;1;0;9.5052080154418945;1;0;0;0;0;5000;0;0;0;1;0;1;1;0;0;0
4571;3;1;0;1;0;1;0;-100;8.5;21.940185546875;0;3;0;0;1;0;30;1;1;0;10.398762702941895;1;0;0;0;0;5000;0;0;0;1;0;1;1;0;0;0
4672;3;1;0;1;0;1;0;-100;8.5;21.791259765625;0;3;0;0;1;0;30;1;1;0;11.3916015625;1;0;0;0;0;5000;0;0;0;1;0;1;1;0;0;0
4771;3;1;0;1;0;1;0;-100;8.5;21.6572265625;0;3;0;0;1;0;30;1;1;0;12.28515625;1;0;0;0;0;5000;0;0;0;1;0;1;1;0;0;0
4872;3;1;0;1;0;1;0;-100;8.5;21.484130859375;0;4;0;0;1;0;30;1;1;0;13.439127922058105;1;0;0;0;0;5000;0;0;0;1;0;1;1;0;0;0
4972;3;1;0;1;0;1;0;-100;8.5;21.325927734375;0;4;0;0;1;0;30;1;1;0;14.493815422058105;1;0;0;0;0;5000;0;0;0;1;0;1;1;0;0;0
5073;3;1;0;1;0;1;0;-100;8.5;21.150146484375;0;4;0;0;1;0;30;1;1;0;15.665690422058105;1;0;0;0;0;5000;0;0;0;1;0;1;1;0;0;0
5173;3;1;0;1;0;1;0;-100;8.5;20.991943359375;0;4;0;0;1;0;30;1;1;0;16.720376968383789;1;0;0;0;0;5000;0;0;0;1;0;1;1;0;0;0
5274;3;1;0;1;0;1;0;-100;8.5;20.816162109375;0;4;0;0;1;0;30;1;1;0;17.892251968383789;1;0;0;0;0;5000;0;0;0;1;0;1;1;0;0;0
5373;3;1;0;1;0;1;0;-100;8.5;20.657958984375;0;4;0;0;1;0;30;1;1;0;18.946939468383789;1;0;0;0;0;5000;0;0;0;1;0;1;1;0;0;0
5474;3;1;0;1;0;1;0;-100;8.5;20.482177734375;0;4;0;0;1;0;30;1;1;0;20.118814468383789;1;0;0;0;0;5000;0;0;0;1;0;1;1;0;0;0
5573;3;1;0;1;0;1;0;-100;8.5;20.323974609375;0;4;0;0;1;0;30;1;1;0;21.173501968383789;1;0;0;0;0;5000;0;0;0;1;0;1;1;0;0;0
5675;3;1;0;1;0;1;0;-100;8.5;20.148193359375;0;4;0;0;1;0;30;1;1;0;22.345376968383789;1;0;0;0;0;5000;0;0;0;1;0;1;1;0;0;0
5774;3;1;0;1;0;1;0;-100;8.5;19.972412109375;0;4;0;0;1;0;30;1;1;0;23.517251968383789;1;0;0;0;0;5000;0;0;0;1;0;1;1;0;0;0
5876;3;1;0;1;0;1;0;-100;8.5;19.814208984375;0;4;0;0;1;0;30;1;1;0;24.571939468383789;1;0;0;0;0;5000;0;0;0;1;0;1;1;0;0;0
5976;3;1;0;1;0;1;0;-100;8.5;19.638427734375;0;4;0;0;1;0;30;1;1;0;25.743814468383789;1;0;0;0;0;5000;0;0;0;1;0;1;1;0;0;0
6078;3;1;0;1;0;1;0;-100;8.5;19.480224609375;0;4;0;0;1;0;30;1;1;0;26.798501968383789;1;0;0;0;0;5000;0;0;0;1;0;1;1;0;0;0
6177;3;1;0;1;0;1;0;-100;8.5;19.304443359375;0;4;0;0;1;0;30;1;1;0;27.970376968383789;1;0;0;0;0;5000;0;0;0;1;0;1;1;0;0;0
6280;3;1;0;1;0;1;0;-100;8.5;19.128662109375;0;4;0;0;1;0;30;1;1;0;29.142251968383789;1;0;0;0;0;5000;0;0;0;1;0;1;1;0;0;0
6379;3;1;0;1;0;1;0;-100;8.5;18.970458984375;0;4;0;0;1;0;30;1;1;0;30.196939468383789;1;0;0;0;0;5000;0;0;0;1;0;1;1;0;0;0
6479;3;1;0;1;0;1;0;-100;8.5;18.794677734375;0;4;0;0;1;0;30;1;1;0;31.368814468383789;1;0;0;0;0;5000;0;0;0;1;0;1;1;0;0;0
6579;3;1;0;1;0;1;0;-100;8.5;18.636474609375;0;4;0;0;1;0;30;1;1;0;32.423503875732422;1;0;0;0;0;5000;0;0;0;1;0;1;1;0;0;0
6679;3;1;0;1;0;1;0;-100;8.5;18.460693359375;0;4;0;0;1;0;30;1;1;0;33.595378875732422;1;0;0;0;0;5000;0;0;0;1;0;1;1;0;0;0
6780;3;1;0;1;0;1;0;-100;8.5;18.302490234375;0;4;0;0;1;0;30;1;1;0;34.650066375732422;1;0;0;0;0;5000;0;0;0;1;0;1;1;0;0;0
6880;3;1;0;1;0;1;0;-100;8.5;18.126708984375;0;4;0;0;1;0;30;1;1;0;35.821941375732422;1;0;0;0;0;5000;0;0;0;1;0;1;1;0;0;0
6982;3;1;0;1;0;1;0;-100;8.5;17.968505859375;0;4;0;0;1;0;30;1;1;0;36.876628875732422;1;0;0;0;0;5000;0;0;0;1;0;1;1;0;0;0
7083;3;1;0;1;0;1;0;-100;8.5;17.792724609375;0;4;0;0;1;0;30;1;1;0;38.048503875732422;1;0;0;0;0;5000;0;0;0;1;0;1;1;0;0;0
7183;3;1;0;1;0;1;0;-100;8.5;17.634521484375;0;4;0;0;1;0;30;1;1;0;39.103191375732422;1;0;0;0;0;5000;0;0;0;1;0;1;1;0;0;0
7284;3;1;0;1;0;1;0;-100;8.5;17.458740234375;0;4;0;0;1;0;30;1;1;0;40.275066375732422;1;0;0;0;0;5000;0;0;0;1;0;1;1;0;0;0
7384;3;1;0;1;0;1;0;-100;8.5;17.300537109375;0;4;0;0;1;0;30;1;1;0;41.329753875732422;1;0;0;0;0;5000;0;0;0;1;0;1;1;0;0;0
7484;3;1;0;1;0;1;0;-100;8.5;17.142333984375;0;4;0;0;1;0;30;1;1;0;42.384441375732422;1;0;0;0;0;5000;0;0;0;1;0;1;1;0;0;0
7586;3;1;0;1;0;1;0;-100;8.5;16.966552734375;0;4;0;0;1;0;30;1;1;0;43.556316375732422;1;0;0;0;0;5000;0;0;0;1;0;1;1;0;0;0
7685;3;1;0;1;0;1;0;-100;8.5;16.808349609375;0;4;0;0;1;0;30;1;1;0;44.611003875732422;1;0;0;0;0;5000;0;0;0;1;0;1;1;0;0;0
7785;3;1;0;1;0;1;0;-100;8.5;16.650146484375;0;4;0;0;1;0;30;1;1;0;45.665691375732422;1;0;0;0;0;5000;0;0;0;1;0;1;1;0;0;0
7885;3;1;0;1;0;1;0;-100;8.5;16.474365234375;0;4;0;0;1;0;30;1;1;0;46.837566375732422;1;0;0;0;0;5000;0;0;0;1;0;1;1;0;0;0
7986;3;1;0;1;0;1;0;-100;8.5;16.298583984375;0;4;0;0;1;0;30;1;1;0;48.009441375732422;1;0;0;0;0;5000;0;0;0;1;0;1;1;0;0;0
8087;3;1;0;1;0;1;0;-100;8.5;16.140380859375;0;4;0;0;1;0;30;1;1;0;49.064128875732422;1;0;0;0;0;5000;0;0;0;1;0;1;1;0;0;0
8185;3;1;0;1;0;1;0;-100;8.5;15.982177734375;0;4;0;0;1;0;30;1;1;0;50.118816375732422;1;0;0;0;0;5000;0;0;0;1;0;1;1;0;0;0
8287;3;1;0;1;0;1;0;-100;8.5;15.806396484375;0;4;0;0;1;0;30;1;1;0;51.290691375732422;1;0;0;0;0;5000;0;0;0;1;0;1;1;0;0;0
8386;3;1;0;1;0;1;0;-100;8.5;15.648193359375;0;4;0;0;1;0;30;1;1;0;52.345378875732422;1;0;0;0;0;5000;0;0;0;1;0;1;1;0;0;0
8487;3;1;0;1;0;1;0;-100;8.5;15.472412109375;0;4;0;0;1;0;30;1;1;0;53.517253875732422;1;0;0;0;0;5000;0;0;0;1;0;1;1;0;0;0
8588;3;1;0;1;0;1;0;-100;8.5;15.314208984375;0;4;0;0;1;0;30;1;1;0;54.571941375732422;1;0;0;0;0;5000;0;0;0;1;0;1;1;0;0;0
8687;3;1;0;1;0;1;0;-100;8.5;15.138427734375;0;4;0;0;1;0;30;1;1;0;55.743816375732422;1;0;0;0;0;5000;0;0;0;1;0;1;1;0;0;0
8787;3;1;0;1;0;1;0;-100;8.5;14.980224609375;0;4;0;0;1;0;30;1;1;0;56.798503875732422;1;0;0;0;0;5000;0;0;0;1;0;1;1;0;0;0
8887;3;1;0;1;0;1;0;-100;8.5;14.822021484375;0;4;0;0;1;0;30;1;1;0;57.853191375732422;1;0;0;0;0;5000;0;0;0;1;0;1;1;0;0;0
8988;3;1;0;1;0;1;0;-100;8.5;14.646240234375;0;4;0;0;1;0;30;1;1;0;59.025066375732422;1;0;0;0;0;5000;0;0;0;1;0;1;1;0;0;0
9091;3;1;0;1;0;1;0;-100;8.5;14.470458984375;0;4;0;0;1;0;30;1;1;0;60.196941375732422;1;0;0;0;0;5000;0;0;0;1;0;1;1;0;0;0
9191;3;1;0;1;0;1;0;-100;8.5;14.312255859375;0;4;0;0;1;0;30;1;1;0;61.251628875732422;1;0;0;0;0;5000;0;0;0;1;0;1;1;0;0;0
9292;3;1;0;1;0;1;0;-100;8.5;14.154052734375;0;4;0;0;1;0;30;1;1;0;62.306316375732422;1;0;0;0;0;5000;0;0;0;1;0;1;1;0;0;0
9391;3;1;0;1;0;1;0;-100;8.5;13.978271484375;0;4;0;0;1;0;30;1;1;0;63.478191375732422;1;0;0;0;0;5000;0;0;0;1;0;1;1;0;0;0
9492;3;1;0;1;0;1;0;-100;8.5;13.802490234375;0;4;0;0;1;0;30;1;1;0;64.650062561035156;1;0;0;0;0;5000;0;0;0;1;0;1;1;0;0;0
9592;3;1;0;1;0;1;0;-100;8.5;13.644287109375;0;4;0;0;1;0;30;1;1;0;65.704750061035156;1;0;0;0;0;5000;0;0;0;1;0;1;1;0;0;0
9697;3;1;0;1;0;1;0;-100;8.5;13.468505859375;0;4;0;0;1;0;30;1;1;0;66.876625061035156;1;0;0;0;0;5000;0;0;0;1;0;1;1;0;0;0
9794;3;1;0;1;0;1;0;-100;8.5;13.310302734375;0;4;0;0;1;0;30;1;1;0;67.931312561035156;1;0;0;0;0;5000;0;0;0;1;0;1;1;0;0;0
9895;3;1;0;1;0;1;0;-100;8.5;13.134521484375;0;4;0;0;1;0;30;1;1;0;69.103187561035156;1;0;0;0;0;5000;0;0;0;1;0;1;1;0;0;0
9995;3;1;0;1;0;1;0;-100;8.5;12.976318359375;0;4;0;0;1;0;30;1;1;0;70.157875061035156;1;0;0;0;0;5000;0;0;0;1;0;1;1;0;0;0
10096;3;1;0;1;0;1;0;-100;8.5;12.800537109375;0;4;0;0;1;0;30;1;1;0;71.329750061035156;1;0;0;0;0;5000;0;0;0;1;0;1;1;0;0;0
10198;3;1;0;1;0;1;0;-100;8.5;12.624755859375;0;4;0;0;1;0;30;1;1;0;72.501625061035156;1;0;0;0;0;5000;0;0;0;1;0;1;1;0;0;0
10298;3;1;0;1;0;1;0;-100;8.5;12.466552734375;0;4;0;0;1;0;30;1;1;0;73.556312561035156;1;0;0;0;0;5000;0;0;0;1;0;1;1;0;0;0
10398;3;1;0;1;0;1;0;-100;8.5;12.290771484375;0;4;0;0;1;0;30;1;1;0;74.728187561035156;1;0;0;0;0;5000;0;0;0;1;0;1;1;0;0;0
10499;3;1;0;1;0;1;0;-100;8.5;12.132568359375;0;4;0;0;1;0;30;1;1;0;75.782875061035156;1;0;0;0;0;5000;0;0;0;1;0;1;1;0;0;0
10600;3;1;0;1;0;1;0;-100;8.5;11.956787109375;0;4;0;0;1;0;30;1;1;0;76.954750061035156;1;0;0;0;0;5000;0;0;0;1;0;1;1;0;0;0
10699;3;1;0;1;0;1;0;-100;8.5;11.798583984375;0;4;0;0;1;0;30;1;1;0;78.009437561035156;1;0;0;0;0;5000;0;0;0;1;0;1;1;0;0;0
10801;3;1;0;1;0;1;0;-100;8.5;11.640380859375;0;4;0;0;1;0;30;1;1;0;79.064125061035156;1;0;0;0;0;5000;0;0;0;1;0;1;1;0;0;0
10903;3;1;0;1;0;1;0;-100;8.5;11.464599609375;0;4;0;0;1;0;30;1;1;0;80.236000061035156;1;0;0;0;0;5000;0;0;0;1;0;1;1;0;0;0
11004;3;1;0;1;0;1;0;-100;8.5;11.288818359375;0;4;0;0;1;0;30;1;1;0;81.407875061035156;1;0;0;0;0;5000;0;0;0;1;0;1;1;0;0;0
11105;3;1;0;1;0;1;0;-100;8.5;11.130615234375;0;4;0;0;1;0;30;1;1;0;82.462562561035156;1;0;0;0;0;5000;0;0;0;1;0;1;1;0;0;0
11207;3;1;0;1;0;1;0;-100;8.5;10.954833984375;0;4;0;0;1;0;30;1;1;0;83.634437561035156;1;0;0;0;0;5000;0;0;0;1;0;1;1;0;0;0
11308;3;1;0;1;0;1;0;-100;8.5;10.796630859375;0;4;0;0;1;0;30;1;1;0;84.689125061035156;1;0;0;0;0;5000;0;0;0;1;0;1;1;0;0;0
11410;3;1;0;1;0;1;0;-100;8.5;10.620849609375;0;4;0;0;1;0;30;1;1;0;85.861000061035156;1;0;0;0;0;5000;0;0;0;1;0;1;1;0;0;0
11509;3;1;0;1;0;1;0;-100;8.5;10.462646484375;0;4;0;0;1;0;30;1;1;0;86.915687561035156;1;0;0;0;0;5000;0;0;0;1;0;1;1;0;0;0
11609;3;1;0;1;0;1;0;-100;8.5;10.286865234375;0;4;0;0;1;0;30;1;1;0;88.087562561035156;1;0;0;0;0;5000;0;0;0;1;0;1;1;0;0;0
11709;3;1;0;1;0;1;0;-100;8.5;10.128662109375;0;4;0;0;1;0;30;1;1;0;89.142250061035156;1;0;0;0;0;5000;0;0;0;1;0;1;1;0;0;0
11810;3;1;0;1;0;1;0;-100;8.5;9.952880859375;0;4;0;0;1;0;30;1;1;0;90.314125061035156;1;0;0;0;0;5000;0;0;0;1;0;1;1;0;0;0
11910;3;1;0;1;0;1;0;-100;8.5;9.78466796875;0;0;0;0;1;0;30;0;0;0;91.435546875;1;0;0;0;0;5000;0;0;0;1;1;1;1;0;0;0
12012;21;1;0;1;0;1;0;-100;8.5;9.694580078125;0;0;0;0;1;0;30;0;0;0;92.0361328125;1;0;0;0;0;5000;0;0;0;1;1;1;1;0;0;0
12111;21;1;0;1;0;1;0;-100;8.5;9.594482421875;0;0;0;0;1;0;30;0;0;0;92.703453063964844;1;0;0;0;0;5000;0;0;0;1;1;1;1;0;0;0
12213;21;1;0;1;0;1;0;-100;8.5;9.50439453125;0;0;0;0;1;0;30;0;0;0;93.304039001464844;1;0;0;0;0;5000;0;0;0;1;1;1;1;0;0;0
12313;21;1;0;1;0;1;0;-100;8.5;9.404296875;0;0;0;0;1;0;30;0;0;0;93.971351623535156;1;0;0;0;0;5000;0;0;0;1;1;1;1;0;0;0
12412;21;1;0;1;0;1;0;-100;8.5;9.38427734375;0;0;0;0;1;0;30;0;0;0;94.104820251464844;1;0;0;0;0;5000;0;0;0;1;1;1;1;0;0;0
12513;21;1;0;1;0;1;0;-100;8.5;9.38427734375;0;0;0;0;1;0;30;0;0;0;94.104820251464844;1;0;0;0;0;5000;0;0;0;1;1;1;1;0;0;0
12613;21;1;0;1;0;1;0;-100;8.5;9.38427734375;0;0;0;0;1;0;30;0;0;0;94.104820251464844;1;0;0;0;0;5000;0;0;0;1;1;1;1;0;0;0
12713;4;1;0;1;0;1;0;-100;8.449951171875;9.337890625;1;1;0;0;1;0;30;1;1;0;94.080406188964844;1;0;0;0;0;5000;0;0;0;0;0;0;1;0;0;0
12814;4;1;0;1;0;1;0;-100;8.349853515625;9.2451171875;1;1;0;0;1;0;30;1;1;0;94.031578063964844;1;0;0;0;0;5000;0;0;0;0;0;0;1;0;0;0
12915;4;1;0;1;0;1;0;-100;8.259765625;9.16162109375;1;1;0;0;1;0;30;1;1;0;93.987632751464844;1;0;0;0;0;5000;0;0;0;0;0;0;1;0;0;0
13016;4;1;0;1;0;1;0;-100;8.15966796875;9.06884765625;1;1;0;0;1;0;30;1;1;0;93.938804626464844;1;0;0;0;0;5000;0;0;0;0;0;0;1;0;0;0
13117;4;1;0;1;0;1;0;-100;8.069580078125;8.9853515625;1;1;0;0;1;0;30;1;1;0;93.894859313964844;1;0;0;0;0;5000;0;0;0;0;0;0;1;0;0;0
13215;4;1;0;1;0;1;0;-100;7.9697265625;8.89208984375;2;2;0;0;1;0;30;1;1;0;93.850914001464844;1;0;0;0;0;5000;0;0;0;0;0;0;1;0;0;0
13318;4;1;0;1;0;1;0;-100;7.84521484375;8.77490234375;2;2;0;0;1;0;30;1;1;0;93.802085876464844;1;0;0;0;0;5000;0;0;0;0;0;0;1;0;0;0
13418;4;1;0;1;0;1;0;-100;7.733154296875;8.66943359375;2;2;0;0;1;0;30;1;1;0;93.758140563964844;1;0;0;0;0;5000;0;0;0;0;0;0;1;0;0;0
13519;4;1;0;1;0;1;0;-100;7.608642578125;8.55224609375;2;2;0;0;1;0;30;1;1;0;93.709312438964844;1;0;0;0;0;5000;0;0;0;0;0;0;1;0;0;0
13620;4;1;0;1;0;1;0;-100;7.49658203125;8.44677734375;2;2;0;0;1;0;30;1;1;0;93.665367126464844;1;0;0;0;0;5000;0;0;0;0;0;0;1;0;0;0
13720;4;1;0;1;0;1;0;-100;7.3671875;8.3251953125;3;3;0;0;1;0;30;1;1;0;93.61328125;1;0;0;0;0;5000;0;0;0;0;0;0;1;0;0;0
13820;4;1;0;1;0;1;0;-100;7.233154296875;8.199951171875;3;3;0;0;1;0;30;1;1;0;93.5546875;1;0;0;0;0;5000;0;0;0;0;0;0;1;0;0;0
13920;4;1;0;1;0;1;0;-100;7.084228515625;8.060791015625;3;3;0;0;1;0;30;1;1;0;93.489585876464844;1;0;0;0;0;5000;0;0;0;0;0;0;1;0;0;0
14021;4;1;0;1;0;1;0;-100;6.9501953125;7.935546875;3;3;0;0;1;0;30;1;1;0;93.430992126464844;1;0;0;0;0;5000;0;0;0;0;0;0;1;0;0;0
14122;4;1;0;1;0;1;0;-100;6.816162109375;7.810302734375;3;3;0;0;1;0;30;1;1;0;93.372398376464844;1;0;0;0;0;5000;0;0;0;0;0;0;1;0;0;0
14222;4;1;0;1;0;1;0;-100;6.667236328125;7.671142578125;4;4;0;0;1;0;30;1;1;0;93.307289123535156;1;0;0;0;0;5000;0;0;0;0;0;0;1;0;0;0
14322;4;1;0;1;0;1;0;-100;6.491455078125;7.507568359375;4;4;0;0;1;0;30;1;1;0;93.225914001464844;1;0;0;0;0;5000;0;0;0;0;0;0;1;0;0;0
14421;4;1;0;1;0;1;0;-100;6.333251953125;7.3603515625;4;4;0;0;1;0;30;1;1;0;93.152671813964844;1;0;0;0;0;5000;0;0;0;0;0;0;1;0;0;0
14523;4;1;0;1;0;1;0;-100;6.175048828125;7.213134765625;4;4;0;0;1;0;30;1;1;0;93.079429626464844;1;0;0;0;0;5000;0;0;0;0;0;0;1;0;0;0
14624;4;1;0;1;0;1;0;-100;5.999267578125;7.049560546875;4;4;0;0;1;0;30;1;1;1;92.998046875;1;0;0;0;0;5000;0;0;0;0;0;0;1;0;0;0
14724;4;1;0;1;0;1;0;-100;5.841064453125;6.90234375;4;4;0;0;1;0;30;1;1;1;92.9248046875;1;0;0;0;0;5000;0;0;0;0;0;0;1;0;0;0
14824;4;1;0;1;0;1;0;-100;5.665283203125;6.72119140625;4;5;0;0;1;0;30;1;1;1;92.960609436035156;1;0;0;0;0;5000;0;0;0;0;0;0;1;0;0;0
14924;4;1;0;1;0;1;0;-100;5.507080078125;6.55419921875;4;5;0;0;1;0;30;1;1;1;93.019203186035156;1;0;0;0;0;5000;0;0;0;0;0;0;1;0;0;0
15024;4;1;0;1;0;1;0;-100;5.331298828125;6.36865234375;4;5;0;0;1;0;30;1;1;1;93.084312438964844;1;0;0;0;0;5000;0;0;0;0;0;0;1;0;0;0
15125;4;1;0;1;0;1;0;-100;5.155517578125;6.18310546875;4;5;0;0;1;0;30;1;1;1;93.1494140625;1;0;0;0;0;5000;0;0;0;0;0;0;1;0;0;0
15225;4;1;0;1;0;1;0;-100;4.997314453125;6.01611328125;4;5;0;0;1;0;30;1;1;1;93.2080078125;1;0;0;0;0;5000;0;0;0;0;0;0;1;0;0;0
15326;4;1;0;1;0;1;0;-100;4.839111328125;5.84912109375;4;5;0;0;1;0;30;1;1;1;93.2666015625;1;0;0;0;0;5000;0;0;0;0;0;0;1;0;0;0
15425;4;1;0;1;0;1;0;-100;4.663330078125;5.66357421875;4;5;0;0;1;0;30;1;1;1;93.331703186035156;1;0;0;0;0;5000;0;0;0;0;0;0;1;0;0;0
15526;4;1;0;1;0;1;0;-100;4.505126953125;5.49658203125;4;5;0;0;1;0;30;1;1;1;93.390296936035156;1;0;0;0;0;5000;0;0;0;0;0;0;1;0;0;0
15626;4;1;0;1;0;1;0;-100;4.329345703125;5.31103515625;4;5;0;0;1;0;30;1;1;1;93.455406188964844;1;0;0;0;0;5000;0;0;0;0;0;0;1;0;0;0
15729;4;1;0;1;0;1;0;-100;4.171142578125;5.14404296875;4;5;0;0;1;0;30;1;1;1;93.513999938964844;1;0;0;0;0;5000;0;0;0;0;0;0;1;0;0;0
15830;4;1;0;1;0;1;0;-100;3.995361328125;4.95849609375;4;5;0;0;1;0;30;1;1;1;93.5791015625;1;0;0;0;0;5000;0;0;0;0;0;0;1;0;0;0
15933;5;1;0;1;0;1;0;-100;3.837158203125;4.79150390625;4;5;0;1;1;0;30;1;1;1;93.6376953125;1;0;0;0;0;5000;0;0;0;0;0;0;1;0;0;0
16031;5;1;0;1;0;1;0;-100;3.661376953125;4.60595703125;4;5;0;1;1;0;30;1;1;1;93.702796936035156;1;0;0;0;0;5000;0;0;0;0;0;0;1;0;0;0
16130;5;1;0;1;0;1;0;-100;3.503173828125;4.43896484375;4;5;0;1;1;0;30;1;1;1;93.761390686035156;1;0;0;0;0;5000;0;0;0;0;0;0;1;0;0;0
16232;5;1;0;1;0;1;0;-100;3.327392578125;4.25341796875;4;5;0;1;1;0;30;1;1;1;93.826499938964844;1;0;0;0;0;5000;0;0;0;0;0;0;1;0;0;0
16332;5;1;0;1;0;1;0;-100;3.169189453125;4.08642578125;4;5;0;1;1;0;30;1;1;1;93.885093688964844;1;0;0;0;0;5000;0;0;0;0;0;0;1;0;0;0
16431;6;1;0;1;0;1;0;-100;2.993408203125;3.90087890625;4;5;0;1;1;0;30;1;1;1;93.9501953125;1;0;0;0;0;5000;0;0;0;0;0;0;1;0;0;0
16530;6;1;0;1;0;1;0;-100;2.835205078125;3.73388671875;4;5;0;1;1;0;30;1;1;1;94.0087890625;1;0;0;0;0;5000;0;0;0;0;0;0;1;0;0;0
16630;6;1;0;1;0;1;0;-100;2.677001953125;3.56689453125;4;5;0;1;1;0;30;1;1;1;94.0673828125;1;0;0;0;0;5000;0;0;0;0;0;0;1;0;0;0
16732;6;1;0;1;0;1;0;-100;2.501220703125;3.38134765625;4;5;0;1;1;0;30;1;1;1;94.132484436035156;1;0;0;0;0;5000;0;0;0;0;0;0;1;0;0;0
16834;6;1;0;1;0;1;0;-100;2.343017578125;3.21435546875;4;5;0;1;1;0;30;1;1;1;94.191078186035156;1;0;0;0;0;5000;0;0;0;0;0;0;1;0;0;0
16934;7;1;0;1;0;1;0;-100;2.167236328125;3.02880859375;4;5;0;1;1;0;30;1;1;1;94.256187438964844;1;0;0;0;0;5000;0;0;0;0;0;0;1;0;0;0
17035;7;1;0;1;0;1;0;-100;2.009033203125;2.86181640625;4;5;0;1;1;0;30;1;1;1;94.314781188964844;1;0;0;0;0;5000;0;0;0;0;0;0;1;0;0;0
17136;7;1;0;1;0;1;0;-100;1.850830078125;2.69482421875;4;5;0;1;1;0;30;1;1;1;94.373374938964844;1;0;0;0;0;5000;0;0;0;0;0;0;1;0;0;0
17235;7;1;0;1;0;1;0;-100;1.675048828125;2.50927734375;4;5;0;1;1;0;30;1;1;1;94.4384765625;1;0;0;0;0;5000;0;0;0;0;0;0;1;0;0;0
17338;7;1;0;1;0;1;0;-100;1.516845703125;2.34228515625;4;5;0;1;1;0;30;1;1;1;94.4970703125;1;0;0;0;0;5000;0;0;0;0;0;0;1;0;0;0
17436;7;1;0;1;0;1;0;-100;1.341064453125;2.15673828125;4;5;0;1;1;0;30;1;1;1;94.562171936035156;1;0;0;0;0;5000;0;0;0;0;0;0;1;0;0;0
17537;7;1;0;1;0;1;0;-100;1.182861328125;1.98974609375;4;5;0;1;1;0;30;1;1;1;94.620765686035156;1;0;0;0;0;5000;0;0;0;0;0;0;1;0;0;0
17636;7;1;0;1;0;1;0;-100;1.024658203125;1.82275390625;4;5;0;1;1;0;30;1;1;1;94.679359436035156;1;0;0;0;0;5000;0;0;0;0;0;0;1;0;0;0
17737;7;1;0;1;0;1;0;-100;0.848876953125;1.63720703125;4;5;0;1;1;0;30;1;1;1;94.744468688964844;1;0;0;0;0;5000;0;0;0;0;0;0;1;0;0;0
17839;7;1;0;1;0;1;0;-100;0.673095703125;1.45166015625;4;5;0;1;1;0;30;1;1;1;94.8095703125;1;0;0;0;0;5000;0;0;0;0;0;0;1;0;0;0
17940;7;1;0;1;0;1;0;-100;0.514892578125;1.28466796875;4;5;0;1;1;0;30;1;1;1;94.8681640625;1;0;0;0;0;5000;0;0;0;0;0;0;1;0;0;0
18039;7;1;0;1;0;1;0;-100;0.339111328125;1.09912109375;4;5;0;1;1;0;30;1;1;1;94.933265686035156;1;0;0;0;0;5000;0;0;0;0;0;0;1;0;0;0
18141;7;1;0;1;0;1;0;-100;0.180908203125;0.93212890625;4;5;0;1;1;0;30;1;1;1;94.991859436035156;1;0;0;0;0;5000;0;0;0;0;0;0;1;0;0;0
18241;7;1;0;1;0;1;0;-100;0.022705078125;0.76513671875;4;5;0;1;1;0;30;1;1;1;95.050453186035156;1;0;0;0;0;5000;0;0;0;0;0;0;1;0;0;0
18342;7;1;0;1;0;1;0;-100;-0.153076171875;0.57958984375;4;5;0;1;1;0;30;1;1;1;95.109046936035156;1;0;0;0;0;5000;0;0;0;0;0;0;1;0;0;0
18441;7;1;0;1;0;1;0;-100;-0.311279296875;0.41259765625;4;5;0;1;1;0;30;1;1;1;95.174156188964844;1;0;0;0;0;5000;0;0;0;0;0;0;1;0;0;0
18544;7;1;0;1;0;1;0;-100;-0.487060546875;0.22705078125;4;5;0;1;1;0;30;1;1;1;95.2392578125;1;0;0;0;0;5000;0;0;0;0;0;0;1;0;0;0
18644;7;1;0;1;0;1;0;-100;-0.645263671875;0.06005859375;4;5;0;1;1;0;30;1;1;1;95.2978515625;1;0;0;0;0;5000;0;0;0;0;0;0;1;0;0;0
18744;7;1;0;1;0;1;0;-100;-0.821044921875;-0.12548828125;4;5;0;1;1;0;30;1;1;1;95.362953186035156;1;0;0;0;0;5000;0;0;0;0;0;0;1;0;0;0
18845;7;1;0;1;0;1;0;-100;-0.979248046875;-0.29248046875;4;5;0;1;1;0;30;1;1;1;95.421546936035156;1;0;0;0;0;5000;0;0;0;0;0;0;1;0;0;0
18946;7;1;0;1;0;1;0;-100;-1.155029296875;-0.47802734375;4;5;0;1;1;0;30;1;1;1;95.486656188964844;1;0;0;0;0;5000;0;0;0;0;0;0;1;0;0;0
19046;7;1;0;1;0;1;0;-100;-1.313232421875;-0.64501953125;4;5;0;1;1;0;30;1;1;1;95.545249938964844;1;0;0;0;0;5000;0;0;0;0;0;0;1;0;0;0
19149;7;1;0;1;0;1;0;-100;-1.489013671875;-0.83056640625;4;5;0;1;1;0;30;1;1;1;95.6103515625;1;0;0;0;0;5000;0;0;0;0;0;0;1;0;0;0
19248;7;1;0;1;0;1;0;-100;-1.647216796875;-0.99755859375;4;5;0;1;1;0;30;1;1;1;95.6689453125;1;0;0;0;0;5000;0;0;0;0;0;0;1;0;0;0
19349;7;1;0;1;0;1;0;-100;-1.822998046875;-1.18310546875;4;5;0;1;1;0;30;1;1;1;95.734046936035156;1;0;0;0;0;5000;0;0;0;0;0;0;1;0;0;0
19449;7;1;0;1;0;1;0;-100;-1.998779296875;-1.36865234375;4;5;0;1;1;0;30;1;1;1;95.792640686035156;1;0;0;0;0;5000;0;0;0;0;0;0;1;0;0;0
19550;7;1;0;1;0;1;0;-100;-2.156982421875;-1.53564453125;4;5;0;1;1;0;30;1;1;1;95.857749938964844;1;0;0;0;0;5000;0;0;0;0;0;0;1;0;0;0
19651;7;1;0;1;0;1;0;-100;-2.315185546875;-1.70263671875;4;5;0;1;1;0;30;1;1;1;95.916343688964844;1;0;0;0;0;5000;0;0;0;0;0;0;1;0;0;0
19750;7;1;0;1;0;1;0;-100;-2.490966796875;-1.88818359375;4;5;0;1;1;0;30;1;1;1;95.9814453125;1;0;0;0;0;5000;0;0;0;0;0;0;1;0;0;0
19850;7;1;0;1;0;1;0;-100;-2.649169921875;-2.05517578125;4;5;0;1;1;0;30;1;1;1;96.0400390625;1;0;0;0;0;5000;0;0;0;0;0;0;1;0;0;0
19952;7;1;0;1;0;1;0;-100;-2.77099609375;-2.22216796875;4;5;0;1;1;0;30;1;1;1;96.341148376464844;1;0;0;0;0;5000;0;0;0;0;0;0;1;0;0;0
20052;7;1;0;1;0;1;0;-100;-2.77099609375;-2.40771484375;4;5;0;1;1;0;30;1;1;1;97.578125;1;0;0;0;0;5000;0;0;0;0;0;0;1;0;0;0
20152;7;1;0;1;0;1;0;-100;-2.77099609375;-2.59326171875;4;5;0;1;1;0;30;1;1;1;98.815101623535156;1;0;0;0;0;5000;0;0;0;0;0;0;1;0;0;0
20252;7;1;0;1;0;1;0;-100;-2.77099609375;-2.76025390625;4;5;0;1;1;0;30;1;1;1;99.928382873535156;1;0;0;0;0;5000;0;0;0;0;0;0;1;0;0;0
20354;7;1;0;1;0;1;0;-100;-2.77099609375;-2.94580078125;4;5;0;1;1;0;30;1;1;1;100;1;0;0;0;0;5000;0;0;0;0;0;0;1;0;0;0
20453;7;1;0;1;0;1;0;-100;-2.77099609375;-3.11279296875;4;5;0;1;1;0;30;1;1;1;100;1;0;0;0;0;5000;0;0;0;0;0;0;1;0;0;0
20554;7;1;0;1;0;1;0;-100;-2.77099609375;-3.29833984375;4;5;0;1;1;0;30;1;1;1;100;1;0;0;0;0;5000;0;0;0;0;0;0;1;0;0;0
20653;7;1;0;1;0;1;0;-100;-2.77099609375;-3.46533203125;4;5;0;1;1;0;30;1;1;1;100;1;0;0;0;0;5000;0;0;0;0;0;0;1;0;0;0
20754;7;1;0;1;0;1;0;-100;-2.77099609375;-3.63232421875;4;5;0;1;1;0;30;1;1;1;100;1;0;0;0;0;5000;0;0;0;0;0;0;1;0;0;0
20855;7;1;0;1;0;1;0;-100;-2.77099609375;-3.81787109375;4;5;0;1;1;0;30;1;1;1;100;1;0;0;0;0;5000;0;0;0;0;0;0;1;0;0;0
20955;7;1;0;1;0;1;0;-100;-2.77099609375;-3.98486328125;4;5;0;1;1;0;30;1;1;1;100;1;0;0;0;0;5000;0;0;0;0;0;0;1;0;0;0
21056;7;1;0;1;0;1;0;-100;-2.77099609375;-4.17041015625;4;5;0;1;1;0;30;1;1;1;100;1;0;0;0;0;5000;0;0;0;0;0;0;1;0;0;0
21157;7;1;0;1;0;1;0;-100;-2.77099609375;-4.33740234375;4;5;0;1;1;0;30;1;1;1;100;1;0;0;0;0;5000;0;0;0;0;0;0;1;0;0;0
21258;7;1;0;1;0;1;0;-100;-2.77099609375;-4.52294921875;4;5;0;1;1;0;30;1;1;1;100;1;0;0;0;0;5000;0;0;0;0;0;0;1;0;0;0
21356;7;1;0;1;0;1;0;-100;-2.77099609375;-4.68994140625;4;5;0;1;1;0;30;1;1;1;100;1;0;0;0;0;5000;0;0;0;0;0;0;1;0;0;0
21457;7;1;0;1;0;1;0;-100;-2.77099609375;-4.87548828125;4;5;0;1;1;0;30;1;1;1;100;1;0;0;0;0;5000;0;0;0;0;0;0;1;0;0;0
21557;7;1;0;1;0;1;0;-100;-2.77099609375;-5.04248046875;4;5;0;1;1;0;30;1;1;1;100;1;0;0;0;0;5000;0;0;0;0;0;0;1;0;0;0
21657;7;1;0;1;0;1;0;-100;-2.77099609375;-5.20947265625;4;5;0;1;1;0;30;1;1;1;100;1;0;0;0;0;5000;0;0;0;0;0;0;1;0;0;0
21760;7;1;0;1;0;1;0;-100;-2.77099609375;-5.39501953125;4;5;0;1;1;0;30;1;1;1;100;1;0;0;0;0;5000;0;0;0;0;0;0;1;0;0;0
21860;7;1;0;1;0;1;0;-100;-2.77099609375;-5.56201171875;4;5;0;1;1;0;30;1;1;1;100;1;0;0;0;0;5000;0;0;0;0;0;0;1;0;0;0
21961;7;1;0;1;0;1;0;-100;-2.77099609375;-5.647705078125;4;5;0;1;1;0;30;1;1;1;100;1;0;0;0;0;5000;0;0;0;0;0;0;1;0;0;0
22061;7;1;0;1;0;1;0;-100;-2.77099609375;-5.647705078125;4;5;0;1;1;0;30;1;1;1;100;1;0;0;0;0;5000;0;0;0;0;0;0;1;0;0;0
22162;7;1;0;1;0;1;0;-100;-2.77099609375;-5.647705078125;4;5;0;1;1;0;30;1;1;1;100;1;0;0;0;0;5000;0;0;0;0;0;0;1;0;0;0
22264;7;1;0;1;0;1;0;-100;-2.77099609375;-5.647705078125;4;5;0;1;1;0;30;1;1;1;100;1;0;0;0;0;5000;0;0;0;0;0;0;1;0;0;0
22364;7;1;0;1;0;1;0;-100;-2.77099609375;-5.647705078125;4;5;0;1;1;0;30;1;1;1;100;1;0;0;0;0;5000;0;0;0;0;0;0;1;0;0;0
22465;7;1;0;1;0;1;0;-100;-2.77099609375;-5.647705078125;4;5;0;1;1;0;30;1;1;1;100;1;0;0;0;0;5000;0;0;0;0;0;0;1;0;0;0
22565;7;1;0;1;0;1;0;-100;-2.77099609375;-5.647705078125;4;5;0;1;1;0;30;1;1;1;100;1;0;0;0;0;5000;0;0;0;0;0;0;1;0;0;0
22664;7;1;0;1;0;1;0;-100;-2.77099609375;-5.647705078125;4;5;0;1;1;0;30;1;1;1;100;1;0;0;0;0;5000;0;0;0;0;0;0;1;0;0;0
22766;7;1;0;1;0;1;0;-100;-2.77099609375;-5.647705078125;4;5;0;1;1;0;30;1;1;1;100;1;0;0;0;0;5000;0;0;0;0;0;0;1;0;0;0
22865;7;1;0;1;0;1;0;-100;-2.77099609375;-5.647705078125;4;5;0;1;1;0;30;1;1;1;100;1;0;0;0;0;5000;0;0;0;0;0;0;1;0;0;0
22966;7;1;0;1;0;1;0;-100;-2.77099609375;-5.647705078125;4;5;0;1;1;0;30;1;1;1;100;1;0;0;0;0;5000;0;0;0;0;0;0;1;0;0;0
23066;7;1;0;1;0;1;0;-100;-2.77099609375;-5.647705078125;4;5;0;1;1;0;30;1;1;1;100;1;0;0;0;0;5000;0;0;0;0;0;0;1;0;0;0
23167;7;1;0;1;0;1;0;-100;-2.77099609375;-5.647705078125;4;5;0;1;1;0;30;1;1;1;100;1;0;0;0;0;5000;0;0;0;0;0;0;1;0;0;0
23268;7;1;0;1;0;1;0;-100;-2.77099609375;-5.647705078125;4;5;0;1;1;0;30;1;1;1;100;1;0;0;0;0;5000;0;0;0;0;0;0;1;0;0;0
23370;7;1;0;1;0;1;0;-100;-2.77099609375;-5.647705078125;4;5;0;1;1;0;30;1;1;1;100;1;0;0;0;0;5000;0;0;0;0;0;0;1;0;0;0
23469;7;1;0;1;0;1;0;-100;-2.77099609375;-5.647705078125;4;5;0;1;1;0;30;1;1;1;100;1;0;0;0;0;5000;0;0;0;0;0;0;1;0;0;0
23571;7;1;0;1;0;1;0;-100;-2.77099609375;-5.647705078125;4;5;0;1;1;0;30;1;1;1;100;1;0;0;0;0;5000;0;0;0;0;0;0;1;0;0;0
23670;7;1;0;1;0;1;0;-100;-2.77099609375;-5.647705078125;4;5;0;1;1;0;30;1;1;1;100;1;0;0;0;0;5000;0;0;0;0;0;0;1;0;0;0
23771;7;1;0;1;0;1;0;-100;-2.77099609375;-5.647705078125;4;5;0;1;1;0;30;1;1;1;100;1;0;0;0;0;5000;0;0;0;0;0;0;1;0;0;0
23871;7;1;0;1;0;1;0;-100;-2.77099609375;-5.647705078125;4;5;0;1;1;0;30;1;1;1;100;1;0;0;0;0;5000;0;0;0;0;0;0;1;0;0;0
23972;7;1;0;1;0;1;0;-100;-2.77099609375;-5.647705078125;4;5;0;1;1;0;30;1;1;1;100;1;0;0;0;0;5000;0;0;0;0;0;0;1;0;0;0
24072;7;1;0;1;0;1;0;-100;-2.77099609375;-5.647705078125;4;5;0;1;1;0;30;1;1;1;100;1;0;0;0;0;5000;0;0;0;0;0;0;1;0;0;0
24173;7;1;0;1;0;1;0;-100;-2.77099609375;-5.647705078125;4;5;0;1;1;0;30;1;1;1;100;1;0;0;0;0;5000;0;0;0;0;0;0;1;0;0;0
24273;7;1;0;1;0;1;0;-100;-2.77099609375;-5.647705078125;4;5;0;1;1;0;30;1;1;1;100;1;0;0;0;0;5000;0;0;0;0;0;0;1;0;0;0
24375;7;1;0;1;0;1;0;-100;-2.77099609375;-5.647705078125;4;5;0;1;1;0;30;1;1;1;100;1;0;0;0;0;5000;0;0;0;0;0;0;1;0;0;0
24474;7;1;0;1;0;1;0;-100;-2.77099609375;-5.647705078125;4;5;0;1;1;0;30;1;1;1;100;1;0;0;0;0;5000;0;0;0;0;0;0;1;0;0;0
24574;7;1;0;1;0;1;0;-100;-2.77099609375;-5.647705078125;4;5;0;1;1;0;30;1;1;1;100;1;0;0;0;0;5000;0;0;0;0;0;0;1;0;0;0
24673;7;1;0;1;0;1;0;-100;-2.77099609375;-5.647705078125;4;5;0;1;1;0;30;1;1;1;100;1;0;0;0;0;5000;0;0;0;0;0;0;1;0;0;0
24775;7;1;0;1;0;1;0;-100;-2.77099609375;-5.647705078125;4;5;0;1;1;0;30;1;1;1;100;1;0;0;0;0;5000;0;0;0;0;0;0;1;0;0;0
24875;7;1;0;1;0;1;0;-100;-2.77099609375;-5.647705078125;4;5;0;1;1;0;30;1;1;1;100;1;0;0;0;0;5000;0;0;0;0;0;0;1;0;0;0
24976;7;1;0;1;0;1;0;-100;-2.77099609375;-5.647705078125;4;5;0;1;1;0;30;1;1;1;100;1;0;0;0;0;5000;0;0;0;0;0;0;1;0;0;0
25075;7;1;0;1;0;1;0;-100;-2.77099609375;-5.647705078125;4;5;0;1;1;0;30;1;1;1;100;1;0;0;0;0;5000;0;0;0;0;0;0;1;0;0;0
25175;7;1;0;1;0;1;0;-100;-2.77099609375;-5.647705078125;4;5;0;1;1;0;30;1;1;1;100;1;0;0;0;0;5000;0;0;0;0;0;0;1;0;0;0
25276;7;1;0;1;0;1;0;-100;-2.77099609375;-5.647705078125;4;5;0;1;1;0;30;1;1;1;100;1;0;0;0;0;5000;0;0;0;0;0;0;1;0;0;0
25378;7;1;0;1;0;1;0;-100;-2.77099609375;-5.647705078125;4;5;0;1;1;0;30;1;1;1;100;1;0;0;0;0;5000;0;0;0;0;0;0;1;0;0;0
25476;7;1;0;1;0;1;0;-100;-2.77099609375;-5.647705078125;4;5;0;1;1;0;30;1;1;1;100;1;0;0;0;0;5000;0;0;0;0;0;0;1;0;0;0
25579;7;1;0;1;0;1;0;-100;-2.77099609375;-5.647705078125;4;5;0;1;1;0;30;1;1;1;100;1;0;0;0;0;5000;0;0;0;0;0;0;1;0;0;0
25678;7;1;0;1;0;1;0;-100;-2.77099609375;-5.647705078125;4;5;0;1;1;0;30;1;1;1;100;1;0;0;0;0;5000;0;0;0;0;0;0;1;0;0;0
25780;7;1;0;1;0;1;0;-100;-2.77099609375;-5.647705078125;4;5;0;1;1;0;30;1;1;1;100;1;0;0;0;0;5000;0;0;0;0;0;0;1;0;0;0
25879;7;1;0;1;0;1;0;-100;-2.77099609375;-5.647705078125;4;5;0;1;1;0;30;1;1;1;100;1;0;0;0;0;5000;0;0;0;0;0;0;1;0;0;0
25980;7;1;0;1;0;1;0;-100;-2.77099609375;-5.647705078125;4;5;0;1;1;0;30;1;1;1;100;1;0;0;0;0;5000;0;0;0;0;0;0;1;0;0;0
26080;7;1;0;1;0;1;0;-100;-2.77099609375;-5.647705078125;4;5;0;1;1;0;30;1;1;1;100;1;0;0;0;0;5000;0;0;0;0;0;0;1;0;0;0
26183;7;1;0;1;0;1;0;-100;-2.77099609375;-5.647705078125;4;5;0;1;1;0;30;1;1;1;100;1;0;0;0;0;5000;0;0;0;0;0;0;1;0;0;0
26282;7;1;0;1;0;1;0;-100;-2.77099609375;-5.647705078125;4;5;0;1;1;0;30;1;1;1;100;1;0;0;0;0;5000;0;0;0;0;0;0;1;0;0;0
26383;7;1;0;1;0;1;0;-100;-2.77099609375;-5.647705078125;4;5;0;1;1;0;30;1;1;1;100;1;0;0;0;0;5000;0;0;0;0;0;0;1;0;0;0
26482;7;1;0;1;0;1;0;-100;-2.77099609375;-5.647705078125;4;5;0;1;1;0;30;1;1;1;100;1;0;0;0;0;5000;0;0;0;0;0;0;1;0;0;0
26583;7;1;0;1;0;1;0;-100;-2.77099609375;-5.647705078125;4;5;0;1;1;0;30;1;1;1;100;1;0;0;0;0;5000;0;0;0;0;0;0;1;0;0;0
26683;7;1;0;1;0;1;0;-100;-2.77099609375;-5.647705078125;4;5;0;1;1;0;30;1;1;1;100;1;0;0;0;0;5000;0;0;0;0;0;0;1;0;0;0
26785;7;1;0;1;0;1;0;-100;-2.77099609375;-5.647705078125;4;5;0;1;1;0;30;1;1;1;100;1;0;0;0;0;5000;0;0;0;0;0;0;1;0;0;0
26884;7;1;0;1;0;1;0;-100;-2.77099609375;-5.647705078125;4;5;0;1;1;0;30;1;1;1;100;1;0;0;0;0;5000;0;0;0;0;0;0;1;0;0;0
26984;7;1;0;1;0;1;0;-100;-2.77099609375;-5.647705078125;4;5;0;1;1;0;30;1;1;1;100;1;0;0;0;0;5000;0;0;0;0;0;0;1;0;0;0
27085;7;1;0;1;0;1;0;-100;-2.77099609375;-5.647705078125;4;5;0;1;1;0;30;1;1;1;100;1;0;0;0;0;5000;0;0;0;0;0;0;1;0;0;0
27187;7;1;0;1;0;1;0;-100;-2.77099609375;-5.647705078125;4;5;0;1;1;0;30;1;1;1;100;1;0;0;0;0;5000;0;0;0;0;0;0;1;0;0;0
27286;7;1;0;1;0;1;0;-100;-2.77099609375;-5.647705078125;4;5;0;1;1;0;30;1;1;1;100;1;0;0;0;0;5000;0;0;0;0;0;0;1;0;0;0
27387;7;1;0;1;0;1;0;-100;-2.77099609375;-5.647705078125;4;5;0;1;1;0;30;1;1;1;100;1;0;0;0;0;5000;0;0;0;0;0;0;1;0;0;0
27486;7;1;0;1;0;1;0;-100;-2.77099609375;-5.647705078125;4;5;0;1;1;0;30;1;1;1;100;1;0;0;0;0;5000;0;0;0;0;0;0;1;0;0;0
27587;7;1;0;1;0;1;0;-100;-2.77099609375;-5.647705078125;4;5;0;1;1;0;30;1;1;1;100;1;0;0;0;0;5000;0;0;0;0;0;0;1;0;0;0
27687;7;1;0;1;0;1;0;-100;-2.77099609375;-5.647705078125;4;5;0;1;1;0;30;1;1;1;100;1;0;0;0;0;5000;0;0;0;0;0;0;1;0;0;0
27788;7;1;0;1;0;1;0;-100;-2.77099609375;-5.647705078125;4;5;0;1;1;0;30;1;1;1;100;1;0;0;0;0;5000;0;0;0;0;0;0;1;0;0;0
27888;7;1;0;1;0;1;0;-100;-2.77099609375;-5.647705078125;4;5;0;1;1;0;30;1;1;1;100;1;0;0;0;0;5000;0;0;0;0;0;0;1;0;0;0
27989;7;1;0;1;0;1;0;-100;-2.77099609375;-5.647705078125;4;5;0;1;1;0;30;1;1;1;100;1;0;0;0;0;5000;0;0;0;0;0;0;1;0;0;0
28091;7;1;0;1;0;1;0;-100;-2.77099609375;-5.647705078125;4;5;0;1;1;0;30;1;1;1;100;1;0;0;0;0;5000;0;0;0;0;0;0;1;0;0;0
28190;7;1;0;1;0;1;0;-100;-2.77099609375;-5.647705078125;4;5;0;1;1;0;30;1;1;1;100;1;0;0;0;0;5000;0;0;0;0;0;0;1;0;0;0
28292;7;1;0;1;0;1;0;-100;-2.77099609375;-5.647705078125;4;5;0;1;1;0;30;1;1;1;100;1;0;0;0;0;5000;0;0;0;0;0;0;1;0;0;0
28391;7;1;0;1;0;1;0;-100;-2.77099609375;-5.647705078125;4;5;0;1;1;0;30;1;1;1;100;1;0;0;0;0;5000;0;0;0;0;0;0;1;0;0;0
28491;7;1;0;1;0;1;0;-100;-2.77099609375;-5.647705078125;4;5;0;1;1;0;30;1;1;1;100;1;0;0;0;0;5000;0;0;0;0;0;0;1;0;0;0
28590;7;1;0;1;0;1;0;-100;-2.77099609375;-5.647705078125;4;5;0;1;1;0;30;1;1;1;100;1;0;0;0;0;5000;0;0;0;0;0;0;1;0;0;0
28692;7;1;0;1;0;1;0;-100;-2.77099609375;-5.647705078125;4;5;0;1;1;0;30;1;1;1;100;1;0;0;0;0;5000;0;0;0;0;0;0;1;0;0;0
28793;7;1;0;1;0;1;0;-100;-2.77099609375;-5.647705078125;4;5;0;1;1;0;30;1;1;1;100;1;0;0;0;0;5000;0;0;0;0;0;0;1;0;0;0
28891;7;1;0;1;0;1;0;-100;-2.77099609375;-5.647705078125;4;5;0;1;1;0;30;1;1;1;100;1;0;0;0;0;5000;0;0;0;0;0;0;1;0;0;0
28993;7;1;0;1;0;1;0;-100;-2.77099609375;-5.647705078125;4;5;0;1;1;0;30;1;1;1;100;1;0;0;0;0;5000;0;0;0;0;0;0;1;0;0;0
29095;7;1;0;1;0;1;0;-100;-2.77099609375;-5.647705078125;4;5;0;1;1;0;30;1;1;1;100;1;0;0;0;0;5000;0;0;0;0;0;0;1;0;0;0
29196;7;1;0;1;0;1;0;-100;-2.77099609375;-5.647705078125;4;5;0;1;1;0;30;1;1;1;100;1;0;0;0;0;5000;0;0;0;0;0;0;1;0;0;0
29297;7;1;0;1;0;1;0;-100;-2.77099609375;-5.647705078125;4;5;0;1;1;0;30;1;1;1;100;1;0;0;0;0;5000;0;0;0;0;0;0;1;0;0;0
29396;7;1;0;1;0;1;0;-100;-2.77099609375;-5.647705078125;4;5;0;1;1;0;30;1;1;1;100;1;0;0;0;0;5000;0;0;0;0;0;0;1;0;0;0
29497;7;1;0;1;0;1;0;-100;-2.77099609375;-5.647705078125;4;5;0;1;1;0;30;1;1;1;100;1;0;0;0;0;5000;0;0;0;0;0;0;1;0;0;0
29599;7;1;0;1;0;1;0;-100;-2.77099609375;-5.647705078125;4;5;0;1;1;0;30;1;1;1;100;1;0;0;0;0;5000;0;0;0;0;0;0;1;0;0;0
29699;7;1;0;1;0;1;0;-100;-2.77099609375;-5.647705078125;4;5;0;1;1;0;30;1;1;1;100;1;0;0;0;0;5000;0;0;0;0;0;0;1;0;0;0
29800;7;1;0;1;0;1;0;-100;-2.77099609375;-5.647705078125;4;5;0;1;1;0;30;1;1;1;100;1;0;0;0;0;5000;0;0;0;0;0;0;1;0;0;0
29900;7;1;0;1;0;1;0;-100;-2.77099609375;-5.647705078125;4;5;0;1;1;0;30;1;1;1;100;1;0;0;0;0;5000;0;0;0;0;0;0;1;0;0;0
30002;7;1;0;1;0;1;0;-100;-2.77099609375;-5.647705078125;4;5;0;1;1;0;30;1;1;1;100;1;0;0;0;0;5000;0;0;0;0;0;0;1;0;0;0
30102;7;1;0;1;0;1;0;-100;-2.77099609375;-5.647705078125;4;5;0;1;1;0;30;1;1;1;100;1;0;0;0;0;5000;0;0;0;0;0;0;1;0;0;0
30203;7;1;0;1;0;1;0;-100;-2.77099609375;-5.647705078125;4;5;0;1;1;0;30;1;1;1;100;1;0;0;0;0;5000;0;0;0;0;0;0;1;0;0;0
30304;7;1;0;1;0;1;0;-100;-2.77099609375;-5.647705078125;4;5;0;1;1;0;30;1;1;1;100;1;0;0;0;0;5000;0;0;0;0;0;0;1;0;0;0
30405;7;1;0;1;0;1;0;-100;-2.77099609375;-5.647705078125;4;5;0;1;1;0;30;1;1;1;100;1;0;0;0;0;5000;0;0;0;0;0;0;1;0;0;0
30507;7;1;0;1;0;1;0;-100;-2.77099609375;-5.647705078125;4;5;0;1;1;0;30;1;1;1;100;1;0;0;0;0;5000;0;0;0;0;0;0;1;0;0;0
30608;7;1;0;1;0;1;0;-100;-2.77099609375;-5.647705078125;4;5;0;1;1;0;30;1;1;1;100;1;0;0;0;0;5000;0;0;0;0;0;0;1;0;0;0
30710;7;1;0;1;0;1;0;-100;-2.77099609375;-5.647705078125;4;5;0;1;1;0;30;1;1;1;100;1;0;0;0;0;5000;0;0;0;0;0;0;1;0;0;0
30809;7;1;0;1;0;1;0;-100;-2.77099609375;-5.647705078125;4;5;0;1;1;0;30;1;1;1;100;1;0;0;0;0;5000;0;0;0;0;0;0;1;0;0;0
30910;7;1;0;1;0;1;0;-100;-2.77099609375;-5.647705078125;4;5;0;1;1;0;30;1;1;1;100;1;0;0;0;0;5000;0;0;0;0;0;0;1;0;0;0
31012;7;1;0;1;0;1;0;-100;-2.77099609375;-5.647705078125;4;5;0;1;1;0;30;1;1;1;100;1;0;0;0;0;5000;0;0;0;0;0;0;1;0;0;0
31112;7;1;0;1;0;1;0;-100;-2.77099609375;-5.647705078125;4;5;0;1;1;0;30;1;1;1;100;1;0;0;0;0;5000;0;0;0;0;0;0;1;0;0;0
31213;7;1;0;1;0;1;0;-100;-2.77099609375;-5.647705078125;4;5;0;1;1;0;30;1;1;1;100;1;0;0;0;0;5000;0;0;0;0;0;0;1;0;0;0
31315;7;1;0;1;0;1;0;-100;-2.77099609375;-5.647705078125;4;5;0;1;1;0;30;1;1;1;100;1;0;0;0;0;5000;0;0;0;0;0;0;1;0;0;0
31416;7;1;0;1;0;1;0;-100;-2.77099609375;-5.647705078125;4;5;0;1;1;0;30;1;1;1;100;1;0;0;0;0;5000;0;0;0;0;0;0;1;0;0;0
31514;7;1;0;1;0;1;0;-100;-2.77099609375;-5.647705078125;4;5;0;1;1;0;30;1;1;1;100;1;0;0;0;0;5000;0;0;0;0;0;0;1;0;0;0
31616;7;1;0;1;0;1;0;-100;-2.77099609375;-5.647705078125;4;5;0;1;1;0;30;1;1;1;100;1;0;0;0;0;5000;0;0;0;0;0;0;1;0;0;0
31715;7;1;0;1;0;1;0;-100;-2.77099609375;-5.647705078125;4;5;0;1;1;0;30;1;1;1;100;1;0;0;0;0;5000;0;0;0;0;0;0;1;0;0;0
31818;7;1;0;1;0;1;0;-100;-2.77099609375;-5.647705078125;4;5;0;1;1;0;30;1;1;1;100;1;0;0;0;0;5000;0;0;0;0;0;0;1;0;0;0
31918;7;1;0;1;0;1;0;-100;-2.77099609375;-5.647705078125;4;5;0;1;1;0;30;1;1;1;100;1;0;0;0;0;5000;0;0;0;0;0;0;1;0;0;0
32018;7;1;0;1;0;1;0;-100;-2.77099609375;-5.647705078125;4;5;0;1;1;0;30;1;1;1;100;1;0;0;0;0;5000;0;0;0;0;0;0;1;0;0;0
32120;7;1;0;1;0;1;0;-100;-2.77099609375;-5.647705078125;4;5;0;1;1;0;30;1;1;1;100;1;0;0;0;0;5000;0;0;0;0;0;0;1;0;0;0
32222;7;1;0;1;0;1;0;-100;-2.77099609375;-5.647705078125;4;5;0;1;1;0;30;1;1;1;100;1;0;0;0;0;5000;0;0;0;0;0;0;1;0;0;0
32322;7;1;0;1;0;1;0;-100;-2.77099609375;-5.647705078125;4;5;0;1;1;0;30;1;1;1;100;1;0;0;0;0;5000;0;0;0;0;0;0;1;0;0;0
32422;7;1;0;1;0;1;0;-100;-2.77099609375;-5.647705078125;4;5;0;1;1;0;30;1;1;1;100;1;0;0;0;0;5000;0;0;0;0;0;0;1;0;0;0
32524;7;1;0;1;0;1;0;-100;-2.77099609375;-5.647705078125;4;5;0;1;1;0;30;1;1;1;100;1;0;0;0;0;5000;0;0;0;0;0;0;1;0;0;0
32623;7;1;0;1;0;1;0;-100;-2.77099609375;-5.647705078125;4;5;0;1;1;0;30;1;1;1;100;1;0;0;0;0;5000;0;0;0;0;0;0;1;0;0;0
32721;7;1;0;1;0;1;0;-100;-2.77099609375;-5.647705078125;4;5;0;1;1;0;30;1;1;1;100;1;0;0;0;0;5000;0;0;0;0;0;0;1;0;0;0
32823;7;1;0;1;0;1;0;-100;-2.77099609375;-5.647705078125;4;5;0;1;1;0;30;1;1;1;100;1;0;0;0;0;5000;0;0;0;0;0;0;1;0;0;0
32923;7;1;0;1;0;1;0;-100;-2.77099609375;-5.647705078125;4;5;0;1;1;0;30;1;1;1;100;1;0;0;0;0;5000;0;0;0;0;0;0;1;0;0;0
33024;7;1;0;1;0;1;0;-100;-2.77099609375;-5.647705078125;4;5;0;1;1;0;30;1;1;1;100;1;0;0;0;0;5000;0;0;0;0;0;0;1;0;0;0
33125;7;1;0;1;0;1;0;-100;-2.77099609375;-5.647705078125;4;5;0;1;1;0;30;1;1;1;100;1;0;0;0;0;5000;0;0;0;0;0;0;1;0;0;0
33224;7;1;0;1;0;1;0;-100;-2.77099609375;-5.647705078125;4;5;0;1;1;0;30;1;1;1;100;1;0;0;0;0;5000;0;0;0;0;0;0;1;0;0;0
33325;7;1;0;1;0;1;0;-100;-2.77099609375;-5.647705078125;4;5;0;1;1;0;30;1;1;1;100;1;0;0;0;0;5000;0;0;0;0;0;0;1;0;0;0
33427;7;1;0;1;0;1;0;-100;-2.77099609375;-5.647705078125;4;5;0;1;1;0;30;1;1;1;100;1;0;0;0;0;5000;0;0;0;0;0;0;1;0;0;0
33528;7;1;0;1;0;1;0;-100;-2.77099609375;-5.647705078125;4;5;0;1;1;0;30;1;1;1;100;1;0;0;0;0;5000;0;0;0;0;0;0;1;0;0;0
33628;7;1;0;1;0;1;0;-100;-2.77099609375;-5.647705078125;4;5;0;1;1;0;30;1;1;1;100;1;0;0;0;0;5000;0;0;0;0;0;0;1;0;0;0
33730;7;1;0;1;0;1;0;-100;-2.77099609375;-5.647705078125;4;5;0;1;1;0;30;1;1;1;100;1;0;0;0;0;5000;0;0;0;0;0;0;1;0;0;0
33831;7;1;0;1;0;1;0;-100;-2.77099609375;-5.647705078125;4;5;0;1;1;0;30;1;1;1;100;1;0;0;0;0;5000;0;0;0;0;0;0;1;0;0;0
33930;7;1;0;1;0;1;0;-100;-2.77099609375;-5.647705078125;4;5;0;1;1;0;30;1;1;1;100;1;0;0;0;0;5000;0;0;0;0;0;0;1;0;0;0
34031;7;1;0;1;0;1;0;-100;-2.77099609375;-5.647705078125;4;5;0;1;1;0;30;1;1;1;100;1;0;0;0;0;5000;0;0;0;0;0;0;1;0;0;0
34132;7;1;0;1;0;1;0;-100;-2.77099609375;-5.647705078125;4;5;0;1;1;0;30;1;1;1;100;1;0;0;0;0;5000;0;0;0;0;0;0;1;0;0;0
34232;7;1;0;1;0;1;0;-100;-2.77099609375;-5.647705078125;4;5;0;1;1;0;30;1;1;1;100;1;0;0;0;0;5000;0;0;0;0;0;0;1;0;0;0
34332;7;1;0;1;0;1;0;-100;-2.77099609375;-5.647705078125;4;4;0;1;1;0;30;1;1;1;100;1;0;0;0;0;5000;0;0;0;0;0;0;1;0;0;0
34432;7;1;0;1;0;1;0;-100;-2.77099609375;-5.647705078125;4;4;0;1;1;0;30;1;1;1;100;1;0;0;0;0;5000;0;0;0;0;0;0;1;0;0;0
34533;7;1;0;1;0;1;0;-100;-2.77099609375;-5.647705078125;4;4;0;1;1;0;30;1;1;1;100;1;0;0;0;0;5000;0;0;0;0;0;0;1;0;0;0
34632;7;1;0;1;0;1;0;-100;-2.77099609375;-5.647705078125;4;4;0;1;1;0;30;1;1;1;100;1;0;0;0;0;5000;0;0;0;0;0;0;1;0;0;0
34733;7;1;0;1;0;1;0;-100;-2.77099609375;-5.647705078125;4;4;0;1;1;0;30;1;1;1;100;1;0;0;0;0;5000;0;0;0;0;0;0;1;0;0;0
34834;7;1;0;1;0;1;0;-100;-2.77099609375;-5.647705078125;4;4;0;1;1;0;30;1;1;1;100;1;0;0;0;0;5000;0;0;0;0;0;0;1;0;0;0
34932;7;1;0;1;0;1;0;-100;-2.77099609375;-5.647705078125;4;4;0;1;1;0;30;1;1;1;100;1;0;0;0;0;5000;0;0;0;0;0;0;1;0;0;0
35034;7;1;0;1;0;1;0;-100;-2.77099609375;-5.647705078125;4;4;0;1;1;0;30;1;1;1;100;1;0;0;0;0;5000;0;0;0;0;0;0;1;0;0;0
35134;7;1;0;1;0;1;0;-100;-2.77099609375;-5.647705078125;4;4;0;1;1;0;30;1;1;1;100;1;0;0;0;0;5000;0;0;0;0;0;0;1;0;0;0
35234;7;1;0;1;0;1;0;-100;-2.77099609375;-5.647705078125;4;4;0;1;1;0;30;1;1;1;100;1;0;0;0;0;5000;0;0;0;0;0;0;1;0;0;0
35334;7;1;0;1;0;1;0;-100;-2.77099609375;-5.647705078125;4;4;0;1;1;0;30;1;1;1;100;1;0;0;0;0;5000;0;0;0;0;0;0;1;0;0;0
35434;7;1;0;1;0;1;0;-100;-2.77099609375;-5.647705078125;4;4;0;1;1;0;30;1;1;1;100;1;0;0;0;0;5000;0;0;0;0;0;0;1;0;0;0
35535;7;1;0;1;0;1;0;-100;-2.77099609375;-5.647705078125;4;4;0;1;1;0;30;1;1;1;100;1;0;0;0;0;5000;0;0;0;0;0;0;1;0;0;0
35635;7;1;0;1;0;1;0;-100;-2.77099609375;-5.647705078125;4;4;0;1;1;0;30;1;1;1;100;1;0;0;0;0;5000;0;0;0;0;0;0;1;0;0;0
35735;7;1;0;1;0;1;0;-100;-2.77099609375;-5.647705078125;4;4;0;1;1;0;30;1;1;1;100;1;0;0;0;0;5000;0;0;0;0;0;0;1;0;0;0
35837;7;1;0;1;0;1;0;-100;-2.77099609375;-5.647705078125;4;4;0;1;1;0;30;1;1;1;100;1;0;0;0;0;5000;0;0;0;0;0;0;1;0;0;0
35938;7;1;0;1;0;1;0;-100;-2.77099609375;-5.647705078125;4;4;0;1;1;0;30;1;1;1;100;1;0;0;0;0;5000;0;0;0;0;0;0;1;0;0;0
36038;7;1;0;1;0;1;0;-100;-2.77099609375;-5.647705078125;4;4;0;1;1;0;30;1;1;1;100;1;0;0;0;0;5000;0;0;0;0;0;0;1;0;0;0
36137;7;1;0;1;0;1;0;-100;-2.77099609375;-5.647705078125;4;4;0;1;1;0;30;1;1;1;100;1;0;0;0;0;5000;0;0;0;0;0;0;1;0;0;0
36238;7;1;0;1;0;1;0;-100;-2.77099609375;-5.647705078125;4;4;0;1;1;0;30;1;1;1;100;1;0;0;0;0;5000;0;0;0;0;0;0;1;0;0;0
36339;7;1;0;1;0;1;0;-100;-2.77099609375;-5.647705078125;4;4;0;1;1;0;30;1;1;1;100;1;0;0;0;0;5000;0;0;0;0;0;0;1;0;0;0
36439;7;1;0;1;0;1;0;-100;-2.77099609375;-5.647705078125;4;4;0;1;1;0;30;1;1;1;100;1;0;0;0;0;5000;0;0;0;0;0;0;1;0;0;0
36541;7;1;0;1;0;1;0;-100;-2.77099609375;-5.647705078125;4;4;0;1;1;0;30;1;1;1;100;1;0;0;0;0;5000;0;0;0;0;0;0;1;0;0;0
36643;7;1;0;1;0;1;0;-100;-2.77099609375;-5.647705078125;4;4;0;1;1;0;30;1;1;1;100;1;0;0;0;0;5000;0;0;0;0;0;0;1;0;0;0
36743;7;1;0;1;0;1;0;-100;-2.77099609375;-5.647705078125;4;4;0;1;1;0;30;1;1;1;100;1;0;0;0;0;5000;0;0;0;0;0;0;1;0;0;0
36843;7;1;0;1;0;1;0;-100;-2.77099609375;-5.647705078125;4;4;0;1;1;0;30;1;1;1;100;1;0;0;0;0;5000;0;0;0;0;0;0;1;0;0;0
36943;7;1;0;1;0;1;0;-100;-2.77099609375;-5.647705078125;4;4;0;1;1;0;30;1;1;1;100;1;0;0;0;0;5000;0;0;0;0;0;0;1;0;0;0
37045;7;1;0;1;0;1;0;-100;-2.77099609375;-5.647705078125;4;4;0;1;1;0;30;1;1;1;100;1;0;0;0;0;5000;0;0;0;0;0;0;1;0;0;0
37144;7;1;0;1;0;1;0;-100;-2.77099609375;-5.647705078125;4;4;0;1;1;0;30;1;1;1;100;1;0;0;0;0;5000;0;0;0;0;0;0;1;0;0;0
37244;7;1;0;1;0;1;0;-100;-2.77099609375;-5.647705078125;4;4;0;1;1;0;30;1;1;1;100;1;0;0;0;0;5000;0;0;0;0;0;0;1;0;0;0
37344;7;1;0;1;0;1;0;-100;-2.77099609375;-5.647705078125;4;4;0;1;1;0;30;1;1;1;100;1;0;0;0;0;5000;0;0;0;0;0;0;1;0;0;0
37445;7;1;0;1;0;1;0;-100;-2.77099609375;-5.647705078125;4;4;0;1;1;0;30;1;1;1;100;1;0;0;0;0;5000;0;0;0;0;0;0;1;0;0;0
37545;7;1;0;1;0;1;0;-100;-2.77099609375;-5.647705078125;4;4;0;1;1;0;30;1;1;1;100;1;0;0;0;0;5000;0;0;0;0;0;0;1;0;0;0
37646;7;1;0;1;0;1;0;-100;-2.77099609375;-5.647705078125;4;4;0;1;1;0;30;1;1;1;100;1;0;0;0;0;5000;0;0;0;0;0;0;1;0;0;0
37746;7;1;0;1;0;1;0;-100;-2.77099609375;-5.647705078125;4;4;0;1;1;0;30;1;1;1;100;1;0;0;0;0;5000;0;0;0;0;0;0;1;0;0;0
37846;7;1;0;1;0;1;0;-100;-2.77099609375;-5.647705078125;4;4;0;1;1;0;30;1;1;1;100;1;0;0;0;0;5000;0;0;0;0;0;0;1;0;0;0
37947;7;1;0;1;0;1;0;-100;-2.77099609375;-5.647705078125;4;4;0;1;1;0;30;1;1;1;100;1;0;0;0;0;5000;0;0;0;0;0;0;1;0;0;0
38049;7;1;0;1;0;1;0;-100;-2.77099609375;-5.647705078125;4;4;0;1;1;0;30;1;1;1;100;1;0;0;0;0;5000;0;0;0;0;0;0;1;0;0;0
38150;7;1;0;1;0;1;0;-100;-2.77099609375;-5.647705078125;4;4;0;1;1;0;30;1;1;1;100;1;0;0;0;0;5000;0;0;0;0;0;0;1;0;0;0
38249;7;1;0;1;0;1;0;-100;-2.77099609375;-5.647705078125;4;4;0;1;1;0;30;1;1;1;100;1;0;0;0;0;5000;0;0;0;0;0;0;1;0;0;0
38349;7;1;0;1;0;1;0;-100;-2.77099609375;-5.647705078125;4;4;0;1;1;0;30;1;1;1;100;1;0;0;0;0;5000;0;0;0;0;0;0;1;0;0;0
38451;7;1;0;1;0;1;0;-100;-2.77099609375;-5.647705078125;4;4;0;1;1;0;30;1;1;1;100;1;0;0;0;0;5000;0;0;0;0;0;0;1;0;0;0
38552;7;1;0;1;0;1;0;-100;-2.77099609375;-5.647705078125;4;4;0;1;1;0;30;1;1;1;100;1;0;0;0;0;5000;0;0;0;0;0;0;1;0;0;0
38652;7;1;0;1;0;1;0;-100;-2.77099609375;-5.647705078125;4;4;0;1;1;0;30;1;1;1;100;1;0;0;0;0;5000;0;0;0;0;0;0;1;0;0;0
38753;7;1;0;1;0;1;0;-100;-2.77099609375;-5.647705078125;4;4;0;1;1;0;30;1;1;1;100;1;0;0;0;0;5000;0;0;0;0;0;0;1;0;0;0
38856;7;1;0;1;0;1;0;-100;-2.77099609375;-5.647705078125;4;4;0;1;1;0;30;1;1;1;100;1;0;0;0;0;5000;0;0;0;0;0;0;1;0;0;0
38954;7;1;0;1;0;1;0;-100;-2.77099609375;-5.647705078125;4;4;0;1;1;0;30;1;1;1;100;1;0;0;0;0;5000;0;0;0;0;0;0;1;0;0;0
39056;7;1;0;1;0;1;0;-100;-2.77099609375;-5.647705078125;4;4;0;1;1;0;30;1;1;1;100;1;0;0;0;0;5000;0;0;0;0;0;0;1;0;0;0
39155;7;1;0;1;0;1;0;-100;-2.77099609375;-5.647705078125;4;4;0;1;1;0;30;1;1;1;100;1;0;0;0;0;5000;0;0;0;0;0;0;1;0;0;0
39256;7;1;0;1;0;1;0;-100;-2.77099609375;-5.647705078125;4;4;0;1;1;0;30;1;1;1;100;1;0;0;0;0;5000;0;0;0;0;0;0;1;0;0;0
39355;7;1;0;1;0;1;0;-100;-2.77099609375;-5.647705078125;4;4;0;1;1;0;30;1;1;1;100;1;0;0;0;0;5000;0;0;0;0;0;0;1;0;0;0
39455;7;1;0;1;0;1;0;-100;-2.77099609375;-5.647705078125;4;4;0;1;1;0;30;1;1;1;100;1;0;0;0;0;5000;0;0;0;0;0;0;1;0;0;0
39555;7;1;0;1;0;1;0;-100;-2.77099609375;-5.647705078125;4;4;0;1;1;0;30;1;1;1;100;1;0;0;0;0;5000;0;0;0;0;0;0;1;0;0;0
39657;7;1;0;1;0;1;0;-100;-2.77099609375;-5.647705078125;4;4;0;1;1;0;30;1;1;1;100;1;0;0;0;0;5000;0;0;0;0;0;0;1;0;0;0
39758;7;1;0;1;0;1;0;-100;-2.77099609375;-5.647705078125;4;4;0;1;1;0;30;1;1;1;100;1;0;0;0;0;5000;0;0;0;0;0;0;1;0;0;0
39857;7;1;0;1;0;1;0;-100;-2.77099609375;-5.647705078125;4;4;0;1;1;0;30;1;1;1;100;1;0;0;0;0;5000;0;0;0;0;0;0;1;0;0;0
39957;7;1;0;1;0;1;0;-100;-2.77099609375;-5.647705078125;4;4;0;1;1;0;30;1;1;1;100;1;0;0;0;0;5000;0;0;0;0;0;0;1;0;0;0
40059;7;1;0;1;0;1;0;-100;-2.77099609375;-5.647705078125;4;4;0;1;1;0;30;1;1;1;100;1;0;0;0;0;5000;0;0;0;0;0;0;1;0;0;0
40160;7;1;0;1;0;1;0;-100;-2.77099609375;-5.647705078125;4;4;0;1;1;0;30;1;1;1;100;1;0;0;0;0;5000;0;0;0;0;0;0;1;0;0;0
40259;7;1;0;1;0;1;0;-100;-2.77099609375;-5.647705078125;4;4;0;1;1;0;30;1;1;1;100;1;0;0;0;0;5000;0;0;0;0;0;0;1;0;0;0
40360;7;1;0;1;0;1;0;-100;-2.77099609375;-5.647705078125;4;4;0;1;1;0;30;1;1;1;100;1;0;0;0;0;5000;0;0;0;0;0;0;1;0;0;0
40461;7;1;0;1;0;1;0;-100;-2.77099609375;-5.647705078125;4;4;0;1;1;0;30;1;1;1;100;1;0;0;0;0;5000;0;0;0;0;0;0;1;0;0;0
40565;7;1;0;1;0;1;0;-100;-2.77099609375;-5.647705078125;4;4;0;1;1;0;30;1;1;1;100;1;0;0;0;0;5000;0;0;0;0;0;0;1;0;0;0
40666;7;1;0;1;0;1;0;-100;-2.77099609375;-5.647705078125;4;4;0;1;1;0;30;1;1;1;100;1;0;0;0;0;5000;0;0;0;0;0;0;1;0;0;0
40766;7;1;0;1;0;1;0;-100;-2.77099609375;-5.647705078125;4;4;0;1;1;0;30;1;1;1;100;1;0;0;0;0;5000;0;0;0;0;0;0;1;0;0;0
40866;7;1;0;1;0;1;0;-100;-2.77099609375;-5.647705078125;4;4;0;1;1;0;30;1;1;1;100;1;0;0;0;0;5000;0;0;0;0;0;0;1;0;0;0
40966;7;1;0;1;0;1;0;-100;-2.77099609375;-5.647705078125;4;4;0;1;1;0;30;1;1;1;100;1;0;0;0;0;5000;0;0;0;0;0;0;1;0;0;0
41067;7;1;0;1;0;1;0;-100;-2.77099609375;-5.647705078125;4;4;0;1;1;0;30;1;1;1;100;1;0;0;0;0;5000;0;0;0;0;0;0;1;0;0;0
41166;7;1;0;1;0;1;0;-100;-2.77099609375;-5.647705078125;4;4;0;1;1;0;30;1;1;1;100;1;0;0;0;0;5000;0;0;0;0;0;0;1;0;0;0
41266;7;1;0;1;0;1;0;-100;-2.77099609375;-5.647705078125;4;4;0;1;1;0;30;1;1;1;100;1;0;0;0;0;5000;0;0;0;0;0;0;1;0;0;0
41367;7;1;0;1;0;1;0;-100;-2.77099609375;-5.647705078125;4;4;0;1;1;0;30;1;1;1;100;1;0;0;0;0;5000;0;0;0;0;0;0;1;0;0;0
41466;7;1;0;1;0;1;0;-100;-2.77099609375;-5.647705078125;4;4;0;1;1;0;30;1;1;1;100;1;0;0;0;0;5000;0;0;0;0;0;0;1;0;0;0
41568;7;1;0;1;0;1;0;-100;-2.77099609375;-5.647705078125;4;4;0;1;1;0;30;1;1;1;100;1;0;0;0;0;5000;0;0;0;0;0;0;1;0;0;0
41670;7;1;0;1;0;1;0;-100;-2.77099609375;-5.647705078125;4;4;0;1;1;0;30;1;1;1;100;1;0;0;0;0;5000;0;0;0;0;0;0;1;0;0;0
41769;7;1;0;1;0;1;0;-100;-2.77099609375;-5.647705078125;4;4;0;1;1;0;30;1;1;1;100;1;0;0;0;0;5000;0;0;0;0;0;0;1;0;0;0
41872;7;1;0;1;0;1;0;-100;-2.77099609375;-5.647705078125;4;4;0;1;1;0;30;1;1;1;100;1;0;0;0;0;5000;0;0;0;0;0;0;1;0;0;0
41971;7;1;0;1;0;1;0;-100;-2.77099609375;-5.647705078125;4;4;0;1;1;0;30;1;1;1;100;1;0;0;0;0;5000;0;0;0;0;0;0;1;0;0;0
42071;7;1;0;1;0;1;0;-100;-2.77099609375;-5.647705078125;4;4;0;1;1;0;30;1;1;1;100;1;0;0;0;0;5000;0;0;0;0;0;0;1;0;0;0
42172;7;1;0;1;0;1;0;-100;-2.77099609375;-5.647705078125;4;4;0;1;1;0;30;1;1;1;100;1;0;0;0;0;5000;0;0;0;0;0;0;1;0;0;0
42273;7;1;0;1;0;1;0;-100;-2.77099609375;-5.647705078125;4;4;0;1;1;0;30;1;1;1;100;1;0;0;0;0;5000;0;0;0;0;0;0;1;0;0;0
42373;7;1;0;1;0;1;0;-100;-2.77099609375;-5.647705078125;4;4;0;1;1;0;30;1;1;1;100;1;0;0;0;0;5000;0;0;0;0;0;0;1;0;0;0
42475;7;1;0;1;0;1;0;-100;-2.77099609375;-5.647705078125;4;4;0;1;1;0;30;1;1;1;100;1;0;0;0;0;5000;0;0;0;0;0;0;1;0;0;0
42575;7;1;0;1;0;1;0;-100;-2.77099609375;-5.647705078125;4;4;0;1;1;0;30;1;1;1;100;1;0;0;0;0;5000;0;0;0;0;0;0;1;0;0;0
42675;7;1;0;1;0;1;0;-100;-2.77099609375;-5.647705078125;4;4;0;1;1;0;30;1;1;1;100;1;0;0;0;0;5000;0;0;0;0;0;0;1;0;0;0
42776;7;1;0;1;0;1;0;-100;-2.77099609375;-5.647705078125;4;4;0;1;1;0;30;1;1;1;100;1;0;0;0;0;5000;0;0;0;0;0;0;1;0;0;0
42875;7;1;0;1;0;1;0;-100;-2.77099609375;-5.647705078125;4;4;0;1;1;0;30;1;1;1;100;1;0;0;0;0;5000;0;0;0;0;0;0;1;0;0;0
42977;7;1;0;1;0;1;0;-100;-2.77099609375;-5.647705078125;4;4;0;1;1;0;30;1;1;1;100;1;0;0;0;0;5000;0;0;0;0;0;0;1;0;0;0
43079;7;1;0;1;0;1;0;-100;-2.77099609375;-5.647705078125;4;4;0;1;1;0;30;1;1;1;100;1;0;0;0;0;5000;0;0;0;0;0;0;1;0;0;0
43180;7;1;0;1;0;1;0;-100;-2.77099609375;-5.647705078125;4;4;0;1;1;0;30;1;1;1;100;1;0;0;0;0;5000;0;0;0;0;0;0;1;0;0;0
43279;7;1;0;1;0;1;0;-100;-2.77099609375;-5.647705078125;4;4;0;1;1;0;30;1;1;1;100;1;0;0;0;0;5000;0;0;0;0;0;0;1;0;0;0
43381;7;1;0;1;0;1;0;-100;-2.77099609375;-5.647705078125;4;4;0;1;1;0;30;1;1;1;100;1;0;0;0;0;5000;0;0;0;0;0;0;1;0;0;0
43480;7;1;0;1;0;1;0;-100;-2.77099609375;-5.647705078125;4;4;0;1;1;0;30;1;1;1;100;1;0;0;0;0;5000;0;0;0;0;0;0;1;0;0;0
43583;7;1;0;1;0;1;0;-100;-2.77099609375;-5.647705078125;4;4;0;1;1;0;30;1;1;1;100;1;0;0;0;0;5000;0;0;0;0;0;0;1;0;0;0
43682;7;1;0;1;0;1;0;-100;-2.77099609375;-5.647705078125;4;4;0;1;1;0;30;1;1;1;100;1;0;0;0;0;5000;0;0;0;0;0;0;1;0;0;0
43782;7;1;0;1;0;1;0;-100;-2.77099609375;-5.647705078125;4;4;0;1;1;0;30;1;1;1;100;1;0;0;0;0;5000;0;0;0;0;0;0;1;0;0;0
43883;7;1;0;1;0;1;0;-100;-2.77099609375;-5.647705078125;4;4;0;1;1;0;30;1;1;1;100;1;0;0;0;0;5000;0;0;0;0;0;0;1;0;0;0
43984;7;1;0;1;0;1;0;-100;-2.77099609375;-5.647705078125;4;4;0;1;1;0;30;1;1;1;100;1;0;0;0;0;5000;0;0;0;0;0;0;1;0;0;0
44085;7;1;0;1;0;1;0;-100;-2.77099609375;-5.647705078125;4;4;0;1;1;0;30;1;1;1;100;1;0;0;0;0;5000;0;0;0;0;0;0;1;0;0;0
44185;7;1;0;1;0;1;0;-100;-2.77099609375;-5.647705078125;4;4;0;1;1;0;30;1;1;1;100;1;0;0;0;0;5000;0;0;0;0;0;0;1;0;0;0
44289;7;1;0;1;0;1;0;-100;-2.77099609375;-5.647705078125;4;4;0;1;1;0;30;1;1;1;100;1;0;0;0;0;5000;0;0;0;0;0;0;1;0;0;0
44388;7;1;0;1;0;1;0;-100;-2.77099609375;-5.647705078125;4;4;0;1;1;0;30;1;1;1;100;1;0;0;0;0;5000;0;0;0;0;0;0;1;0;0;0
44490;7;1;0;1;0;1;0;-100;-2.77099609375;-5.647705078125;4;4;0;1;1;0;30;1;1;1;100;1;0;0;0;0;5000;0;0;0;0;0;0;1;0;0;0
44590;7;1;0;1;0;1;0;-100;-2.77099609375;-5.647705078125;4;4;0;1;1;0;30;1;1;1;100;1;0;0;0;0;5000;0;0;0;0;0;0;1;0;0;0
44692;7;1;0;1;0;1;0;-100;-2.77099609375;-5.647705078125;4;4;0;1;1;0;30;1;1;1;100;1;0;0;0;0;5000;0;0;0;0;0;0;1;0;0;0
44792;7;1;0;1;0;1;0;-100;-2.77099609375;-5.647705078125;4;4;0;1;1;0;30;1;1;1;100;1;0;0;0;0;5000;0;0;0;0;0;0;1;0;0;0
44891;7;1;0;1;0;1;0;-100;-2.77099609375;-5.647705078125;4;4;0;1;1;0;30;1;1;1;100;1;0;0;0;0;5000;0;0;0;0;0;0;1;0;0;0
44993;7;1;0;1;0;1;0;-100;-2.77099609375;-5.647705078125;4;4;0;1;1;0;30;1;1;1;100;1;0;0;0;0;5000;0;0;0;0;0;0;1;0;0;0
45093;7;1;0;1;0;1;0;-100;-2.77099609375;-5.647705078125;4;4;0;1;1;0;30;1;1;1;100;1;0;0;0;0;5000;0;0;0;0;0;0;1;0;0;0
45194;7;1;0;1;0;1;0;-100;-2.77099609375;-5.647705078125;4;4;0;1;1;0;30;1;1;1;100;1;0;0;0;0;5000;0;0;0;0;0;0;1;0;0;0
45295;7;1;0;1;0;1;0;-100;-2.77099609375;-5.647705078125;4;4;0;1;1;0;30;1;1;1;100;1;0;0;0;0;5000;0;0;0;0;0;0;1;0;0;0
45395;7;1;0;1;0;1;0;-100;-2.77099609375;-5.647705078125;4;4;0;1;1;0;30;1;1;1;100;1;0;0;0;0;5000;0;0;0;0;0;0;1;0;0;0
45496;7;1;0;1;0;1;0;-100;-2.77099609375;-5.647705078125;4;4;0;1;1;0;30;1;1;1;100;1;0;0;0;0;5000;0;0;0;0;0;0;1;0;0;0
